{
"type": "FeatureCollection",
"name": "Red de alumbrado mar-2025",
"crs": { "type": "name", "properties": { "name": "urn:ogc:def:crs:OGC:1.3:CRS84" } },
"features": [
{ "type": "Feature", "properties": { "id": 1, "tipo": null, "Potencia": null, "Columna": null }, "geometry": { "type": "MultiPoint", "coordinates": [ [ -58.789799, -38.151619, 102.609619 ] ] } },
{ "type": "Feature", "properties": { "id": 2, "tipo": null, "Potencia": null, "Columna": null }, "geometry": { "type": "MultiPoint", "coordinates": [ [ -58.790691, -38.150908, 102.609619 ] ] } },
{ "type": "Feature", "properties": { "id": 3, "tipo": null, "Potencia": null, "Columna": null }, "geometry": { "type": "MultiPoint", "coordinates": [ [ -58.793549, -38.152088, 102.61895 ] ] } },
{ "type": "Feature", "properties": { "id": 4, "tipo": null, "Potencia": null, "Columna": null }, "geometry": { "type": "MultiPoint", "coordinates": [ [ -58.789633, -38.150884, 102.628281 ] ] } },
{ "type": "Feature", "properties": { "id": 5, "tipo": null, "Potencia": null, "Columna": null }, "geometry": { "type": "MultiPoint", "coordinates": [ [ -58.788195, -38.149686, 102.628281 ] ] } },
{ "type": "Feature", "properties": { "id": 6, "tipo": null, "Potencia": null, "Columna": null }, "geometry": { "type": "MultiPoint", "coordinates": [ [ -58.788828, -38.148882, 102.628281 ] ] } },
{ "type": "Feature", "properties": { "id": 7, "tipo": null, "Potencia": null, "Columna": null }, "geometry": { "type": "MultiPoint", "coordinates": [ [ -58.799692, -38.176984, 56.254742 ] ] } },
{ "type": "Feature", "properties": { "id": 8, "tipo": null, "Potencia": null, "Columna": null }, "geometry": { "type": "MultiPoint", "coordinates": [ [ -58.799977, -38.177227, 55.125729 ] ] } },
{ "type": "Feature", "properties": { "id": 9, "tipo": null, "Potencia": null, "Columna": null }, "geometry": { "type": "MultiPoint", "coordinates": [ [ -58.800179, -38.177419, 58.522099 ] ] } },
{ "type": "Feature", "properties": { "id": 10, "tipo": null, "Potencia": null, "Columna": null }, "geometry": { "type": "MultiPoint", "coordinates": [ [ -58.79908, -38.176625, 56.702614 ] ] } },
{ "type": "Feature", "properties": { "id": 11, "tipo": null, "Potencia": null, "Columna": null }, "geometry": { "type": "MultiPoint", "coordinates": [ [ -58.798085, -38.175806, 55.517616 ] ] } },
{ "type": "Feature", "properties": { "id": 12, "tipo": null, "Potencia": null, "Columna": null }, "geometry": { "type": "MultiPoint", "coordinates": [ [ -58.797292, -38.175144, 54.500572 ] ] } },
{ "type": "Feature", "properties": { "id": 13, "tipo": null, "Potencia": null, "Columna": null }, "geometry": { "type": "MultiPoint", "coordinates": [ [ -58.796726, -38.174684, 55.237694 ] ] } },
{ "type": "Feature", "properties": { "id": 14, "tipo": null, "Potencia": null, "Columna": null }, "geometry": { "type": "MultiPoint", "coordinates": [ [ -58.794884, -38.17321, 56.292065 ] ] } },
{ "type": "Feature", "properties": { "id": 15, "tipo": null, "Potencia": null, "Columna": null }, "geometry": { "type": "MultiPoint", "coordinates": [ [ -58.794303, -38.172748, 56.124111 ] ] } },
{ "type": "Feature", "properties": { "id": 16, "tipo": null, "Potencia": null, "Columna": null }, "geometry": { "type": "MultiPoint", "coordinates": [ [ -58.793778, -38.17231, 57.402416 ] ] } },
{ "type": "Feature", "properties": { "id": 17, "tipo": null, "Potencia": null, "Columna": null }, "geometry": { "type": "MultiPoint", "coordinates": [ [ -58.790917, -38.172993, 57.831627 ] ] } },
{ "type": "Feature", "properties": { "id": 18, "tipo": null, "Potencia": null, "Columna": null }, "geometry": { "type": "MultiPoint", "coordinates": [ [ -58.791481, -38.173435, 57.561039 ] ] } },
{ "type": "Feature", "properties": { "id": 19, "tipo": null, "Potencia": null, "Columna": null }, "geometry": { "type": "MultiPoint", "coordinates": [ [ -58.791897, -38.17381, 58.79269 ] ] } },
{ "type": "Feature", "properties": { "id": 20, "tipo": null, "Potencia": null, "Columna": null }, "geometry": { "type": "MultiPoint", "coordinates": [ [ -58.792603, -38.17431, 59.221901 ] ] } },
{ "type": "Feature", "properties": { "id": 21, "tipo": null, "Potencia": null, "Columna": null }, "geometry": { "type": "MultiPoint", "coordinates": [ [ -58.793929, -38.175583, 56.77726 ] ] } },
{ "type": "Feature", "properties": { "id": 22, "tipo": null, "Potencia": null, "Columna": null }, "geometry": { "type": "MultiPoint", "coordinates": [ [ -58.793532, -38.175896, 54.929783 ] ] } },
{ "type": "Feature", "properties": { "id": 23, "tipo": null, "Potencia": null, "Columna": null }, "geometry": { "type": "MultiPoint", "coordinates": [ [ -58.792195, -38.176897, 59.716427 ] ] } },
{ "type": "Feature", "properties": { "id": 24, "tipo": null, "Potencia": null, "Columna": null }, "geometry": { "type": "MultiPoint", "coordinates": [ [ -58.791889, -38.176829, 75.867188 ] ] } },
{ "type": "Feature", "properties": { "id": 25, "tipo": null, "Potencia": null, "Columna": null }, "geometry": { "type": "MultiPoint", "coordinates": [ [ -58.791889, -38.176829, 75.867188 ] ] } },
{ "type": "Feature", "properties": { "id": 26, "tipo": null, "Potencia": null, "Columna": null }, "geometry": { "type": "MultiPoint", "coordinates": [ [ -58.790128, -38.175299, 55.358994 ] ] } },
{ "type": "Feature", "properties": { "id": 27, "tipo": null, "Potencia": null, "Columna": null }, "geometry": { "type": "MultiPoint", "coordinates": [ [ -58.789741, -38.174964, 59.203239 ] ] } },
{ "type": "Feature", "properties": { "id": 28, "tipo": null, "Potencia": null, "Columna": null }, "geometry": { "type": "MultiPoint", "coordinates": [ [ -58.789066, -38.174407, 56.954544 ] ] } },
{ "type": "Feature", "properties": { "id": 29, "tipo": null, "Potencia": null, "Columna": null }, "geometry": { "type": "MultiPoint", "coordinates": [ [ -58.788828, -38.174237, 59.231232 ] ] } },
{ "type": "Feature", "properties": { "id": 30, "tipo": null, "Potencia": null, "Columna": null }, "geometry": { "type": "MultiPoint", "coordinates": [ [ -58.788511, -38.173926, 57.393085 ] ] } },
{ "type": "Feature", "properties": { "id": 31, "tipo": null, "Potencia": null, "Columna": null }, "geometry": { "type": "MultiPoint", "coordinates": [ [ -58.795652, -38.174341, 55.163052 ] ] } },
{ "type": "Feature", "properties": { "id": 32, "tipo": null, "Potencia": null, "Columna": null }, "geometry": { "type": "MultiPoint", "coordinates": [ [ -58.795239, -38.174642, 54.341949 ] ] } },
{ "type": "Feature", "properties": { "id": 33, "tipo": null, "Potencia": null, "Columna": null }, "geometry": { "type": "MultiPoint", "coordinates": [ [ -58.794586, -38.175096, 56.152103 ] ] } },
{ "type": "Feature", "properties": { "id": 34, "tipo": null, "Potencia": null, "Columna": null }, "geometry": { "type": "MultiPoint", "coordinates": [ [ -58.791627, -38.17653, 58.204857 ] ] } },
{ "type": "Feature", "properties": { "id": 35, "tipo": null, "Potencia": null, "Columna": null }, "geometry": { "type": "MultiPoint", "coordinates": [ [ -58.790865, -38.175878, 58.204857 ] ] } },
{ "type": "Feature", "properties": { "id": 36, "tipo": null, "Potencia": null, "Columna": null }, "geometry": { "type": "MultiPoint", "coordinates": [ [ -58.786546, -38.181187, 59.529812 ] ] } },
{ "type": "Feature", "properties": { "id": 37, "tipo": null, "Potencia": null, "Columna": null }, "geometry": { "type": "MultiPoint", "coordinates": [ [ -58.785859, -38.18171, 57.794304 ] ] } },
{ "type": "Feature", "properties": { "id": 38, "tipo": null, "Potencia": null, "Columna": null }, "geometry": { "type": "MultiPoint", "coordinates": [ [ -58.78493, -38.182438, 56.226749 ] ] } },
{ "type": "Feature", "properties": { "id": 39, "tipo": null, "Potencia": null, "Columna": null }, "geometry": { "type": "MultiPoint", "coordinates": [ [ -58.784454, -38.182652, 54.827145 ] ] } },
{ "type": "Feature", "properties": { "id": 40, "tipo": null, "Potencia": null, "Columna": null }, "geometry": { "type": "MultiPoint", "coordinates": [ [ -58.784242, -38.182468, 54.034035 ] ] } },
{ "type": "Feature", "properties": { "id": 41, "tipo": null, "Potencia": null, "Columna": null }, "geometry": { "type": "MultiPoint", "coordinates": [ [ -58.784076, -38.182324, 53.110298 ] ] } },
{ "type": "Feature", "properties": { "id": 42, "tipo": null, "Potencia": null, "Columna": null }, "geometry": { "type": "MultiPoint", "coordinates": [ [ -58.783542, -38.181885, 54.22998 ] ] } },
{ "type": "Feature", "properties": { "id": 43, "tipo": null, "Potencia": null, "Columna": null }, "geometry": { "type": "MultiPoint", "coordinates": [ [ -58.783176, -38.181598, 54.22998 ] ] } },
{ "type": "Feature", "properties": { "id": 44, "tipo": null, "Potencia": null, "Columna": null }, "geometry": { "type": "MultiPoint", "coordinates": [ [ -58.782947, -38.181365, 54.22998 ] ] } },
{ "type": "Feature", "properties": { "id": 45, "tipo": null, "Potencia": null, "Columna": null }, "geometry": { "type": "MultiPoint", "coordinates": [ [ -58.782507, -38.181025, 54.22998 ] ] } },
{ "type": "Feature", "properties": { "id": 46, "tipo": null, "Potencia": null, "Columna": null }, "geometry": { "type": "MultiPoint", "coordinates": [ [ -58.781927, -38.180588, 54.22998 ] ] } },
{ "type": "Feature", "properties": { "id": 47, "tipo": null, "Potencia": null, "Columna": null }, "geometry": { "type": "MultiPoint", "coordinates": [ [ -58.781689, -38.180394, 54.22998 ] ] } },
{ "type": "Feature", "properties": { "id": 48, "tipo": null, "Potencia": null, "Columna": null }, "geometry": { "type": "MultiPoint", "coordinates": [ [ -58.781371, -38.180124, 54.22998 ] ] } },
{ "type": "Feature", "properties": { "id": 49, "tipo": null, "Potencia": null, "Columna": null }, "geometry": { "type": "MultiPoint", "coordinates": [ [ -58.780331, -38.179232, 54.22998 ] ] } },
{ "type": "Feature", "properties": { "id": 50, "tipo": null, "Potencia": null, "Columna": null }, "geometry": { "type": "MultiPoint", "coordinates": [ [ -58.782171, -38.177767, 54.22998 ] ] } },
{ "type": "Feature", "properties": { "id": 51, "tipo": null, "Potencia": null, "Columna": null }, "geometry": { "type": "MultiPoint", "coordinates": [ [ -58.785423, -38.175357, 54.22065 ] ] } },
{ "type": "Feature", "properties": { "id": 52, "tipo": null, "Potencia": null, "Columna": null }, "geometry": { "type": "MultiPoint", "coordinates": [ [ -58.793376, -38.172705, 55.368324 ] ] } },
{ "type": "Feature", "properties": { "id": 53, "tipo": null, "Potencia": null, "Columna": null }, "geometry": { "type": "MultiPoint", "coordinates": [ [ -58.790468, -38.16978, 57.663673 ] ] } },
{ "type": "Feature", "properties": { "id": 54, "tipo": null, "Potencia": null, "Columna": null }, "geometry": { "type": "MultiPoint", "coordinates": [ [ -58.79022, -38.169916, 57.673004 ] ] } },
{ "type": "Feature", "properties": { "id": 55, "tipo": null, "Potencia": null, "Columna": null }, "geometry": { "type": "MultiPoint", "coordinates": [ [ -58.78998, -38.170111, 57.682335 ] ] } },
{ "type": "Feature", "properties": { "id": 56, "tipo": null, "Potencia": null, "Columna": null }, "geometry": { "type": "MultiPoint", "coordinates": [ [ -58.789733, -38.170303, 56.264072 ] ] } },
{ "type": "Feature", "properties": { "id": 57, "tipo": "led", "Potencia": null, "Columna": null }, "geometry": { "type": "MultiPoint", "coordinates": [ [ -58.783078, -38.165394, 235.97319 ] ] } },
{ "type": "Feature", "properties": { "id": 58, "tipo": "led", "Potencia": null, "Columna": null }, "geometry": { "type": "MultiPoint", "coordinates": [ [ -58.782784, -38.165625, 235.97319 ] ] } },
{ "type": "Feature", "properties": { "id": 59, "tipo": "led", "Potencia": null, "Columna": null }, "geometry": { "type": "MultiPoint", "coordinates": [ [ -58.782613, -38.165759, 235.97319 ] ] } },
{ "type": "Feature", "properties": { "id": 60, "tipo": "led", "Potencia": null, "Columna": null }, "geometry": { "type": "MultiPoint", "coordinates": [ [ -58.782417, -38.165926, 235.97319 ] ] } },
{ "type": "Feature", "properties": { "id": 61, "tipo": "led", "Potencia": null, "Columna": null }, "geometry": { "type": "MultiPoint", "coordinates": [ [ -58.782178, -38.166085, 235.97319 ] ] } },
{ "type": "Feature", "properties": { "id": 62, "tipo": "led", "Potencia": null, "Columna": null }, "geometry": { "type": "MultiPoint", "coordinates": [ [ -58.781936, -38.166282, 235.97319 ] ] } },
{ "type": "Feature", "properties": { "id": 63, "tipo": "led", "Potencia": null, "Columna": null }, "geometry": { "type": "MultiPoint", "coordinates": [ [ -58.781667, -38.166425, 235.97319 ] ] } },
{ "type": "Feature", "properties": { "id": 64, "tipo": "led", "Potencia": null, "Columna": null }, "geometry": { "type": "MultiPoint", "coordinates": [ [ -58.781501, -38.166592, 235.97319 ] ] } },
{ "type": "Feature", "properties": { "id": 65, "tipo": "led", "Potencia": null, "Columna": null }, "geometry": { "type": "MultiPoint", "coordinates": [ [ -58.781116, -38.166666, 93.129631 ] ] } },
{ "type": "Feature", "properties": { "id": 66, "tipo": "led", "Potencia": null, "Columna": null }, "geometry": { "type": "MultiPoint", "coordinates": [ [ -58.780972, -38.16682, 93.129631 ] ] } },
{ "type": "Feature", "properties": { "id": 67, "tipo": "led", "Potencia": null, "Columna": null }, "geometry": { "type": "MultiPoint", "coordinates": [ [ -58.780815, -38.167001, 93.129631 ] ] } },
{ "type": "Feature", "properties": { "id": 68, "tipo": "led", "Potencia": null, "Columna": null }, "geometry": { "type": "MultiPoint", "coordinates": [ [ -58.780592, -38.16722, 93.129631 ] ] } },
{ "type": "Feature", "properties": { "id": 69, "tipo": "led 11va", "Potencia": null, "Columna": null }, "geometry": { "type": "MultiPoint", "coordinates": [ [ -58.78027, -38.167484, 91.43145 ] ] } },
{ "type": "Feature", "properties": { "id": 70, "tipo": "led 11va", "Potencia": null, "Columna": null }, "geometry": { "type": "MultiPoint", "coordinates": [ [ -58.780026, -38.167659, 91.43145 ] ] } },
{ "type": "Feature", "properties": { "id": 71, "tipo": "led 11va", "Potencia": null, "Columna": null }, "geometry": { "type": "MultiPoint", "coordinates": [ [ -58.779775, -38.16789, 91.534088 ] ] } },
{ "type": "Feature", "properties": { "id": 72, "tipo": "led 11va", "Potencia": null, "Columna": null }, "geometry": { "type": "MultiPoint", "coordinates": [ [ -58.779577, -38.168039, 90.983574 ] ] } },
{ "type": "Feature", "properties": { "id": 73, "tipo": "led 14va", "Potencia": 150, "Columna": "alta" }, "geometry": { "type": "MultiPoint", "coordinates": [ [ -58.779238, -38.168158, 91.366135 ] ] } },
{ "type": "Feature", "properties": { "id": 74, "tipo": "led 14va", "Potencia": 150, "Columna": "alta" }, "geometry": { "type": "MultiPoint", "coordinates": [ [ -58.779097, -38.16836, 91.375465 ] ] } },
{ "type": "Feature", "properties": { "id": 75, "tipo": "led 14va", "Potencia": 150, "Columna": "alta" }, "geometry": { "type": "MultiPoint", "coordinates": [ [ -58.778848, -38.168461, 91.375465 ] ] } },
{ "type": "Feature", "properties": { "id": 76, "tipo": "led 14va", "Potencia": 150, "Columna": "alta" }, "geometry": { "type": "MultiPoint", "coordinates": [ [ -58.778669, -38.168731, 88.025749 ] ] } },
{ "type": "Feature", "properties": { "id": 77, "tipo": "led 14va", "Potencia": 150, "Columna": "alta" }, "geometry": { "type": "MultiPoint", "coordinates": [ [ -58.778336, -38.16886, 91.282158 ] ] } },
{ "type": "Feature", "properties": { "id": 78, "tipo": "led 14va", "Potencia": 150, "Columna": "alta" }, "geometry": { "type": "MultiPoint", "coordinates": [ [ -58.778191, -38.169075, 91.43145 ] ] } },
{ "type": "Feature", "properties": { "id": 79, "tipo": "led 14va", "Potencia": 150, "Columna": "alta" }, "geometry": { "type": "MultiPoint", "coordinates": [ [ -58.777867, -38.169226, 90.964912 ] ] } },
{ "type": "Feature", "properties": { "id": 80, "tipo": "led 14va", "Potencia": 150, "Columna": "alta" }, "geometry": { "type": "MultiPoint", "coordinates": [ [ -58.777684, -38.169453, 90.93692 ] ] } },
{ "type": "Feature", "properties": { "id": 81, "tipo": "led 14va", "Potencia": 150, "Columna": "alta" }, "geometry": { "type": "MultiPoint", "coordinates": [ [ -58.777379, -38.169581, 90.955582 ] ] } },
{ "type": "Feature", "properties": { "id": 82, "tipo": "led 14va", "Potencia": 150, "Columna": "alta" }, "geometry": { "type": "MultiPoint", "coordinates": [ [ -58.777182, -38.169839, 91.319481 ] ] } },
{ "type": "Feature", "properties": { "id": 83, "tipo": "led 14va", "Potencia": 150, "Columna": "alta" }, "geometry": { "type": "MultiPoint", "coordinates": [ [ -58.776871, -38.169973, 90.918259 ] ] } },
{ "type": "Feature", "properties": { "id": 84, "tipo": "led 14va", "Potencia": 150, "Columna": "alta" }, "geometry": { "type": "MultiPoint", "coordinates": [ [ -58.776726, -38.170168, 91.412788 ] ] } },
{ "type": "Feature", "properties": { "id": 85, "tipo": "led 14va", "Potencia": 120, "Columna": "baja" }, "geometry": { "type": "MultiPoint", "coordinates": [ [ -58.77738, -38.169944, 91.412788 ] ] } },
{ "type": "Feature", "properties": { "id": 86, "tipo": "led 14va", "Potencia": 120, "Columna": "baja" }, "geometry": { "type": "MultiPoint", "coordinates": [ [ -58.777593, -38.169797, 91.412788 ] ] } },
{ "type": "Feature", "properties": { "id": 87, "tipo": "led 14va", "Potencia": 120, "Columna": "baja" }, "geometry": { "type": "MultiPoint", "coordinates": [ [ -58.777905, -38.169558, 90.81562 ] ] } },
{ "type": "Feature", "properties": { "id": 88, "tipo": "led 14va", "Potencia": 120, "Columna": "baja" }, "geometry": { "type": "MultiPoint", "coordinates": [ [ -58.778085, -38.169445, 93.008339 ] ] } },
{ "type": "Feature", "properties": { "id": 89, "tipo": null, "Potencia": 150, "Columna": "alta" }, "geometry": { "type": "MultiPoint", "coordinates": [ [ -58.778369, -38.16922, 91.254166 ] ] } },
{ "type": "Feature", "properties": { "id": 90, "tipo": null, "Potencia": 150, "Columna": "alta" }, "geometry": { "type": "MultiPoint", "coordinates": [ [ -58.778625, -38.169029, 91.459442 ] ] } },
{ "type": "Feature", "properties": { "id": 91, "tipo": null, "Potencia": 150, "Columna": "alta" }, "geometry": { "type": "MultiPoint", "coordinates": [ [ -58.778801, -38.168886, 91.580742 ] ] } },
{ "type": "Feature", "properties": { "id": 92, "tipo": null, "Potencia": 150, "Columna": "alta" }, "geometry": { "type": "MultiPoint", "coordinates": [ [ -58.779093, -38.168652, 92.457825 ] ] } },
{ "type": "Feature", "properties": { "id": 93, "tipo": null, "Potencia": 150, "Columna": "alta" }, "geometry": { "type": "MultiPoint", "coordinates": [ [ -58.779309, -38.168491, 90.031845 ] ] } },
{ "type": "Feature", "properties": { "id": 94, "tipo": null, "Potencia": 150, "Columna": "alta" }, "geometry": { "type": "MultiPoint", "coordinates": [ [ -58.776422, -38.170278, 89.257401 ] ] } },
{ "type": "Feature", "properties": { "id": 95, "tipo": null, "Potencia": 150, "Columna": "alta" }, "geometry": { "type": "MultiPoint", "coordinates": [ [ -58.776264, -38.170497, 89.96653 ] ] } },
{ "type": "Feature", "properties": { "id": 96, "tipo": null, "Potencia": 150, "Columna": "alta" }, "geometry": { "type": "MultiPoint", "coordinates": [ [ -58.775967, -38.170629, 88.594917 ] ] } },
{ "type": "Feature", "properties": { "id": 97, "tipo": null, "Potencia": 150, "Columna": "alta" }, "geometry": { "type": "MultiPoint", "coordinates": [ [ -58.775763, -38.170875, 88.856178 ] ] } },
{ "type": "Feature", "properties": { "id": 98, "tipo": null, "Potencia": 120, "Columna": "baja" }, "geometry": { "type": "MultiPoint", "coordinates": [ [ -58.775195, -38.171352, 88.100395 ] ] } },
{ "type": "Feature", "properties": { "id": 99, "tipo": null, "Potencia": null, "Columna": null }, "geometry": { "type": "MultiPoint", "coordinates": [ [ -58.774435, -38.171892, 88.240349 ] ] } },
{ "type": "Feature", "properties": { "id": 100, "tipo": null, "Potencia": null, "Columna": null }, "geometry": { "type": "MultiPoint", "coordinates": [ [ -58.774171, -38.172101, 87.465904 ] ] } },
{ "type": "Feature", "properties": { "id": 101, "tipo": null, "Potencia": null, "Columna": null }, "geometry": { "type": "MultiPoint", "coordinates": [ [ -58.774335, -38.171991, 87.727165 ] ] } },
{ "type": "Feature", "properties": { "id": 102, "tipo": null, "Potencia": null, "Columna": null }, "geometry": { "type": "MultiPoint", "coordinates": [ [ -58.773998, -38.172276, 87.568542 ] ] } },
{ "type": "Feature", "properties": { "id": 103, "tipo": null, "Potencia": null, "Columna": null }, "geometry": { "type": "MultiPoint", "coordinates": [ [ -58.774426, -38.172683, 87.195312 ] ] } },
{ "type": "Feature", "properties": { "id": 104, "tipo": null, "Potencia": null, "Columna": null }, "geometry": { "type": "MultiPoint", "coordinates": [ [ -58.774694, -38.172423, 87.16732 ] ] } },
{ "type": "Feature", "properties": { "id": 105, "tipo": null, "Potencia": null, "Columna": null }, "geometry": { "type": "MultiPoint", "coordinates": [ [ -58.774979, -38.172293, 86.924721 ] ] } },
{ "type": "Feature", "properties": { "id": 106, "tipo": "led", "Potencia": null, "Columna": null }, "geometry": { "type": "MultiPoint", "coordinates": [ [ -58.774076, -38.173862, 86.430199 ] ] } },
{ "type": "Feature", "properties": { "id": 107, "tipo": "led", "Potencia": null, "Columna": null }, "geometry": { "type": "MultiPoint", "coordinates": [ [ -58.774296, -38.173684, 85.655754 ] ] } },
{ "type": "Feature", "properties": { "id": 108, "tipo": "led", "Potencia": null, "Columna": null }, "geometry": { "type": "MultiPoint", "coordinates": [ [ -58.774517, -38.173534, 87.297951 ] ] } },
{ "type": "Feature", "properties": { "id": 109, "tipo": "led", "Potencia": null, "Columna": null }, "geometry": { "type": "MultiPoint", "coordinates": [ [ -58.774719, -38.173391, 86.868744 ] ] } },
{ "type": "Feature", "properties": { "id": 110, "tipo": "led", "Potencia": null, "Columna": null }, "geometry": { "type": "MultiPoint", "coordinates": [ [ -58.774994, -38.173181, 86.906067 ] ] } },
{ "type": "Feature", "properties": { "id": 111, "tipo": "led", "Potencia": null, "Columna": null }, "geometry": { "type": "MultiPoint", "coordinates": [ [ -58.775228, -38.173004, 88.324326 ] ] } },
{ "type": "Feature", "properties": { "id": 112, "tipo": "led", "Potencia": null, "Columna": null }, "geometry": { "type": "MultiPoint", "coordinates": [ [ -58.77543, -38.17283, 87.195312 ] ] } },
{ "type": "Feature", "properties": { "id": 113, "tipo": "led", "Potencia": null, "Columna": null }, "geometry": { "type": "MultiPoint", "coordinates": [ [ -58.77564, -38.172665, 87.018028 ] ] } },
{ "type": "Feature", "properties": { "id": 114, "tipo": "led", "Potencia": null, "Columna": null }, "geometry": { "type": "MultiPoint", "coordinates": [ [ -58.775999, -38.172409, 86.971375 ] ] } },
{ "type": "Feature", "properties": { "id": 115, "tipo": "led", "Potencia": null, "Columna": null }, "geometry": { "type": "MultiPoint", "coordinates": [ [ -58.776181, -38.172262, 87.185982 ] ] } },
{ "type": "Feature", "properties": { "id": 116, "tipo": "led", "Potencia": null, "Columna": null }, "geometry": { "type": "MultiPoint", "coordinates": [ [ -58.776388, -38.172119, 86.69146 ] ] } },
{ "type": "Feature", "properties": { "id": 117, "tipo": "led", "Potencia": null, "Columna": null }, "geometry": { "type": "MultiPoint", "coordinates": [ [ -58.776615, -38.171939, 86.747444 ] ] } },
{ "type": "Feature", "properties": { "id": 118, "tipo": "led", "Potencia": null, "Columna": null }, "geometry": { "type": "MultiPoint", "coordinates": [ [ -58.776837, -38.171754, 87.531219 ] ] } },
{ "type": "Feature", "properties": { "id": 119, "tipo": "led", "Potencia": null, "Columna": null }, "geometry": { "type": "MultiPoint", "coordinates": [ [ -58.777089, -38.171567, 86.439529 ] ] } },
{ "type": "Feature", "properties": { "id": 120, "tipo": "led", "Potencia": null, "Columna": null }, "geometry": { "type": "MultiPoint", "coordinates": [ [ -58.777321, -38.171408, 84.041542 ] ] } },
{ "type": "Feature", "properties": { "id": 121, "tipo": "led", "Potencia": null, "Columna": null }, "geometry": { "type": "MultiPoint", "coordinates": [ [ -58.777545, -38.17123, 87.223305 ] ] } },
{ "type": "Feature", "properties": { "id": 122, "tipo": "led", "Potencia": null, "Columna": null }, "geometry": { "type": "MultiPoint", "coordinates": [ [ -58.777746, -38.171072, 87.307281 ] ] } },
{ "type": "Feature", "properties": { "id": 123, "tipo": "led", "Potencia": null, "Columna": null }, "geometry": { "type": "MultiPoint", "coordinates": [ [ -58.778035, -38.170866, 88.473618 ] ] } },
{ "type": "Feature", "properties": { "id": 124, "tipo": "led", "Potencia": null, "Columna": null }, "geometry": { "type": "MultiPoint", "coordinates": [ [ -58.778273, -38.170673, 87.549881 ] ] } },
{ "type": "Feature", "properties": { "id": 125, "tipo": "led", "Potencia": null, "Columna": null }, "geometry": { "type": "MultiPoint", "coordinates": [ [ -58.778518, -38.170485, 86.588821 ] ] } },
{ "type": "Feature", "properties": { "id": 126, "tipo": "led", "Potencia": null, "Columna": null }, "geometry": { "type": "MultiPoint", "coordinates": [ [ -58.778776, -38.170291, 86.831421 ] ] } },
{ "type": "Feature", "properties": { "id": 127, "tipo": "led", "Potencia": null, "Columna": null }, "geometry": { "type": "MultiPoint", "coordinates": [ [ -58.779002, -38.170106, 86.990036 ] ] } },
{ "type": "Feature", "properties": { "id": 128, "tipo": "led", "Potencia": null, "Columna": null }, "geometry": { "type": "MultiPoint", "coordinates": [ [ -58.779275, -38.169911, 87.092674 ] ] } },
{ "type": "Feature", "properties": { "id": 129, "tipo": "led", "Potencia": null, "Columna": null }, "geometry": { "type": "MultiPoint", "coordinates": [ [ -58.77948, -38.169755, 86.140945 ] ] } },
{ "type": "Feature", "properties": { "id": 130, "tipo": "led", "Potencia": null, "Columna": null }, "geometry": { "type": "MultiPoint", "coordinates": [ [ -58.779773, -38.169547, 85.674416 ] ] } },
{ "type": "Feature", "properties": { "id": 131, "tipo": "led", "Potencia": null, "Columna": null }, "geometry": { "type": "MultiPoint", "coordinates": [ [ -58.779984, -38.169405, 86.654137 ] ] } },
{ "type": "Feature", "properties": { "id": 132, "tipo": "led", "Potencia": null, "Columna": null }, "geometry": { "type": "MultiPoint", "coordinates": [ [ -58.780191, -38.169249, 86.392876 ] ] } },
{ "type": "Feature", "properties": { "id": 133, "tipo": "led", "Potencia": null, "Columna": null }, "geometry": { "type": "MultiPoint", "coordinates": [ [ -58.780429, -38.169072, 85.058586 ] ] } },
{ "type": "Feature", "properties": { "id": 134, "tipo": "led", "Potencia": null, "Columna": null }, "geometry": { "type": "MultiPoint", "coordinates": [ [ -58.780629, -38.168834, 86.262245 ] ] } },
{ "type": "Feature", "properties": { "id": 135, "tipo": "led", "Potencia": null, "Columna": null }, "geometry": { "type": "MultiPoint", "coordinates": [ [ -58.780967, -38.168607, 85.833031 ] ] } },
{ "type": "Feature", "properties": { "id": 136, "tipo": "led", "Potencia": null, "Columna": null }, "geometry": { "type": "MultiPoint", "coordinates": [ [ -58.781227, -38.168331, 86.411537 ] ] } },
{ "type": "Feature", "properties": { "id": 137, "tipo": "led", "Potencia": null, "Columna": null }, "geometry": { "type": "MultiPoint", "coordinates": [ [ -58.781579, -38.168122, 86.159607 ] ] } },
{ "type": "Feature", "properties": { "id": 138, "tipo": "led", "Potencia": null, "Columna": null }, "geometry": { "type": "MultiPoint", "coordinates": [ [ -58.781831, -38.167848, 86.056969 ] ] } },
{ "type": "Feature", "properties": { "id": 139, "tipo": "led", "Potencia": null, "Columna": null }, "geometry": { "type": "MultiPoint", "coordinates": [ [ -58.782179, -38.167678, 86.766106 ] ] } },
{ "type": "Feature", "properties": { "id": 140, "tipo": "led", "Potencia": null, "Columna": null }, "geometry": { "type": "MultiPoint", "coordinates": [ [ -58.782494, -38.167378, 85.786377 ] ] } },
{ "type": "Feature", "properties": { "id": 141, "tipo": "led", "Potencia": null, "Columna": null }, "geometry": { "type": "MultiPoint", "coordinates": [ [ -58.782865, -38.167154, 86.374214 ] ] } },
{ "type": "Feature", "properties": { "id": 142, "tipo": "led", "Potencia": null, "Columna": null }, "geometry": { "type": "MultiPoint", "coordinates": [ [ -58.783114, -38.166898, 85.273193 ] ] } },
{ "type": "Feature", "properties": { "id": 143, "tipo": "led", "Potencia": null, "Columna": null }, "geometry": { "type": "MultiPoint", "coordinates": [ [ -58.786077, -38.166245, 60.658829 ] ] } },
{ "type": "Feature", "properties": { "id": 144, "tipo": "led", "Potencia": null, "Columna": null }, "geometry": { "type": "MultiPoint", "coordinates": [ [ -58.785945, -38.166489, 60.658829 ] ] } },
{ "type": "Feature", "properties": { "id": 145, "tipo": "led", "Potencia": null, "Columna": null }, "geometry": { "type": "MultiPoint", "coordinates": [ [ -58.785626, -38.166633, 60.658829 ] ] } },
{ "type": "Feature", "properties": { "id": 146, "tipo": "led", "Potencia": null, "Columna": null }, "geometry": { "type": "MultiPoint", "coordinates": [ [ -58.785473, -38.166847, 60.658829 ] ] } },
{ "type": "Feature", "properties": { "id": 147, "tipo": "led", "Potencia": null, "Columna": null }, "geometry": { "type": "MultiPoint", "coordinates": [ [ -58.785136, -38.167004, 60.658829 ] ] } },
{ "type": "Feature", "properties": { "id": 148, "tipo": "led", "Potencia": null, "Columna": null }, "geometry": { "type": "MultiPoint", "coordinates": [ [ -58.784989, -38.167227, 60.658829 ] ] } },
{ "type": "Feature", "properties": { "id": 149, "tipo": "led", "Potencia": null, "Columna": null }, "geometry": { "type": "MultiPoint", "coordinates": [ [ -58.784697, -38.167341, 60.658829 ] ] } },
{ "type": "Feature", "properties": { "id": 150, "tipo": "led", "Potencia": null, "Columna": null }, "geometry": { "type": "MultiPoint", "coordinates": [ [ -58.78451, -38.167578, 60.658829 ] ] } },
{ "type": "Feature", "properties": { "id": 151, "tipo": "led", "Potencia": null, "Columna": null }, "geometry": { "type": "MultiPoint", "coordinates": [ [ -58.784021, -38.168007, 60.668159 ] ] } },
{ "type": "Feature", "properties": { "id": 152, "tipo": "led", "Potencia": null, "Columna": null }, "geometry": { "type": "MultiPoint", "coordinates": [ [ -58.783495, -38.168259, 60.668159 ] ] } },
{ "type": "Feature", "properties": { "id": 153, "tipo": "led", "Potencia": null, "Columna": null }, "geometry": { "type": "MultiPoint", "coordinates": [ [ -58.782948, -38.168708, 60.668159 ] ] } },
{ "type": "Feature", "properties": { "id": 154, "tipo": "led", "Potencia": null, "Columna": null }, "geometry": { "type": "MultiPoint", "coordinates": [ [ -58.78265, -38.169013, 60.668159 ] ] } },
{ "type": "Feature", "properties": { "id": 155, "tipo": null, "Potencia": 120, "Columna": "baja" }, "geometry": { "type": "MultiPoint", "coordinates": [ [ -58.782015, -38.169417, 60.668159 ] ] } },
{ "type": "Feature", "properties": { "id": 156, "tipo": null, "Potencia": 120, "Columna": "baja" }, "geometry": { "type": "MultiPoint", "coordinates": [ [ -58.781859, -38.169603, 60.668159 ] ] } },
{ "type": "Feature", "properties": { "id": 157, "tipo": "led 14va", "Potencia": 120, "Columna": "baja" }, "geometry": { "type": "MultiPoint", "coordinates": [ [ -58.780972, -38.17016, 60.668159 ] ] } },
{ "type": "Feature", "properties": { "id": 158, "tipo": null, "Potencia": null, "Columna": null }, "geometry": { "type": "MultiPoint", "coordinates": [ [ -58.780612, -38.170443, 60.668159 ] ] } },
{ "type": "Feature", "properties": { "id": 159, "tipo": null, "Potencia": null, "Columna": null }, "geometry": { "type": "MultiPoint", "coordinates": [ [ -58.78014, -38.17099, 60.67749 ] ] } },
{ "type": "Feature", "properties": { "id": 160, "tipo": null, "Potencia": null, "Columna": null }, "geometry": { "type": "MultiPoint", "coordinates": [ [ -58.779795, -38.171259, 60.67749 ] ] } },
{ "type": "Feature", "properties": { "id": 161, "tipo": null, "Potencia": null, "Columna": null }, "geometry": { "type": "MultiPoint", "coordinates": [ [ -58.779324, -38.17161, 60.67749 ] ] } },
{ "type": "Feature", "properties": { "id": 162, "tipo": "led", "Potencia": null, "Columna": null }, "geometry": { "type": "MultiPoint", "coordinates": [ [ -58.778632, -38.172144, 60.67749 ] ] } },
{ "type": "Feature", "properties": { "id": 163, "tipo": "led", "Potencia": null, "Columna": null }, "geometry": { "type": "MultiPoint", "coordinates": [ [ -58.778406, -38.17232, 60.67749 ] ] } },
{ "type": "Feature", "properties": { "id": 164, "tipo": "led", "Potencia": null, "Columna": null }, "geometry": { "type": "MultiPoint", "coordinates": [ [ -58.778209, -38.172481, 60.67749 ] ] } },
{ "type": "Feature", "properties": { "id": 165, "tipo": "led", "Potencia": null, "Columna": null }, "geometry": { "type": "MultiPoint", "coordinates": [ [ -58.777645, -38.172862, 60.388237 ] ] } },
{ "type": "Feature", "properties": { "id": 166, "tipo": "led", "Potencia": null, "Columna": null }, "geometry": { "type": "MultiPoint", "coordinates": [ [ -58.777443, -38.173016, 60.30426 ] ] } },
{ "type": "Feature", "properties": { "id": 167, "tipo": "led", "Potencia": null, "Columna": null }, "geometry": { "type": "MultiPoint", "coordinates": [ [ -58.777217, -38.173182, 60.453552 ] ] } },
{ "type": "Feature", "properties": { "id": 168, "tipo": "led", "Potencia": null, "Columna": null }, "geometry": { "type": "MultiPoint", "coordinates": [ [ -58.776966, -38.173359, 61.069378 ] ] } },
{ "type": "Feature", "properties": { "id": 169, "tipo": null, "Potencia": null, "Columna": null }, "geometry": { "type": "MultiPoint", "coordinates": [ [ -58.776364, -38.172871, 61.955791 ] ] } },
{ "type": "Feature", "properties": { "id": 170, "tipo": null, "Potencia": null, "Columna": null }, "geometry": { "type": "MultiPoint", "coordinates": [ [ -58.776599, -38.172693, 60.72414 ] ] } },
{ "type": "Feature", "properties": { "id": 171, "tipo": null, "Potencia": null, "Columna": null }, "geometry": { "type": "MultiPoint", "coordinates": [ [ -58.776827, -38.172524, 60.780125 ] ] } },
{ "type": "Feature", "properties": { "id": 172, "tipo": null, "Potencia": null, "Columna": null }, "geometry": { "type": "MultiPoint", "coordinates": [ [ -58.777032, -38.172362, 61.311977 ] ] } },
{ "type": "Feature", "properties": { "id": 173, "tipo": "led", "Potencia": null, "Columna": null }, "geometry": { "type": "MultiPoint", "coordinates": [ [ -58.776665, -38.173469, 59.203239 ] ] } },
{ "type": "Feature", "properties": { "id": 174, "tipo": "led", "Potencia": null, "Columna": null }, "geometry": { "type": "MultiPoint", "coordinates": [ [ -58.776438, -38.173641, 59.203239 ] ] } },
{ "type": "Feature", "properties": { "id": 175, "tipo": "led", "Potencia": null, "Columna": null }, "geometry": { "type": "MultiPoint", "coordinates": [ [ -58.776199, -38.173825, 59.21257 ] ] } },
{ "type": "Feature", "properties": { "id": 176, "tipo": "led", "Potencia": null, "Columna": null }, "geometry": { "type": "MultiPoint", "coordinates": [ [ -58.775932, -38.174016, 59.21257 ] ] } },
{ "type": "Feature", "properties": { "id": 177, "tipo": "led", "Potencia": null, "Columna": null }, "geometry": { "type": "MultiPoint", "coordinates": [ [ -58.775705, -38.174207, 59.21257 ] ] } },
{ "type": "Feature", "properties": { "id": 178, "tipo": "led", "Potencia": null, "Columna": null }, "geometry": { "type": "MultiPoint", "coordinates": [ [ -58.775434, -38.174403, 59.21257 ] ] } },
{ "type": "Feature", "properties": { "id": 179, "tipo": "led", "Potencia": null, "Columna": null }, "geometry": { "type": "MultiPoint", "coordinates": [ [ -58.775194, -38.17458, 59.21257 ] ] } },
{ "type": "Feature", "properties": { "id": 180, "tipo": "led", "Potencia": null, "Columna": null }, "geometry": { "type": "MultiPoint", "coordinates": [ [ -58.774962, -38.174751, 59.21257 ] ] } },
{ "type": "Feature", "properties": { "id": 181, "tipo": null, "Potencia": null, "Columna": null }, "geometry": { "type": "MultiPoint", "coordinates": [ [ -58.776106, -38.175578, 59.21257 ] ] } },
{ "type": "Feature", "properties": { "id": 182, "tipo": null, "Potencia": null, "Columna": null }, "geometry": { "type": "MultiPoint", "coordinates": [ [ -58.776501, -38.175288, 59.21257 ] ] } },
{ "type": "Feature", "properties": { "id": 183, "tipo": null, "Potencia": null, "Columna": null }, "geometry": { "type": "MultiPoint", "coordinates": [ [ -58.776733, -38.17507, 59.21257 ] ] } },
{ "type": "Feature", "properties": { "id": 184, "tipo": null, "Potencia": null, "Columna": null }, "geometry": { "type": "MultiPoint", "coordinates": [ [ -58.777296, -38.174638, 59.203239 ] ] } },
{ "type": "Feature", "properties": { "id": 185, "tipo": null, "Potencia": null, "Columna": null }, "geometry": { "type": "MultiPoint", "coordinates": [ [ -58.777506, -38.17448, 59.203239 ] ] } },
{ "type": "Feature", "properties": { "id": 186, "tipo": null, "Potencia": null, "Columna": null }, "geometry": { "type": "MultiPoint", "coordinates": [ [ -58.778002, -38.174158, 59.203239 ] ] } },
{ "type": "Feature", "properties": { "id": 187, "tipo": null, "Potencia": null, "Columna": null }, "geometry": { "type": "MultiPoint", "coordinates": [ [ -58.778212, -38.173996, 59.203239 ] ] } },
{ "type": "Feature", "properties": { "id": 188, "tipo": null, "Potencia": null, "Columna": null }, "geometry": { "type": "MultiPoint", "coordinates": [ [ -58.778455, -38.173804, 59.203239 ] ] } },
{ "type": "Feature", "properties": { "id": 189, "tipo": null, "Potencia": null, "Columna": null }, "geometry": { "type": "MultiPoint", "coordinates": [ [ -58.778665, -38.173636, 59.203239 ] ] } },
{ "type": "Feature", "properties": { "id": 190, "tipo": null, "Potencia": null, "Columna": null }, "geometry": { "type": "MultiPoint", "coordinates": [ [ -58.778918, -38.173422, 59.203239 ] ] } },
{ "type": "Feature", "properties": { "id": 191, "tipo": null, "Potencia": null, "Columna": null }, "geometry": { "type": "MultiPoint", "coordinates": [ [ -58.779273, -38.173157, 59.203239 ] ] } },
{ "type": "Feature", "properties": { "id": 192, "tipo": null, "Potencia": null, "Columna": null }, "geometry": { "type": "MultiPoint", "coordinates": [ [ -58.779644, -38.172871, 59.203239 ] ] } },
{ "type": "Feature", "properties": { "id": 193, "tipo": null, "Potencia": null, "Columna": null }, "geometry": { "type": "MultiPoint", "coordinates": [ [ -58.781581, -38.171443, 60.630836 ] ] } },
{ "type": "Feature", "properties": { "id": 194, "tipo": null, "Potencia": 120, "Columna": "baja" }, "geometry": { "type": "MultiPoint", "coordinates": [ [ -58.781725, -38.171288, 60.248276 ] ] } },
{ "type": "Feature", "properties": { "id": 195, "tipo": null, "Potencia": 120, "Columna": "baja" }, "geometry": { "type": "MultiPoint", "coordinates": [ [ -58.781937, -38.171152, 60.649498 ] ] } },
{ "type": "Feature", "properties": { "id": 196, "tipo": null, "Potencia": 120, "Columna": "baja" }, "geometry": { "type": "MultiPoint", "coordinates": [ [ -58.782192, -38.170947, 60.332253 ] ] } },
{ "type": "Feature", "properties": { "id": 197, "tipo": null, "Potencia": null, "Columna": null }, "geometry": { "type": "MultiPoint", "coordinates": [ [ -58.783071, -38.170443, 61.63855 ] ] } },
{ "type": "Feature", "properties": { "id": 198, "tipo": null, "Potencia": 120, "Columna": "baja" }, "geometry": { "type": "MultiPoint", "coordinates": [ [ -58.783438, -38.17, 60.434891 ] ] } },
{ "type": "Feature", "properties": { "id": 199, "tipo": null, "Potencia": null, "Columna": null }, "geometry": { "type": "MultiPoint", "coordinates": [ [ -58.783807, -38.169736, 61.349297 ] ] } },
{ "type": "Feature", "properties": { "id": 200, "tipo": null, "Potencia": null, "Columna": null }, "geometry": { "type": "MultiPoint", "coordinates": [ [ -58.783986, -38.169596, 61.349297 ] ] } },
{ "type": "Feature", "properties": { "id": 201, "tipo": null, "Potencia": null, "Columna": null }, "geometry": { "type": "MultiPoint", "coordinates": [ [ -58.784177, -38.169449, 61.349297 ] ] } },
{ "type": "Feature", "properties": { "id": 202, "tipo": null, "Potencia": 120, "Columna": "baja" }, "geometry": { "type": "MultiPoint", "coordinates": [ [ -58.784853, -38.169088, 61.349297 ] ] } },
{ "type": "Feature", "properties": { "id": 203, "tipo": null, "Potencia": 120, "Columna": "baja" }, "geometry": { "type": "MultiPoint", "coordinates": [ [ -58.784967, -38.168923, 61.349297 ] ] } },
{ "type": "Feature", "properties": { "id": 204, "tipo": null, "Potencia": 120, "Columna": "baja" }, "geometry": { "type": "MultiPoint", "coordinates": [ [ -58.785213, -38.168815, 61.339966 ] ] } },
{ "type": "Feature", "properties": { "id": 205, "tipo": "led 11va", "Potencia": null, "Columna": null }, "geometry": { "type": "MultiPoint", "coordinates": [ [ -58.785638, -38.168479, 61.339966 ] ] } },
{ "type": "Feature", "properties": { "id": 206, "tipo": "led 11va", "Potencia": null, "Columna": null }, "geometry": { "type": "MultiPoint", "coordinates": [ [ -58.78576, -38.168274, 61.339966 ] ] } },
{ "type": "Feature", "properties": { "id": 207, "tipo": "led 11va", "Potencia": null, "Columna": null }, "geometry": { "type": "MultiPoint", "coordinates": [ [ -58.78607, -38.168135, 61.339966 ] ] } },
{ "type": "Feature", "properties": { "id": 208, "tipo": "led 11va", "Potencia": null, "Columna": null }, "geometry": { "type": "MultiPoint", "coordinates": [ [ -58.786272, -38.167891, 61.339966 ] ] } },
{ "type": "Feature", "properties": { "id": 209, "tipo": "led 11va", "Potencia": null, "Columna": null }, "geometry": { "type": "MultiPoint", "coordinates": [ [ -58.78661, -38.167733, 61.339966 ] ] } },
{ "type": "Feature", "properties": { "id": 210, "tipo": "led 11va", "Potencia": null, "Columna": null }, "geometry": { "type": "MultiPoint", "coordinates": [ [ -58.78676, -38.167515, 61.339966 ] ] } },
{ "type": "Feature", "properties": { "id": 211, "tipo": "led 11va", "Potencia": null, "Columna": null }, "geometry": { "type": "MultiPoint", "coordinates": [ [ -58.787056, -38.167394, 61.339966 ] ] } },
{ "type": "Feature", "properties": { "id": 212, "tipo": "led 11va", "Potencia": null, "Columna": null }, "geometry": { "type": "MultiPoint", "coordinates": [ [ -58.787197, -38.167177, 61.339966 ] ] } },
{ "type": "Feature", "properties": { "id": 213, "tipo": "led", "Potencia": null, "Columna": null }, "geometry": { "type": "MultiPoint", "coordinates": [ [ -58.785059, -38.165436, 77.46875 ] ] } },
{ "type": "Feature", "properties": { "id": 214, "tipo": "led", "Potencia": null, "Columna": null }, "geometry": { "type": "MultiPoint", "coordinates": [ [ -58.784849, -38.165698, 77.46875 ] ] } },
{ "type": "Feature", "properties": { "id": 215, "tipo": "led", "Potencia": null, "Columna": null }, "geometry": { "type": "MultiPoint", "coordinates": [ [ -58.784628, -38.165765, 61.339966 ] ] } },
{ "type": "Feature", "properties": { "id": 216, "tipo": "led", "Potencia": null, "Columna": null }, "geometry": { "type": "MultiPoint", "coordinates": [ [ -58.784441, -38.166, 61.339966 ] ] } },
{ "type": "Feature", "properties": { "id": 217, "tipo": "led", "Potencia": null, "Columna": null }, "geometry": { "type": "MultiPoint", "coordinates": [ [ -58.784091, -38.166177, 61.339966 ] ] } },
{ "type": "Feature", "properties": { "id": 218, "tipo": "led", "Potencia": null, "Columna": null }, "geometry": { "type": "MultiPoint", "coordinates": [ [ -58.783918, -38.166412, 61.339966 ] ] } },
{ "type": "Feature", "properties": { "id": 219, "tipo": "led", "Potencia": null, "Columna": null }, "geometry": { "type": "MultiPoint", "coordinates": [ [ -58.783601, -38.166544, 61.349297 ] ] } },
{ "type": "Feature", "properties": { "id": 220, "tipo": "led", "Potencia": null, "Columna": null }, "geometry": { "type": "MultiPoint", "coordinates": [ [ -58.783465, -38.166746, 59.865719 ] ] } },
{ "type": "Feature", "properties": { "id": 221, "tipo": "led", "Potencia": null, "Columna": null }, "geometry": { "type": "MultiPoint", "coordinates": [ [ -58.788189, -38.168079, 83.593666 ] ] } },
{ "type": "Feature", "properties": { "id": 222, "tipo": "led", "Potencia": null, "Columna": null }, "geometry": { "type": "MultiPoint", "coordinates": [ [ -58.787956, -38.168259, 83.593666 ] ] } },
{ "type": "Feature", "properties": { "id": 223, "tipo": "led", "Potencia": null, "Columna": null }, "geometry": { "type": "MultiPoint", "coordinates": [ [ -58.787742, -38.168422, 83.593666 ] ] } },
{ "type": "Feature", "properties": { "id": 224, "tipo": "led", "Potencia": null, "Columna": null }, "geometry": { "type": "MultiPoint", "coordinates": [ [ -58.787558, -38.16857, 83.593666 ] ] } },
{ "type": "Feature", "properties": { "id": 225, "tipo": null, "Potencia": null, "Columna": null }, "geometry": { "type": "MultiPoint", "coordinates": [ [ -58.787311, -38.168761, 83.593666 ] ] } },
{ "type": "Feature", "properties": { "id": 226, "tipo": null, "Potencia": null, "Columna": null }, "geometry": { "type": "MultiPoint", "coordinates": [ [ -58.787069, -38.168942, 83.593666 ] ] } },
{ "type": "Feature", "properties": { "id": 227, "tipo": null, "Potencia": null, "Columna": null }, "geometry": { "type": "MultiPoint", "coordinates": [ [ -58.786845, -38.169114, 83.593666 ] ] } },
{ "type": "Feature", "properties": { "id": 228, "tipo": null, "Potencia": null, "Columna": null }, "geometry": { "type": "MultiPoint", "coordinates": [ [ -58.786609, -38.169297, 83.593666 ] ] } },
{ "type": "Feature", "properties": { "id": 229, "tipo": null, "Potencia": null, "Columna": null }, "geometry": { "type": "MultiPoint", "coordinates": [ [ -58.786026, -38.169698, 83.593666 ] ] } },
{ "type": "Feature", "properties": { "id": 230, "tipo": null, "Potencia": null, "Columna": null }, "geometry": { "type": "MultiPoint", "coordinates": [ [ -58.785527, -38.170276, 83.602997 ] ] } },
{ "type": "Feature", "properties": { "id": 231, "tipo": null, "Potencia": null, "Columna": null }, "geometry": { "type": "MultiPoint", "coordinates": [ [ -58.785166, -38.170555, 83.602997 ] ] } },
{ "type": "Feature", "properties": { "id": 232, "tipo": null, "Potencia": null, "Columna": null }, "geometry": { "type": "MultiPoint", "coordinates": [ [ -58.784788, -38.17083, 83.602997 ] ] } },
{ "type": "Feature", "properties": { "id": 233, "tipo": null, "Potencia": null, "Columna": null }, "geometry": { "type": "MultiPoint", "coordinates": [ [ -58.784608, -38.170943, 82.856544 ] ] } },
{ "type": "Feature", "properties": { "id": 234, "tipo": null, "Potencia": null, "Columna": null }, "geometry": { "type": "MultiPoint", "coordinates": [ [ -58.783161, -38.171889, 82.856544 ] ] } },
{ "type": "Feature", "properties": { "id": 235, "tipo": null, "Potencia": null, "Columna": null }, "geometry": { "type": "MultiPoint", "coordinates": [ [ -58.783056, -38.172139, 82.856544 ] ] } },
{ "type": "Feature", "properties": { "id": 236, "tipo": null, "Potencia": null, "Columna": null }, "geometry": { "type": "MultiPoint", "coordinates": [ [ -58.780664, -38.171993, 82.865875 ] ] } },
{ "type": "Feature", "properties": { "id": 237, "tipo": null, "Potencia": null, "Columna": null }, "geometry": { "type": "MultiPoint", "coordinates": [ [ -58.780287, -38.171686, 82.865875 ] ] } },
{ "type": "Feature", "properties": { "id": 238, "tipo": null, "Potencia": null, "Columna": null }, "geometry": { "type": "MultiPoint", "coordinates": [ [ -58.778832, -38.172665, 82.865875 ] ] } },
{ "type": "Feature", "properties": { "id": 239, "tipo": null, "Potencia": null, "Columna": null }, "geometry": { "type": "MultiPoint", "coordinates": [ [ -58.778613, -38.172819, 82.865875 ] ] } },
{ "type": "Feature", "properties": { "id": 240, "tipo": null, "Potencia": null, "Columna": null }, "geometry": { "type": "MultiPoint", "coordinates": [ [ -58.778378, -38.172996, 82.865875 ] ] } },
{ "type": "Feature", "properties": { "id": 241, "tipo": null, "Potencia": null, "Columna": null }, "geometry": { "type": "MultiPoint", "coordinates": [ [ -58.778116, -38.173239, 79.553474 ] ] } },
{ "type": "Feature", "properties": { "id": 242, "tipo": null, "Potencia": null, "Columna": null }, "geometry": { "type": "MultiPoint", "coordinates": [ [ -58.777872, -38.173421, 83.369728 ] ] } },
{ "type": "Feature", "properties": { "id": 243, "tipo": null, "Potencia": null, "Columna": null }, "geometry": { "type": "MultiPoint", "coordinates": [ [ -58.777672, -38.17356, 82.80056 ] ] } },
{ "type": "Feature", "properties": { "id": 244, "tipo": null, "Potencia": null, "Columna": null }, "geometry": { "type": "MultiPoint", "coordinates": [ [ -58.77745, -38.173741, 82.66993 ] ] } },
{ "type": "Feature", "properties": { "id": 245, "tipo": null, "Potencia": null, "Columna": null }, "geometry": { "type": "MultiPoint", "coordinates": [ [ -58.780423, -38.176519, 82.716583 ] ] } },
{ "type": "Feature", "properties": { "id": 246, "tipo": null, "Potencia": null, "Columna": null }, "geometry": { "type": "MultiPoint", "coordinates": [ [ -58.78018, -38.176654, 82.716583 ] ] } },
{ "type": "Feature", "properties": { "id": 247, "tipo": null, "Potencia": null, "Columna": null }, "geometry": { "type": "MultiPoint", "coordinates": [ [ -58.77997, -38.176831, 82.716583 ] ] } },
{ "type": "Feature", "properties": { "id": 248, "tipo": null, "Potencia": null, "Columna": null }, "geometry": { "type": "MultiPoint", "coordinates": [ [ -58.779704, -38.177024, 82.716583 ] ] } },
{ "type": "Feature", "properties": { "id": 249, "tipo": null, "Potencia": null, "Columna": null }, "geometry": { "type": "MultiPoint", "coordinates": [ [ -58.780224, -38.177487, 84.564056 ] ] } },
{ "type": "Feature", "properties": { "id": 250, "tipo": null, "Potencia": null, "Columna": null }, "geometry": { "type": "MultiPoint", "coordinates": [ [ -58.780492, -38.177274, 84.564056 ] ] } },
{ "type": "Feature", "properties": { "id": 251, "tipo": null, "Potencia": null, "Columna": null }, "geometry": { "type": "MultiPoint", "coordinates": [ [ -58.780696, -38.177113, 84.564056 ] ] } },
{ "type": "Feature", "properties": { "id": 252, "tipo": null, "Potencia": null, "Columna": null }, "geometry": { "type": "MultiPoint", "coordinates": [ [ -58.780941, -38.176927, 84.564056 ] ] } },
{ "type": "Feature", "properties": { "id": 253, "tipo": null, "Potencia": null, "Columna": null }, "geometry": { "type": "MultiPoint", "coordinates": [ [ -58.78008, -38.177482, 81.195679 ] ] } },
{ "type": "Feature", "properties": { "id": 254, "tipo": null, "Potencia": null, "Columna": null }, "geometry": { "type": "MultiPoint", "coordinates": [ [ -58.779842, -38.177283, 82.67926 ] ] } },
{ "type": "Feature", "properties": { "id": 255, "tipo": null, "Potencia": null, "Columna": null }, "geometry": { "type": "MultiPoint", "coordinates": [ [ -58.779603, -38.177091, 82.371346 ] ] } },
{ "type": "Feature", "properties": { "id": 256, "tipo": null, "Potencia": null, "Columna": null }, "geometry": { "type": "MultiPoint", "coordinates": [ [ -58.779368, -38.176888, 83.528351 ] ] } },
{ "type": "Feature", "properties": { "id": 257, "tipo": null, "Potencia": null, "Columna": null }, "geometry": { "type": "MultiPoint", "coordinates": [ [ -58.778442, -38.177172, 80.654503 ] ] } },
{ "type": "Feature", "properties": { "id": 258, "tipo": null, "Potencia": null, "Columna": null }, "geometry": { "type": "MultiPoint", "coordinates": [ [ -58.778829, -38.176874, 79.796074 ] ] } },
{ "type": "Feature", "properties": { "id": 259, "tipo": null, "Potencia": null, "Columna": null }, "geometry": { "type": "MultiPoint", "coordinates": [ [ -58.779079, -38.176638, 81.21434 ] ] } },
{ "type": "Feature", "properties": { "id": 260, "tipo": null, "Potencia": null, "Columna": null }, "geometry": { "type": "MultiPoint", "coordinates": [ [ -58.779308, -38.176662, 82.091423 ] ] } },
{ "type": "Feature", "properties": { "id": 261, "tipo": null, "Potencia": null, "Columna": null }, "geometry": { "type": "MultiPoint", "coordinates": [ [ -58.779544, -38.176497, 82.371346 ] ] } },
{ "type": "Feature", "properties": { "id": 262, "tipo": null, "Potencia": null, "Columna": null }, "geometry": { "type": "MultiPoint", "coordinates": [ [ -58.779785, -38.176142, 81.596901 ] ] } },
{ "type": "Feature", "properties": { "id": 263, "tipo": null, "Potencia": null, "Columna": null }, "geometry": { "type": "MultiPoint", "coordinates": [ [ -58.780161, -38.17601, 82.763237 ] ] } },
{ "type": "Feature", "properties": { "id": 264, "tipo": null, "Potencia": null, "Columna": null }, "geometry": { "type": "MultiPoint", "coordinates": [ [ -58.780457, -38.175776, 83.686974 ] ] } },
{ "type": "Feature", "properties": { "id": 265, "tipo": null, "Potencia": null, "Columna": null }, "geometry": { "type": "MultiPoint", "coordinates": [ [ -58.782416, -38.174135, 82.707253 ] ] } },
{ "type": "Feature", "properties": { "id": 266, "tipo": null, "Potencia": null, "Columna": null }, "geometry": { "type": "MultiPoint", "coordinates": [ [ -58.783488, -38.173487, 83.323074 ] ] } },
{ "type": "Feature", "properties": { "id": 267, "tipo": null, "Potencia": null, "Columna": null }, "geometry": { "type": "MultiPoint", "coordinates": [ [ -58.783887, -38.17303, 82.744576 ] ] } },
{ "type": "Feature", "properties": { "id": 268, "tipo": null, "Potencia": null, "Columna": null }, "geometry": { "type": "MultiPoint", "coordinates": [ [ -58.784137, -38.172835, 83.071152 ] ] } },
{ "type": "Feature", "properties": { "id": 269, "tipo": null, "Potencia": null, "Columna": null }, "geometry": { "type": "MultiPoint", "coordinates": [ [ -58.78438, -38.172641, 83.248428 ] ] } },
{ "type": "Feature", "properties": { "id": 270, "tipo": null, "Potencia": null, "Columna": null }, "geometry": { "type": "MultiPoint", "coordinates": [ [ -58.784619, -38.172457, 83.276421 ] ] } },
{ "type": "Feature", "properties": { "id": 271, "tipo": null, "Potencia": null, "Columna": null }, "geometry": { "type": "MultiPoint", "coordinates": [ [ -58.788679, -38.169532, 93.894753 ] ] } },
{ "type": "Feature", "properties": { "id": 272, "tipo": "led", "Potencia": null, "Columna": null }, "geometry": { "type": "MultiPoint", "coordinates": [ [ -58.789676, -38.168891, 93.894753 ] ] } },
{ "type": "Feature", "properties": { "id": 273, "tipo": "led", "Potencia": null, "Columna": null }, "geometry": { "type": "MultiPoint", "coordinates": [ [ -58.789959, -38.169118, 93.894753 ] ] } },
{ "type": "Feature", "properties": { "id": 274, "tipo": "led", "Potencia": null, "Columna": null }, "geometry": { "type": "MultiPoint", "coordinates": [ [ -58.790217, -38.169335, 93.894753 ] ] } },
{ "type": "Feature", "properties": { "id": 275, "tipo": "led", "Potencia": null, "Columna": null }, "geometry": { "type": "MultiPoint", "coordinates": [ [ -58.790489, -38.169561, 93.894753 ] ] } },
{ "type": "Feature", "properties": { "id": 276, "tipo": "led", "Potencia": null, "Columna": null }, "geometry": { "type": "MultiPoint", "coordinates": [ [ -58.790765, -38.169798, 93.894753 ] ] } },
{ "type": "Feature", "properties": { "id": 277, "tipo": "led", "Potencia": null, "Columna": null }, "geometry": { "type": "MultiPoint", "coordinates": [ [ -58.791022, -38.17001, 93.894753 ] ] } },
{ "type": "Feature", "properties": { "id": 278, "tipo": "led", "Potencia": null, "Columna": null }, "geometry": { "type": "MultiPoint", "coordinates": [ [ -58.791293, -38.170229, 93.894753 ] ] } },
{ "type": "Feature", "properties": { "id": 279, "tipo": "led", "Potencia": null, "Columna": null }, "geometry": { "type": "MultiPoint", "coordinates": [ [ -58.791539, -38.170435, 93.894753 ] ] } },
{ "type": "Feature", "properties": { "id": 280, "tipo": "led", "Potencia": null, "Columna": null }, "geometry": { "type": "MultiPoint", "coordinates": [ [ -58.791832, -38.170673, 93.894753 ] ] } },
{ "type": "Feature", "properties": { "id": 281, "tipo": "led", "Potencia": null, "Columna": null }, "geometry": { "type": "MultiPoint", "coordinates": [ [ -58.792093, -38.170892, 93.782784 ] ] } },
{ "type": "Feature", "properties": { "id": 282, "tipo": "led", "Potencia": null, "Columna": null }, "geometry": { "type": "MultiPoint", "coordinates": [ [ -58.792361, -38.171111, 93.036331 ] ] } },
{ "type": "Feature", "properties": { "id": 283, "tipo": "led", "Potencia": null, "Columna": null }, "geometry": { "type": "MultiPoint", "coordinates": [ [ -58.792627, -38.171319, 94.174675 ] ] } },
{ "type": "Feature", "properties": { "id": 284, "tipo": null, "Potencia": null, "Columna": null }, "geometry": { "type": "MultiPoint", "coordinates": [ [ -58.792054, -38.171896, 94.351952 ] ] } },
{ "type": "Feature", "properties": { "id": 285, "tipo": null, "Potencia": null, "Columna": null }, "geometry": { "type": "MultiPoint", "coordinates": [ [ -58.790305, -38.172444, 94.351952 ] ] } },
{ "type": "Feature", "properties": { "id": 286, "tipo": null, "Potencia": null, "Columna": null }, "geometry": { "type": "MultiPoint", "coordinates": [ [ -58.789648, -38.172081, 94.351952 ] ] } },
{ "type": "Feature", "properties": { "id": 287, "tipo": null, "Potencia": null, "Columna": null }, "geometry": { "type": "MultiPoint", "coordinates": [ [ -58.789809, -38.171963, 94.351952 ] ] } },
{ "type": "Feature", "properties": { "id": 288, "tipo": null, "Potencia": null, "Columna": null }, "geometry": { "type": "MultiPoint", "coordinates": [ [ -58.789275, -38.171574, 94.351952 ] ] } },
{ "type": "Feature", "properties": { "id": 289, "tipo": null, "Potencia": null, "Columna": null }, "geometry": { "type": "MultiPoint", "coordinates": [ [ -58.789767, -38.170455, 94.351952 ] ] } },
{ "type": "Feature", "properties": { "id": 290, "tipo": null, "Potencia": null, "Columna": null }, "geometry": { "type": "MultiPoint", "coordinates": [ [ -58.789947, -38.170604, 94.351952 ] ] } },
{ "type": "Feature", "properties": { "id": 291, "tipo": null, "Potencia": null, "Columna": null }, "geometry": { "type": "MultiPoint", "coordinates": [ [ -58.790119, -38.170761, 94.351952 ] ] } },
{ "type": "Feature", "properties": { "id": 292, "tipo": null, "Potencia": null, "Columna": null }, "geometry": { "type": "MultiPoint", "coordinates": [ [ -58.79048, -38.171058, 94.351952 ] ] } },
{ "type": "Feature", "properties": { "id": 293, "tipo": null, "Potencia": null, "Columna": null }, "geometry": { "type": "MultiPoint", "coordinates": [ [ -58.790246, -38.171594, 94.351952 ] ] } },
{ "type": "Feature", "properties": { "id": 294, "tipo": null, "Potencia": null, "Columna": null }, "geometry": { "type": "MultiPoint", "coordinates": [ [ -58.790756, -38.171228, 94.351952 ] ] } },
{ "type": "Feature", "properties": { "id": 295, "tipo": null, "Potencia": null, "Columna": null }, "geometry": { "type": "MultiPoint", "coordinates": [ [ -58.791018, -38.171041, 94.351952 ] ] } },
{ "type": "Feature", "properties": { "id": 296, "tipo": null, "Potencia": null, "Columna": null }, "geometry": { "type": "MultiPoint", "coordinates": [ [ -58.791286, -38.17082, 94.351952 ] ] } },
{ "type": "Feature", "properties": { "id": 297, "tipo": null, "Potencia": null, "Columna": null }, "geometry": { "type": "MultiPoint", "coordinates": [ [ -58.790407, -38.16979, 94.351952 ] ] } },
{ "type": "Feature", "properties": { "id": 298, "tipo": null, "Potencia": null, "Columna": null }, "geometry": { "type": "MultiPoint", "coordinates": [ [ -58.790168, -38.169967, 94.351952 ] ] } },
{ "type": "Feature", "properties": { "id": 299, "tipo": null, "Potencia": null, "Columna": null }, "geometry": { "type": "MultiPoint", "coordinates": [ [ -58.789932, -38.170128, 94.351952 ] ] } },
{ "type": "Feature", "properties": { "id": 300, "tipo": null, "Potencia": null, "Columna": null }, "geometry": { "type": "MultiPoint", "coordinates": [ [ -58.789681, -38.170315, 94.351952 ] ] } },
{ "type": "Feature", "properties": { "id": 301, "tipo": null, "Potencia": null, "Columna": null }, "geometry": { "type": "MultiPoint", "coordinates": [ [ -58.789515, -38.170327, 94.351952 ] ] } },
{ "type": "Feature", "properties": { "id": 302, "tipo": null, "Potencia": null, "Columna": null }, "geometry": { "type": "MultiPoint", "coordinates": [ [ -58.78925, -38.170099, 94.351952 ] ] } },
{ "type": "Feature", "properties": { "id": 303, "tipo": null, "Potencia": null, "Columna": null }, "geometry": { "type": "MultiPoint", "coordinates": [ [ -58.78916, -38.16992, 94.351952 ] ] } },
{ "type": "Feature", "properties": { "id": 304, "tipo": null, "Potencia": null, "Columna": null }, "geometry": { "type": "MultiPoint", "coordinates": [ [ -58.789361, -38.16976, 94.351952 ] ] } },
{ "type": "Feature", "properties": { "id": 305, "tipo": null, "Potencia": null, "Columna": null }, "geometry": { "type": "MultiPoint", "coordinates": [ [ -58.789622, -38.169544, 94.351952 ] ] } },
{ "type": "Feature", "properties": { "id": 306, "tipo": null, "Potencia": null, "Columna": null }, "geometry": { "type": "MultiPoint", "coordinates": [ [ -58.789875, -38.169348, 94.351952 ] ] } },
{ "type": "Feature", "properties": { "id": 307, "tipo": null, "Potencia": null, "Columna": null }, "geometry": { "type": "MultiPoint", "coordinates": [ [ -58.78904, -38.169892, 94.351952 ] ] } },
{ "type": "Feature", "properties": { "id": 308, "tipo": null, "Potencia": null, "Columna": null }, "geometry": { "type": "MultiPoint", "coordinates": [ [ -58.78873, -38.169661, 94.351952 ] ] } },
{ "type": "Feature", "properties": { "id": 309, "tipo": "led", "Potencia": null, "Columna": null }, "geometry": { "type": "MultiPoint", "coordinates": [ [ -58.788327, -38.169484, 94.351952 ] ] } },
{ "type": "Feature", "properties": { "id": 310, "tipo": "led", "Potencia": null, "Columna": null }, "geometry": { "type": "MultiPoint", "coordinates": [ [ -58.788122, -38.169314, 94.351952 ] ] } },
{ "type": "Feature", "properties": { "id": 311, "tipo": "led", "Potencia": null, "Columna": null }, "geometry": { "type": "MultiPoint", "coordinates": [ [ -58.787843, -38.169171, 94.351952 ] ] } },
{ "type": "Feature", "properties": { "id": 312, "tipo": null, "Potencia": null, "Columna": null }, "geometry": { "type": "MultiPoint", "coordinates": [ [ -58.787584, -38.169377, 94.351952 ] ] } },
{ "type": "Feature", "properties": { "id": 313, "tipo": null, "Potencia": null, "Columna": null }, "geometry": { "type": "MultiPoint", "coordinates": [ [ -58.787367, -38.169535, 94.351952 ] ] } },
{ "type": "Feature", "properties": { "id": 314, "tipo": "led", "Potencia": null, "Columna": null }, "geometry": { "type": "MultiPoint", "coordinates": [ [ -58.787859, -38.169089, 94.351952 ] ] } },
{ "type": "Feature", "properties": { "id": 315, "tipo": "led", "Potencia": null, "Columna": null }, "geometry": { "type": "MultiPoint", "coordinates": [ [ -58.787578, -38.168868, 94.351952 ] ] } },
{ "type": "Feature", "properties": { "id": 316, "tipo": "led 11va", "Potencia": null, "Columna": null }, "geometry": { "type": "MultiPoint", "coordinates": [ [ -58.78732, -38.168618, 94.351952 ] ] } },
{ "type": "Feature", "properties": { "id": 317, "tipo": "led 11va", "Potencia": null, "Columna": null }, "geometry": { "type": "MultiPoint", "coordinates": [ [ -58.787126, -38.168359, 94.351952 ] ] } },
{ "type": "Feature", "properties": { "id": 318, "tipo": "led 11va", "Potencia": null, "Columna": null }, "geometry": { "type": "MultiPoint", "coordinates": [ [ -58.786741, -38.168153, 94.351952 ] ] } },
{ "type": "Feature", "properties": { "id": 319, "tipo": "led 11va", "Potencia": null, "Columna": null }, "geometry": { "type": "MultiPoint", "coordinates": [ [ -58.786556, -38.167879, 94.351952 ] ] } },
{ "type": "Feature", "properties": { "id": 320, "tipo": "led 11va", "Potencia": null, "Columna": null }, "geometry": { "type": "MultiPoint", "coordinates": [ [ -58.786255, -38.167751, 94.351952 ] ] } },
{ "type": "Feature", "properties": { "id": 321, "tipo": "led 11va", "Potencia": null, "Columna": null }, "geometry": { "type": "MultiPoint", "coordinates": [ [ -58.785998, -38.167417, 89.388023 ] ] } },
{ "type": "Feature", "properties": { "id": 322, "tipo": "led 11va", "Potencia": null, "Columna": null }, "geometry": { "type": "MultiPoint", "coordinates": [ [ -58.785673, -38.167285, 89.388023 ] ] } },
{ "type": "Feature", "properties": { "id": 323, "tipo": "led 11va", "Potencia": null, "Columna": null }, "geometry": { "type": "MultiPoint", "coordinates": [ [ -58.785496, -38.167033, 89.388023 ] ] } },
{ "type": "Feature", "properties": { "id": 324, "tipo": "led", "Potencia": null, "Columna": null }, "geometry": { "type": "MultiPoint", "coordinates": [ [ -58.785161, -38.166874, 88.62291 ] ] } },
{ "type": "Feature", "properties": { "id": 325, "tipo": "led", "Potencia": null, "Columna": null }, "geometry": { "type": "MultiPoint", "coordinates": [ [ -58.785007, -38.166612, 88.529602 ] ] } },
{ "type": "Feature", "properties": { "id": 326, "tipo": "led", "Potencia": null, "Columna": null }, "geometry": { "type": "MultiPoint", "coordinates": [ [ -58.784624, -38.166421, 88.408302 ] ] } },
{ "type": "Feature", "properties": { "id": 327, "tipo": "led", "Potencia": null, "Columna": null }, "geometry": { "type": "MultiPoint", "coordinates": [ [ -58.784429, -38.166163, 88.772202 ] ] } },
{ "type": "Feature", "properties": { "id": 328, "tipo": "led", "Potencia": null, "Columna": null }, "geometry": { "type": "MultiPoint", "coordinates": [ [ -58.784108, -38.166031, 88.772202 ] ] } },
{ "type": "Feature", "properties": { "id": 329, "tipo": "led", "Potencia": null, "Columna": null }, "geometry": { "type": "MultiPoint", "coordinates": [ [ -58.783911, -38.165749, 88.772202 ] ] } },
{ "type": "Feature", "properties": { "id": 330, "tipo": "led", "Potencia": null, "Columna": null }, "geometry": { "type": "MultiPoint", "coordinates": [ [ -58.783573, -38.165578, 88.772202 ] ] } },
{ "type": "Feature", "properties": { "id": 331, "tipo": "led", "Potencia": null, "Columna": null }, "geometry": { "type": "MultiPoint", "coordinates": [ [ -58.783382, -38.165284, 88.772202 ] ] } },
{ "type": "Feature", "properties": { "id": 332, "tipo": "led", "Potencia": null, "Columna": null }, "geometry": { "type": "MultiPoint", "coordinates": [ [ -58.782952, -38.165086, 88.781532 ] ] } },
{ "type": "Feature", "properties": { "id": 333, "tipo": "led", "Potencia": null, "Columna": null }, "geometry": { "type": "MultiPoint", "coordinates": [ [ -58.782876, -38.164901, 88.781532 ] ] } },
{ "type": "Feature", "properties": { "id": 334, "tipo": "led", "Potencia": null, "Columna": null }, "geometry": { "type": "MultiPoint", "coordinates": [ [ -58.782648, -38.164822, 88.781532 ] ] } },
{ "type": "Feature", "properties": { "id": 335, "tipo": "led", "Potencia": null, "Columna": null }, "geometry": { "type": "MultiPoint", "coordinates": [ [ -58.782577, -38.164615, 88.781532 ] ] } },
{ "type": "Feature", "properties": { "id": 336, "tipo": "led", "Potencia": null, "Columna": null }, "geometry": { "type": "MultiPoint", "coordinates": [ [ -58.783336, -38.164953, 94.547897 ] ] } },
{ "type": "Feature", "properties": { "id": 337, "tipo": "led", "Potencia": null, "Columna": null }, "geometry": { "type": "MultiPoint", "coordinates": [ [ -58.7836, -38.16494, 94.547897 ] ] } },
{ "type": "Feature", "properties": { "id": 338, "tipo": "led", "Potencia": null, "Columna": null }, "geometry": { "type": "MultiPoint", "coordinates": [ [ -58.783683, -38.164756, 94.547897 ] ] } },
{ "type": "Feature", "properties": { "id": 339, "tipo": "led", "Potencia": null, "Columna": null }, "geometry": { "type": "MultiPoint", "coordinates": [ [ -58.783915, -38.164695, 94.547897 ] ] } },
{ "type": "Feature", "properties": { "id": 340, "tipo": "led", "Potencia": null, "Columna": null }, "geometry": { "type": "MultiPoint", "coordinates": [ [ -58.784276, -38.164694, 94.547897 ] ] } },
{ "type": "Feature", "properties": { "id": 341, "tipo": "led", "Potencia": null, "Columna": null }, "geometry": { "type": "MultiPoint", "coordinates": [ [ -58.784589, -38.164932, 94.547897 ] ] } },
{ "type": "Feature", "properties": { "id": 342, "tipo": "led", "Potencia": null, "Columna": null }, "geometry": { "type": "MultiPoint", "coordinates": [ [ -58.784931, -38.165189, 94.547897 ] ] } },
{ "type": "Feature", "properties": { "id": 343, "tipo": "led", "Potencia": null, "Columna": null }, "geometry": { "type": "MultiPoint", "coordinates": [ [ -58.785215, -38.165408, 94.547897 ] ] } },
{ "type": "Feature", "properties": { "id": 344, "tipo": "led", "Potencia": null, "Columna": null }, "geometry": { "type": "MultiPoint", "coordinates": [ [ -58.785511, -38.165651, 94.547897 ] ] } },
{ "type": "Feature", "properties": { "id": 345, "tipo": "led", "Potencia": null, "Columna": null }, "geometry": { "type": "MultiPoint", "coordinates": [ [ -58.785875, -38.165945, 94.547897 ] ] } },
{ "type": "Feature", "properties": { "id": 346, "tipo": "led", "Potencia": null, "Columna": null }, "geometry": { "type": "MultiPoint", "coordinates": [ [ -58.786181, -38.166199, 94.547897 ] ] } },
{ "type": "Feature", "properties": { "id": 347, "tipo": "led", "Potencia": null, "Columna": null }, "geometry": { "type": "MultiPoint", "coordinates": [ [ -58.786457, -38.166407, 94.547897 ] ] } },
{ "type": "Feature", "properties": { "id": 348, "tipo": "led", "Potencia": null, "Columna": null }, "geometry": { "type": "MultiPoint", "coordinates": [ [ -58.786781, -38.166667, 94.547897 ] ] } },
{ "type": "Feature", "properties": { "id": 349, "tipo": "led", "Potencia": null, "Columna": null }, "geometry": { "type": "MultiPoint", "coordinates": [ [ -58.787082, -38.166934, 94.547897 ] ] } },
{ "type": "Feature", "properties": { "id": 350, "tipo": "led", "Potencia": null, "Columna": null }, "geometry": { "type": "MultiPoint", "coordinates": [ [ -58.787381, -38.167167, 94.547897 ] ] } },
{ "type": "Feature", "properties": { "id": 351, "tipo": "led", "Potencia": null, "Columna": null }, "geometry": { "type": "MultiPoint", "coordinates": [ [ -58.787649, -38.167411, 94.277313 ] ] } },
{ "type": "Feature", "properties": { "id": 352, "tipo": "led", "Potencia": null, "Columna": null }, "geometry": { "type": "MultiPoint", "coordinates": [ [ -58.787986, -38.167665, 94.417267 ] ] } },
{ "type": "Feature", "properties": { "id": 353, "tipo": "led", "Potencia": null, "Columna": null }, "geometry": { "type": "MultiPoint", "coordinates": [ [ -58.78831, -38.167928, 93.409554 ] ] } },
{ "type": "Feature", "properties": { "id": 354, "tipo": "led", "Potencia": null, "Columna": null }, "geometry": { "type": "MultiPoint", "coordinates": [ [ -58.788662, -38.16806, 93.213608 ] ] } },
{ "type": "Feature", "properties": { "id": 355, "tipo": "led", "Potencia": null, "Columna": null }, "geometry": { "type": "MultiPoint", "coordinates": [ [ -58.788892, -38.168242, 93.894753 ] ] } },
{ "type": "Feature", "properties": { "id": 356, "tipo": "led", "Potencia": null, "Columna": null }, "geometry": { "type": "MultiPoint", "coordinates": [ [ -58.789127, -38.168435, 93.894753 ] ] } },
{ "type": "Feature", "properties": { "id": 357, "tipo": "led", "Potencia": null, "Columna": null }, "geometry": { "type": "MultiPoint", "coordinates": [ [ -58.789366, -38.168637, 93.894753 ] ] } },
{ "type": "Feature", "properties": { "id": 358, "tipo": null, "Potencia": null, "Columna": null }, "geometry": { "type": "MultiPoint", "coordinates": [ [ -58.789366, -38.169011, 93.894753 ] ] } },
{ "type": "Feature", "properties": { "id": 359, "tipo": null, "Potencia": null, "Columna": null }, "geometry": { "type": "MultiPoint", "coordinates": [ [ -58.789169, -38.169151, 93.894753 ] ] } },
{ "type": "Feature", "properties": { "id": 360, "tipo": null, "Potencia": null, "Columna": null }, "geometry": { "type": "MultiPoint", "coordinates": [ [ -58.788924, -38.169337, 93.894753 ] ] } },
{ "type": "Feature", "properties": { "id": 361, "tipo": "led", "Potencia": null, "Columna": null }, "geometry": { "type": "MultiPoint", "coordinates": [ [ -58.782338, -38.164551, 88.781532 ] ] } },
{ "type": "Feature", "properties": { "id": 362, "tipo": "led", "Potencia": null, "Columna": null }, "geometry": { "type": "MultiPoint", "coordinates": [ [ -58.781359, -38.165135, 146.855759 ] ] } },
{ "type": "Feature", "properties": { "id": 363, "tipo": "led", "Potencia": null, "Columna": null }, "geometry": { "type": "MultiPoint", "coordinates": [ [ -58.781435, -38.165339, 146.855759 ] ] } },
{ "type": "Feature", "properties": { "id": 364, "tipo": "led", "Potencia": null, "Columna": null }, "geometry": { "type": "MultiPoint", "coordinates": [ [ -58.781741, -38.165435, 146.855759 ] ] } },
{ "type": "Feature", "properties": { "id": 365, "tipo": "led", "Potencia": null, "Columna": null }, "geometry": { "type": "MultiPoint", "coordinates": [ [ -58.781851, -38.165671, 146.855759 ] ] } },
{ "type": "Feature", "properties": { "id": 366, "tipo": "led", "Potencia": null, "Columna": null }, "geometry": { "type": "MultiPoint", "coordinates": [ [ -58.782081, -38.165826, 146.855759 ] ] } },
{ "type": "Feature", "properties": { "id": 367, "tipo": "led", "Potencia": null, "Columna": null }, "geometry": { "type": "MultiPoint", "coordinates": [ [ -58.7823, -38.165994, 146.855759 ] ] } },
{ "type": "Feature", "properties": { "id": 368, "tipo": "led", "Potencia": null, "Columna": null }, "geometry": { "type": "MultiPoint", "coordinates": [ [ -58.782568, -38.16624, 146.855759 ] ] } },
{ "type": "Feature", "properties": { "id": 369, "tipo": "led", "Potencia": null, "Columna": null }, "geometry": { "type": "MultiPoint", "coordinates": [ [ -58.782837, -38.166447, 146.034653 ] ] } },
{ "type": "Feature", "properties": { "id": 370, "tipo": "led", "Potencia": null, "Columna": null }, "geometry": { "type": "MultiPoint", "coordinates": [ [ -58.783095, -38.166681, 146.090637 ] ] } },
{ "type": "Feature", "properties": { "id": 371, "tipo": "led", "Potencia": null, "Columna": null }, "geometry": { "type": "MultiPoint", "coordinates": [ [ -58.783355, -38.16688, 146.958389 ] ] } },
{ "type": "Feature", "properties": { "id": 372, "tipo": "led", "Potencia": null, "Columna": null }, "geometry": { "type": "MultiPoint", "coordinates": [ [ -58.783696, -38.167144, 146.351898 ] ] } },
{ "type": "Feature", "properties": { "id": 373, "tipo": "led", "Potencia": null, "Columna": null }, "geometry": { "type": "MultiPoint", "coordinates": [ [ -58.783918, -38.167368, 146.053314 ] ] } },
{ "type": "Feature", "properties": { "id": 374, "tipo": "led", "Potencia": null, "Columna": null }, "geometry": { "type": "MultiPoint", "coordinates": [ [ -58.784217, -38.16757, 146.911743 ] ] } },
{ "type": "Feature", "properties": { "id": 375, "tipo": "led", "Potencia": null, "Columna": null }, "geometry": { "type": "MultiPoint", "coordinates": [ [ -58.784434, -38.167756, 146.799774 ] ] } },
{ "type": "Feature", "properties": { "id": 376, "tipo": "led", "Potencia": null, "Columna": null }, "geometry": { "type": "MultiPoint", "coordinates": [ [ -58.784731, -38.168013, 147.11702 ] ] } },
{ "type": "Feature", "properties": { "id": 377, "tipo": "led", "Potencia": null, "Columna": null }, "geometry": { "type": "MultiPoint", "coordinates": [ [ -58.784954, -38.168233, 147.602219 ] ] } },
{ "type": "Feature", "properties": { "id": 378, "tipo": "led", "Potencia": null, "Columna": null }, "geometry": { "type": "MultiPoint", "coordinates": [ [ -58.785291, -38.168434, 142.563644 ] ] } },
{ "type": "Feature", "properties": { "id": 379, "tipo": null, "Potencia": 150, "Columna": "alta" }, "geometry": { "type": "MultiPoint", "coordinates": [ [ -58.785533, -38.168654, 145.801392 ] ] } },
{ "type": "Feature", "properties": { "id": 380, "tipo": null, "Potencia": 150, "Columna": "alta" }, "geometry": { "type": "MultiPoint", "coordinates": [ [ -58.78584, -38.168883, 146.361237 ] ] } },
{ "type": "Feature", "properties": { "id": 381, "tipo": null, "Potencia": 150, "Columna": "alta" }, "geometry": { "type": "MultiPoint", "coordinates": [ [ -58.786109, -38.169112, 145.717407 ] ] } },
{ "type": "Feature", "properties": { "id": 382, "tipo": null, "Potencia": 150, "Columna": "alta" }, "geometry": { "type": "MultiPoint", "coordinates": [ [ -58.786378, -38.169321, 145.857376 ] ] } },
{ "type": "Feature", "properties": { "id": 383, "tipo": null, "Potencia": null, "Columna": null }, "geometry": { "type": "MultiPoint", "coordinates": [ [ -58.786676, -38.169425, 145.904022 ] ] } },
{ "type": "Feature", "properties": { "id": 384, "tipo": null, "Potencia": null, "Columna": null }, "geometry": { "type": "MultiPoint", "coordinates": [ [ -58.78691, -38.169625, 146.445206 ] ] } },
{ "type": "Feature", "properties": { "id": 385, "tipo": null, "Potencia": null, "Columna": null }, "geometry": { "type": "MultiPoint", "coordinates": [ [ -58.787001, -38.169875, 145.726746 ] ] } },
{ "type": "Feature", "properties": { "id": 386, "tipo": null, "Potencia": null, "Columna": null }, "geometry": { "type": "MultiPoint", "coordinates": [ [ -58.787356, -38.169983, 145.978668 ] ] } },
{ "type": "Feature", "properties": { "id": 387, "tipo": null, "Potencia": null, "Columna": null }, "geometry": { "type": "MultiPoint", "coordinates": [ [ -58.787566, -38.170164, 146.445206 ] ] } },
{ "type": "Feature", "properties": { "id": 388, "tipo": null, "Potencia": null, "Columna": null }, "geometry": { "type": "MultiPoint", "coordinates": [ [ -58.787921, -38.169956, 146.445206 ] ] } },
{ "type": "Feature", "properties": { "id": 389, "tipo": null, "Potencia": null, "Columna": null }, "geometry": { "type": "MultiPoint", "coordinates": [ [ -58.788117, -38.169804, 146.445206 ] ] } },
{ "type": "Feature", "properties": { "id": 390, "tipo": null, "Potencia": null, "Columna": null }, "geometry": { "type": "MultiPoint", "coordinates": [ [ -58.788253, -38.170724, 146.445206 ] ] } },
{ "type": "Feature", "properties": { "id": 391, "tipo": null, "Potencia": null, "Columna": null }, "geometry": { "type": "MultiPoint", "coordinates": [ [ -58.78756, -38.170398, 146.445206 ] ] } },
{ "type": "Feature", "properties": { "id": 392, "tipo": null, "Potencia": null, "Columna": null }, "geometry": { "type": "MultiPoint", "coordinates": [ [ -58.787053, -38.170779, 145.344193 ] ] } },
{ "type": "Feature", "properties": { "id": 393, "tipo": null, "Potencia": null, "Columna": null }, "geometry": { "type": "MultiPoint", "coordinates": [ [ -58.786589, -38.171133, 145.689423 ] ] } },
{ "type": "Feature", "properties": { "id": 394, "tipo": null, "Potencia": null, "Columna": null }, "geometry": { "type": "MultiPoint", "coordinates": [ [ -58.786515, -38.171008, 145.894699 ] ] } },
{ "type": "Feature", "properties": { "id": 395, "tipo": null, "Potencia": null, "Columna": null }, "geometry": { "type": "MultiPoint", "coordinates": [ [ -58.786174, -38.170526, 147.46225 ] ] } },
{ "type": "Feature", "properties": { "id": 396, "tipo": null, "Potencia": null, "Columna": null }, "geometry": { "type": "MultiPoint", "coordinates": [ [ -58.785823, -38.170416, 146.986389 ] ] } },
{ "type": "Feature", "properties": { "id": 397, "tipo": null, "Potencia": null, "Columna": null }, "geometry": { "type": "MultiPoint", "coordinates": [ [ -58.785443, -38.170103, 146.809097 ] ] } },
{ "type": "Feature", "properties": { "id": 398, "tipo": null, "Potencia": null, "Columna": null }, "geometry": { "type": "MultiPoint", "coordinates": [ [ -58.785248, -38.169943, 147.135681 ] ] } },
{ "type": "Feature", "properties": { "id": 399, "tipo": null, "Potencia": null, "Columna": null }, "geometry": { "type": "MultiPoint", "coordinates": [ [ -58.785039, -38.169717, 147.984772 ] ] } },
{ "type": "Feature", "properties": { "id": 400, "tipo": null, "Potencia": null, "Columna": null }, "geometry": { "type": "MultiPoint", "coordinates": [ [ -58.78487, -38.169466, 147.527573 ] ] } },
{ "type": "Feature", "properties": { "id": 401, "tipo": null, "Potencia": null, "Columna": null }, "geometry": { "type": "MultiPoint", "coordinates": [ [ -58.784568, -38.169285, 147.994095 ] ] } },
{ "type": "Feature", "properties": { "id": 402, "tipo": null, "Potencia": null, "Columna": null }, "geometry": { "type": "MultiPoint", "coordinates": [ [ -58.784372, -38.169059, 148.815201 ] ] } },
{ "type": "Feature", "properties": { "id": 403, "tipo": null, "Potencia": null, "Columna": null }, "geometry": { "type": "MultiPoint", "coordinates": [ [ -58.784, -38.168838, 146.417221 ] ] } },
{ "type": "Feature", "properties": { "id": 404, "tipo": null, "Potencia": null, "Columna": null }, "geometry": { "type": "MultiPoint", "coordinates": [ [ -58.783725, -38.168538, 148.619263 ] ] } },
{ "type": "Feature", "properties": { "id": 405, "tipo": null, "Potencia": null, "Columna": null }, "geometry": { "type": "MultiPoint", "coordinates": [ [ -58.783458, -38.168406, 147.798157 ] ] } },
{ "type": "Feature", "properties": { "id": 406, "tipo": null, "Potencia": null, "Columna": null }, "geometry": { "type": "MultiPoint", "coordinates": [ [ -58.783183, -38.168203, 147.480911 ] ] } },
{ "type": "Feature", "properties": { "id": 407, "tipo": null, "Potencia": null, "Columna": null }, "geometry": { "type": "MultiPoint", "coordinates": [ [ -58.782872, -38.168007, 146.015991 ] ] } },
{ "type": "Feature", "properties": { "id": 408, "tipo": null, "Potencia": null, "Columna": null }, "geometry": { "type": "MultiPoint", "coordinates": [ [ -58.782656, -38.167771, 146.435883 ] ] } },
{ "type": "Feature", "properties": { "id": 409, "tipo": null, "Potencia": null, "Columna": null }, "geometry": { "type": "MultiPoint", "coordinates": [ [ -58.782419, -38.167531, 146.062653 ] ] } },
{ "type": "Feature", "properties": { "id": 410, "tipo": "led", "Potencia": null, "Columna": null }, "geometry": { "type": "MultiPoint", "coordinates": [ [ -58.782217, -38.167445, 148.115402 ] ] } },
{ "type": "Feature", "properties": { "id": 411, "tipo": "led", "Potencia": null, "Columna": null }, "geometry": { "type": "MultiPoint", "coordinates": [ [ -58.781964, -38.167154, 146.659821 ] ] } },
{ "type": "Feature", "properties": { "id": 412, "tipo": "led", "Potencia": null, "Columna": null }, "geometry": { "type": "MultiPoint", "coordinates": [ [ -58.781681, -38.167012, 148.050079 ] ] } },
{ "type": "Feature", "properties": { "id": 413, "tipo": "led", "Potencia": null, "Columna": null }, "geometry": { "type": "MultiPoint", "coordinates": [ [ -58.78148, -38.166748, 148.236694 ] ] } },
{ "type": "Feature", "properties": { "id": 414, "tipo": "led", "Potencia": null, "Columna": null }, "geometry": { "type": "MultiPoint", "coordinates": [ [ -58.781329, -38.166672, 147.191666 ] ] } },
{ "type": "Feature", "properties": { "id": 415, "tipo": "led", "Potencia": null, "Columna": null }, "geometry": { "type": "MultiPoint", "coordinates": [ [ -58.781132, -38.16659, 147.96611 ] ] } },
{ "type": "Feature", "properties": { "id": 416, "tipo": "led", "Potencia": null, "Columna": null }, "geometry": { "type": "MultiPoint", "coordinates": [ [ -58.781009, -38.16636, 148.320679 ] ] } },
{ "type": "Feature", "properties": { "id": 417, "tipo": "led", "Potencia": null, "Columna": null }, "geometry": { "type": "MultiPoint", "coordinates": [ [ -58.78075, -38.166235, 148.320679 ] ] } },
{ "type": "Feature", "properties": { "id": 418, "tipo": "led", "Potencia": null, "Columna": null }, "geometry": { "type": "MultiPoint", "coordinates": [ [ -58.780629, -38.166033, 148.320679 ] ] } },
{ "type": "Feature", "properties": { "id": 419, "tipo": "led", "Potencia": null, "Columna": null }, "geometry": { "type": "MultiPoint", "coordinates": [ [ -58.780332, -38.165905, 148.320679 ] ] } },
{ "type": "Feature", "properties": { "id": 420, "tipo": "led", "Potencia": null, "Columna": null }, "geometry": { "type": "MultiPoint", "coordinates": [ [ -58.779353, -38.166619, 140.678833 ] ] } },
{ "type": "Feature", "properties": { "id": 421, "tipo": "led", "Potencia": null, "Columna": null }, "geometry": { "type": "MultiPoint", "coordinates": [ [ -58.779638, -38.16675, 140.678833 ] ] } },
{ "type": "Feature", "properties": { "id": 422, "tipo": "led", "Potencia": null, "Columna": null }, "geometry": { "type": "MultiPoint", "coordinates": [ [ -58.779757, -38.166957, 140.678833 ] ] } },
{ "type": "Feature", "properties": { "id": 423, "tipo": "led", "Potencia": null, "Columna": null }, "geometry": { "type": "MultiPoint", "coordinates": [ [ -58.780026, -38.167067, 140.678833 ] ] } },
{ "type": "Feature", "properties": { "id": 424, "tipo": "led", "Potencia": null, "Columna": null }, "geometry": { "type": "MultiPoint", "coordinates": [ [ -58.780149, -38.167284, 139.624466 ] ] } },
{ "type": "Feature", "properties": { "id": 425, "tipo": "led 11va", "Potencia": null, "Columna": null }, "geometry": { "type": "MultiPoint", "coordinates": [ [ -58.780504, -38.167459, 140.576202 ] ] } },
{ "type": "Feature", "properties": { "id": 426, "tipo": "led 11va", "Potencia": null, "Columna": null }, "geometry": { "type": "MultiPoint", "coordinates": [ [ -58.780724, -38.167715, 140.333603 ] ] } },
{ "type": "Feature", "properties": { "id": 427, "tipo": "led 11va", "Potencia": null, "Columna": null }, "geometry": { "type": "MultiPoint", "coordinates": [ [ -58.781024, -38.16784, 141.378647 ] ] } },
{ "type": "Feature", "properties": { "id": 428, "tipo": "led 11va", "Potencia": null, "Columna": null }, "geometry": { "type": "MultiPoint", "coordinates": [ [ -58.781217, -38.168111, 141.257339 ] ] } },
{ "type": "Feature", "properties": { "id": 430, "tipo": "led 14va", "Potencia": 120, "Columna": "baja" }, "geometry": { "type": "MultiPoint", "coordinates": [ [ -58.781562, -38.16824, 141.406631 ] ] } },
{ "type": "Feature", "properties": { "id": 432, "tipo": "led 14va", "Potencia": 120, "Columna": "baja" }, "geometry": { "type": "MultiPoint", "coordinates": [ [ -58.782227, -38.168805, 142.022461 ] ] } },
{ "type": "Feature", "properties": { "id": 433, "tipo": null, "Potencia": 120, "Columna": "baja" }, "geometry": { "type": "MultiPoint", "coordinates": [ [ -58.782475, -38.169078, 141.798523 ] ] } },
{ "type": "Feature", "properties": { "id": 434, "tipo": null, "Potencia": 120, "Columna": "baja" }, "geometry": { "type": "MultiPoint", "coordinates": [ [ -58.782913, -38.169345, 142.890213 ] ] } },
{ "type": "Feature", "properties": { "id": 435, "tipo": null, "Potencia": 120, "Columna": "baja" }, "geometry": { "type": "MultiPoint", "coordinates": [ [ -58.783063, -38.169484, 142.488998 ] ] } },
{ "type": "Feature", "properties": { "id": 436, "tipo": null, "Potencia": 120, "Columna": "baja" }, "geometry": { "type": "MultiPoint", "coordinates": [ [ -58.783303, -38.169711, 143.086151 ] ] } },
{ "type": "Feature", "properties": { "id": 437, "tipo": null, "Potencia": null, "Columna": null }, "geometry": { "type": "MultiPoint", "coordinates": [ [ -58.783667, -38.17001, 143.086151 ] ] } },
{ "type": "Feature", "properties": { "id": 438, "tipo": null, "Potencia": null, "Columna": null }, "geometry": { "type": "MultiPoint", "coordinates": [ [ -58.783899, -38.170186, 143.086151 ] ] } },
{ "type": "Feature", "properties": { "id": 439, "tipo": null, "Potencia": null, "Columna": null }, "geometry": { "type": "MultiPoint", "coordinates": [ [ -58.784151, -38.17037, 143.086151 ] ] } },
{ "type": "Feature", "properties": { "id": 440, "tipo": null, "Potencia": null, "Columna": null }, "geometry": { "type": "MultiPoint", "coordinates": [ [ -58.784359, -38.170613, 143.086151 ] ] } },
{ "type": "Feature", "properties": { "id": 441, "tipo": null, "Potencia": null, "Columna": null }, "geometry": { "type": "MultiPoint", "coordinates": [ [ -58.78459, -38.170731, 143.086151 ] ] } },
{ "type": "Feature", "properties": { "id": 442, "tipo": null, "Potencia": null, "Columna": null }, "geometry": { "type": "MultiPoint", "coordinates": [ [ -58.785061, -38.171102, 143.086151 ] ] } },
{ "type": "Feature", "properties": { "id": 443, "tipo": null, "Potencia": null, "Columna": null }, "geometry": { "type": "MultiPoint", "coordinates": [ [ -58.785211, -38.171227, 143.086151 ] ] } },
{ "type": "Feature", "properties": { "id": 444, "tipo": null, "Potencia": null, "Columna": null }, "geometry": { "type": "MultiPoint", "coordinates": [ [ -58.785661, -38.171809, 137.814316 ] ] } },
{ "type": "Feature", "properties": { "id": 445, "tipo": null, "Potencia": null, "Columna": null }, "geometry": { "type": "MultiPoint", "coordinates": [ [ -58.784403, -38.172252, 142.442337 ] ] } },
{ "type": "Feature", "properties": { "id": 446, "tipo": null, "Potencia": null, "Columna": null }, "geometry": { "type": "MultiPoint", "coordinates": [ [ -58.78425, -38.172119, 142.806244 ] ] } },
{ "type": "Feature", "properties": { "id": 447, "tipo": null, "Potencia": null, "Columna": null }, "geometry": { "type": "MultiPoint", "coordinates": [ [ -58.784048, -38.171961, 142.181076 ] ] } },
{ "type": "Feature", "properties": { "id": 448, "tipo": null, "Potencia": null, "Columna": null }, "geometry": { "type": "MultiPoint", "coordinates": [ [ -58.783756, -38.17211, 142.367691 ] ] } },
{ "type": "Feature", "properties": { "id": 449, "tipo": null, "Potencia": null, "Columna": null }, "geometry": { "type": "MultiPoint", "coordinates": [ [ -58.783215, -38.171262, 142.591629 ] ] } },
{ "type": "Feature", "properties": { "id": 450, "tipo": null, "Potencia": null, "Columna": null }, "geometry": { "type": "MultiPoint", "coordinates": [ [ -58.783027, -38.170938, 143.06749 ] ] } },
{ "type": "Feature", "properties": { "id": 451, "tipo": null, "Potencia": 120, "Columna": "baja" }, "geometry": { "type": "MultiPoint", "coordinates": [ [ -58.782589, -38.170703, 143.272766 ] ] } },
{ "type": "Feature", "properties": { "id": 452, "tipo": null, "Potencia": 120, "Columna": "baja" }, "geometry": { "type": "MultiPoint", "coordinates": [ [ -58.782265, -38.170517, 143.338089 ] ] } },
{ "type": "Feature", "properties": { "id": 453, "tipo": null, "Potencia": 120, "Columna": "baja" }, "geometry": { "type": "MultiPoint", "coordinates": [ [ -58.78193, -38.170241, 143.767303 ] ] } },
{ "type": "Feature", "properties": { "id": 454, "tipo": null, "Potencia": 120, "Columna": "baja" }, "geometry": { "type": "MultiPoint", "coordinates": [ [ -58.781723, -38.170073, 142.955536 ] ] } },
{ "type": "Feature", "properties": { "id": 455, "tipo": null, "Potencia": 120, "Columna": "baja" }, "geometry": { "type": "MultiPoint", "coordinates": [ [ -58.781687, -38.169865, 142.181076 ] ] } },
{ "type": "Feature", "properties": { "id": 456, "tipo": null, "Potencia": 120, "Columna": "baja" }, "geometry": { "type": "MultiPoint", "coordinates": [ [ -58.782005, -38.169497, 143.244781 ] ] } },
{ "type": "Feature", "properties": { "id": 457, "tipo": null, "Potencia": null, "Columna": null }, "geometry": { "type": "MultiPoint", "coordinates": [ [ -58.781329, -38.170438, 143.935257 ] ] } },
{ "type": "Feature", "properties": { "id": 458, "tipo": null, "Potencia": 120, "Columna": "baja" }, "geometry": { "type": "MultiPoint", "coordinates": [ [ -58.781479, -38.169648, 143.935257 ] ] } },
{ "type": "Feature", "properties": { "id": 459, "tipo": null, "Potencia": 120, "Columna": "baja" }, "geometry": { "type": "MultiPoint", "coordinates": [ [ -58.781226, -38.169458, 143.935257 ] ] } },
{ "type": "Feature", "properties": { "id": 460, "tipo": null, "Potencia": 120, "Columna": "baja" }, "geometry": { "type": "MultiPoint", "coordinates": [ [ -58.780954, -38.169422, 143.935257 ] ] } },
{ "type": "Feature", "properties": { "id": 461, "tipo": null, "Potencia": 120, "Columna": "baja" }, "geometry": { "type": "MultiPoint", "coordinates": [ [ -58.780759, -38.169097, 143.935257 ] ] } },
{ "type": "Feature", "properties": { "id": 462, "tipo": null, "Potencia": null, "Columna": null }, "geometry": { "type": "MultiPoint", "coordinates": [ [ -58.780479, -38.168973, 143.935257 ] ] } },
{ "type": "Feature", "properties": { "id": 463, "tipo": "led 11va", "Potencia": null, "Columna": null }, "geometry": { "type": "MultiPoint", "coordinates": [ [ -58.78037, -38.168814, 141.789185 ] ] } },
{ "type": "Feature", "properties": { "id": 464, "tipo": "led 11va", "Potencia": null, "Columna": null }, "geometry": { "type": "MultiPoint", "coordinates": [ [ -58.780137, -38.16862, 143.552689 ] ] } },
{ "type": "Feature", "properties": { "id": 465, "tipo": "led 11va", "Potencia": null, "Columna": null }, "geometry": { "type": "MultiPoint", "coordinates": [ [ -58.779858, -38.168391, 144.812332 ] ] } },
{ "type": "Feature", "properties": { "id": 466, "tipo": "led 11va", "Potencia": null, "Columna": null }, "geometry": { "type": "MultiPoint", "coordinates": [ [ -58.779576, -38.168175, 144.448441 ] ] } },
{ "type": "Feature", "properties": { "id": 467, "tipo": "led", "Potencia": null, "Columna": null }, "geometry": { "type": "MultiPoint", "coordinates": [ [ -58.779327, -38.16797, 144.401779 ] ] } },
{ "type": "Feature", "properties": { "id": 468, "tipo": "led", "Potencia": null, "Columna": null }, "geometry": { "type": "MultiPoint", "coordinates": [ [ -58.779138, -38.167819, 144.812332 ] ] } },
{ "type": "Feature", "properties": { "id": 469, "tipo": "led", "Potencia": null, "Columna": null }, "geometry": { "type": "MultiPoint", "coordinates": [ [ -58.778957, -38.167667, 145.260208 ] ] } },
{ "type": "Feature", "properties": { "id": 470, "tipo": "led", "Potencia": null, "Columna": null }, "geometry": { "type": "MultiPoint", "coordinates": [ [ -58.778709, -38.167456, 144.607056 ] ] } },
{ "type": "Feature", "properties": { "id": 471, "tipo": "led", "Potencia": null, "Columna": null }, "geometry": { "type": "MultiPoint", "coordinates": [ [ -58.778506, -38.167281, 144.719025 ] ] } },
{ "type": "Feature", "properties": { "id": 472, "tipo": "led", "Potencia": null, "Columna": null }, "geometry": { "type": "MultiPoint", "coordinates": [ [ -58.777467, -38.168015, 145.204224 ] ] } },
{ "type": "Feature", "properties": { "id": 473, "tipo": "led", "Potencia": null, "Columna": null }, "geometry": { "type": "MultiPoint", "coordinates": [ [ -58.777716, -38.168142, 145.204224 ] ] } },
{ "type": "Feature", "properties": { "id": 474, "tipo": "led", "Potencia": null, "Columna": null }, "geometry": { "type": "MultiPoint", "coordinates": [ [ -58.777856, -38.168351, 143.832611 ] ] } },
{ "type": "Feature", "properties": { "id": 475, "tipo": "led", "Potencia": null, "Columna": null }, "geometry": { "type": "MultiPoint", "coordinates": [ [ -58.778107, -38.168475, 144.28981 ] ] } },
{ "type": "Feature", "properties": { "id": 476, "tipo": "led", "Potencia": null, "Columna": null }, "geometry": { "type": "MultiPoint", "coordinates": [ [ -58.777356, -38.169461, 143.655334 ] ] } },
{ "type": "Feature", "properties": { "id": 477, "tipo": "led", "Potencia": null, "Columna": null }, "geometry": { "type": "MultiPoint", "coordinates": [ [ -58.777214, -38.169229, 143.879272 ] ] } },
{ "type": "Feature", "properties": { "id": 478, "tipo": "led", "Potencia": null, "Columna": null }, "geometry": { "type": "MultiPoint", "coordinates": [ [ -58.776935, -38.169119, 144.131195 ] ] } },
{ "type": "Feature", "properties": { "id": 479, "tipo": "led", "Potencia": null, "Columna": null }, "geometry": { "type": "MultiPoint", "coordinates": [ [ -58.776758, -38.16888, 144.131195 ] ] } },
{ "type": "Feature", "properties": { "id": 480, "tipo": "led", "Potencia": null, "Columna": null }, "geometry": { "type": "MultiPoint", "coordinates": [ [ -58.776568, -38.168815, 144.131195 ] ] } },
{ "type": "Feature", "properties": { "id": 481, "tipo": null, "Potencia": 150, "Columna": "alta" }, "geometry": { "type": "MultiPoint", "coordinates": [ [ -58.775637, -38.16943, 144.131195 ] ] } },
{ "type": "Feature", "properties": { "id": 482, "tipo": null, "Potencia": 150, "Columna": "alta" }, "geometry": { "type": "MultiPoint", "coordinates": [ [ -58.77584, -38.169585, 144.131195 ] ] } },
{ "type": "Feature", "properties": { "id": 483, "tipo": null, "Potencia": 150, "Columna": "alta" }, "geometry": { "type": "MultiPoint", "coordinates": [ [ -58.776058, -38.169754, 144.131195 ] ] } },
{ "type": "Feature", "properties": { "id": 484, "tipo": null, "Potencia": 150, "Columna": "alta" }, "geometry": { "type": "MultiPoint", "coordinates": [ [ -58.776257, -38.169925, 144.131195 ] ] } },
{ "type": "Feature", "properties": { "id": 485, "tipo": null, "Potencia": 150, "Columna": "alta" }, "geometry": { "type": "MultiPoint", "coordinates": [ [ -58.776392, -38.170141, 144.131195 ] ] } },
{ "type": "Feature", "properties": { "id": 486, "tipo": null, "Potencia": 120, "Columna": "baja" }, "geometry": { "type": "MultiPoint", "coordinates": [ [ -58.776775, -38.170444, 144.131195 ] ] } },
{ "type": "Feature", "properties": { "id": 487, "tipo": null, "Potencia": 120, "Columna": "baja" }, "geometry": { "type": "MultiPoint", "coordinates": [ [ -58.776989, -38.170622, 144.131195 ] ] } },
{ "type": "Feature", "properties": { "id": 488, "tipo": null, "Potencia": 120, "Columna": "baja" }, "geometry": { "type": "MultiPoint", "coordinates": [ [ -58.777206, -38.17082, 144.131195 ] ] } },
{ "type": "Feature", "properties": { "id": 489, "tipo": null, "Potencia": 120, "Columna": "baja" }, "geometry": { "type": "MultiPoint", "coordinates": [ [ -58.777491, -38.171036, 144.131195 ] ] } },
{ "type": "Feature", "properties": { "id": 490, "tipo": "led 14va", "Potencia": 120, "Columna": "baja" }, "geometry": { "type": "MultiPoint", "coordinates": [ [ -58.77758, -38.170801, 144.131195 ] ] } },
{ "type": "Feature", "properties": { "id": 491, "tipo": "led 14va", "Potencia": 120, "Columna": "baja" }, "geometry": { "type": "MultiPoint", "coordinates": [ [ -58.777871, -38.170561, 140.632187 ] ] } },
{ "type": "Feature", "properties": { "id": 492, "tipo": "led 14va", "Potencia": 120, "Columna": "baja" }, "geometry": { "type": "MultiPoint", "coordinates": [ [ -58.778198, -38.17033, 143.963242 ] ] } },
{ "type": "Feature", "properties": { "id": 493, "tipo": "led 14va", "Potencia": 120, "Columna": "baja" }, "geometry": { "type": "MultiPoint", "coordinates": [ [ -58.778519, -38.170087, 145.446823 ] ] } },
{ "type": "Feature", "properties": { "id": 494, "tipo": "led 14va", "Potencia": 120, "Columna": "baja" }, "geometry": { "type": "MultiPoint", "coordinates": [ [ -58.778682, -38.169952, 145.325531 ] ] } },
{ "type": "Feature", "properties": { "id": 495, "tipo": null, "Potencia": 150, "Columna": "alta" }, "geometry": { "type": "MultiPoint", "coordinates": [ [ -58.778746, -38.169699, 142.824905 ] ] } },
{ "type": "Feature", "properties": { "id": 496, "tipo": null, "Potencia": 150, "Columna": "alta" }, "geometry": { "type": "MultiPoint", "coordinates": [ [ -58.778359, -38.169464, 144.775009 ] ] } },
{ "type": "Feature", "properties": { "id": 497, "tipo": null, "Potencia": 150, "Columna": "alta" }, "geometry": { "type": "MultiPoint", "coordinates": [ [ -58.778521, -38.169608, 145.372177 ] ] } },
{ "type": "Feature", "properties": { "id": 498, "tipo": null, "Potencia": 150, "Columna": "alta" }, "geometry": { "type": "MultiPoint", "coordinates": [ [ -58.77904, -38.169696, 149.64563 ] ] } },
{ "type": "Feature", "properties": { "id": 499, "tipo": null, "Potencia": 150, "Columna": "alta" }, "geometry": { "type": "MultiPoint", "coordinates": [ [ -58.77928, -38.169488, 144.457764 ] ] } },
{ "type": "Feature", "properties": { "id": 500, "tipo": null, "Potencia": 150, "Columna": "alta" }, "geometry": { "type": "MultiPoint", "coordinates": [ [ -58.779526, -38.169314, 144.065887 ] ] } },
{ "type": "Feature", "properties": { "id": 501, "tipo": null, "Potencia": 150, "Columna": "alta" }, "geometry": { "type": "MultiPoint", "coordinates": [ [ -58.779743, -38.169147, 144.168518 ] ] } },
{ "type": "Feature", "properties": { "id": 502, "tipo": null, "Potencia": 150, "Columna": "alta" }, "geometry": { "type": "MultiPoint", "coordinates": [ [ -58.779984, -38.168962, 144.355133 ] ] } },
{ "type": "Feature", "properties": { "id": 503, "tipo": null, "Potencia": null, "Columna": null }, "geometry": { "type": "MultiPoint", "coordinates": [ [ -58.779559, -38.16974, 142.34903 ] ] } },
{ "type": "Feature", "properties": { "id": 504, "tipo": null, "Potencia": null, "Columna": null }, "geometry": { "type": "MultiPoint", "coordinates": [ [ -58.780102, -38.170046, 142.339706 ] ] } },
{ "type": "Feature", "properties": { "id": 505, "tipo": null, "Potencia": null, "Columna": null }, "geometry": { "type": "MultiPoint", "coordinates": [ [ -58.780257, -38.170179, 142.339706 ] ] } },
{ "type": "Feature", "properties": { "id": 506, "tipo": null, "Potencia": null, "Columna": null }, "geometry": { "type": "MultiPoint", "coordinates": [ [ -58.780416, -38.170312, 142.339706 ] ] } },
{ "type": "Feature", "properties": { "id": 507, "tipo": null, "Potencia": null, "Columna": null }, "geometry": { "type": "MultiPoint", "coordinates": [ [ -58.780623, -38.170567, 142.339706 ] ] } },
{ "type": "Feature", "properties": { "id": 508, "tipo": null, "Potencia": 120, "Columna": "baja" }, "geometry": { "type": "MultiPoint", "coordinates": [ [ -58.780728, -38.170562, 142.339706 ] ] } },
{ "type": "Feature", "properties": { "id": 509, "tipo": null, "Potencia": 120, "Columna": "baja" }, "geometry": { "type": "MultiPoint", "coordinates": [ [ -58.780914, -38.170726, 142.339706 ] ] } },
{ "type": "Feature", "properties": { "id": 510, "tipo": null, "Potencia": 120, "Columna": "baja" }, "geometry": { "type": "MultiPoint", "coordinates": [ [ -58.781054, -38.171001, 142.339706 ] ] } },
{ "type": "Feature", "properties": { "id": 511, "tipo": null, "Potencia": 120, "Columna": "baja" }, "geometry": { "type": "MultiPoint", "coordinates": [ [ -58.781308, -38.171188, 142.339706 ] ] } },
{ "type": "Feature", "properties": { "id": 512, "tipo": null, "Potencia": null, "Columna": null }, "geometry": { "type": "MultiPoint", "coordinates": [ [ -58.781975, -38.171753, 142.339706 ] ] } },
{ "type": "Feature", "properties": { "id": 513, "tipo": null, "Potencia": null, "Columna": null }, "geometry": { "type": "MultiPoint", "coordinates": [ [ -58.782217, -38.171946, 142.339706 ] ] } },
{ "type": "Feature", "properties": { "id": 514, "tipo": null, "Potencia": null, "Columna": null }, "geometry": { "type": "MultiPoint", "coordinates": [ [ -58.782506, -38.172002, 142.339706 ] ] } },
{ "type": "Feature", "properties": { "id": 515, "tipo": null, "Potencia": null, "Columna": null }, "geometry": { "type": "MultiPoint", "coordinates": [ [ -58.782464, -38.172146, 142.339706 ] ] } },
{ "type": "Feature", "properties": { "id": 516, "tipo": null, "Potencia": null, "Columna": null }, "geometry": { "type": "MultiPoint", "coordinates": [ [ -58.782618, -38.172278, 142.339706 ] ] } },
{ "type": "Feature", "properties": { "id": 517, "tipo": null, "Potencia": null, "Columna": null }, "geometry": { "type": "MultiPoint", "coordinates": [ [ -58.782926, -38.172513, 142.339706 ] ] } },
{ "type": "Feature", "properties": { "id": 518, "tipo": null, "Potencia": null, "Columna": null }, "geometry": { "type": "MultiPoint", "coordinates": [ [ -58.783147, -38.172696, 142.339706 ] ] } },
{ "type": "Feature", "properties": { "id": 519, "tipo": null, "Potencia": null, "Columna": null }, "geometry": { "type": "MultiPoint", "coordinates": [ [ -58.783416, -38.172918, 142.339706 ] ] } },
{ "type": "Feature", "properties": { "id": 520, "tipo": null, "Potencia": null, "Columna": null }, "geometry": { "type": "MultiPoint", "coordinates": [ [ -58.783836, -38.173258, 142.339706 ] ] } },
{ "type": "Feature", "properties": { "id": 521, "tipo": null, "Potencia": null, "Columna": null }, "geometry": { "type": "MultiPoint", "coordinates": [ [ -58.784223, -38.173573, 142.339706 ] ] } },
{ "type": "Feature", "properties": { "id": 522, "tipo": null, "Potencia": null, "Columna": null }, "geometry": { "type": "MultiPoint", "coordinates": [ [ -58.78207, -38.17461, 150.438736 ] ] } },
{ "type": "Feature", "properties": { "id": 523, "tipo": null, "Potencia": null, "Columna": null }, "geometry": { "type": "MultiPoint", "coordinates": [ [ -58.779637, -38.172889, 141.938477 ] ] } },
{ "type": "Feature", "properties": { "id": 524, "tipo": null, "Potencia": null, "Columna": null }, "geometry": { "type": "MultiPoint", "coordinates": [ [ -58.779493, -38.172714, 141.938477 ] ] } },
{ "type": "Feature", "properties": { "id": 525, "tipo": null, "Potencia": null, "Columna": null }, "geometry": { "type": "MultiPoint", "coordinates": [ [ -58.77929, -38.172545, 141.938477 ] ] } },
{ "type": "Feature", "properties": { "id": 526, "tipo": null, "Potencia": null, "Columna": null }, "geometry": { "type": "MultiPoint", "coordinates": [ [ -58.779041, -38.172333, 141.938477 ] ] } },
{ "type": "Feature", "properties": { "id": 527, "tipo": null, "Potencia": null, "Columna": null }, "geometry": { "type": "MultiPoint", "coordinates": [ [ -58.77883, -38.172168, 141.938477 ] ] } },
{ "type": "Feature", "properties": { "id": 528, "tipo": null, "Potencia": null, "Columna": null }, "geometry": { "type": "MultiPoint", "coordinates": [ [ -58.778577, -38.171962, 141.938477 ] ] } },
{ "type": "Feature", "properties": { "id": 529, "tipo": null, "Potencia": null, "Columna": null }, "geometry": { "type": "MultiPoint", "coordinates": [ [ -58.778166, -38.171628, 141.938477 ] ] } },
{ "type": "Feature", "properties": { "id": 530, "tipo": null, "Potencia": null, "Columna": null }, "geometry": { "type": "MultiPoint", "coordinates": [ [ -58.776802, -38.171965, 144.961624 ] ] } },
{ "type": "Feature", "properties": { "id": 531, "tipo": null, "Potencia": null, "Columna": null }, "geometry": { "type": "MultiPoint", "coordinates": [ [ -58.776993, -38.172162, 141.164032 ] ] } },
{ "type": "Feature", "properties": { "id": 532, "tipo": null, "Potencia": null, "Columna": null }, "geometry": { "type": "MultiPoint", "coordinates": [ [ -58.777348, -38.172427, 141.845169 ] ] } },
{ "type": "Feature", "properties": { "id": 533, "tipo": null, "Potencia": null, "Columna": null }, "geometry": { "type": "MultiPoint", "coordinates": [ [ -58.777594, -38.172628, 142.563644 ] ] } },
{ "type": "Feature", "properties": { "id": 534, "tipo": null, "Potencia": null, "Columna": null }, "geometry": { "type": "MultiPoint", "coordinates": [ [ -58.777933, -38.172907, 141.733215 ] ] } },
{ "type": "Feature", "properties": { "id": 535, "tipo": null, "Potencia": null, "Columna": null }, "geometry": { "type": "MultiPoint", "coordinates": [ [ -58.77815, -38.173085, 141.733215 ] ] } },
{ "type": "Feature", "properties": { "id": 536, "tipo": null, "Potencia": null, "Columna": null }, "geometry": { "type": "MultiPoint", "coordinates": [ [ -58.778398, -38.173272, 141.733215 ] ] } },
{ "type": "Feature", "properties": { "id": 537, "tipo": null, "Potencia": null, "Columna": null }, "geometry": { "type": "MultiPoint", "coordinates": [ [ -58.778637, -38.173471, 141.733215 ] ] } },
{ "type": "Feature", "properties": { "id": 538, "tipo": null, "Potencia": null, "Columna": null }, "geometry": { "type": "MultiPoint", "coordinates": [ [ -58.777811, -38.174196, 141.733215 ] ] } },
{ "type": "Feature", "properties": { "id": 539, "tipo": null, "Potencia": null, "Columna": null }, "geometry": { "type": "MultiPoint", "coordinates": [ [ -58.777554, -38.173976, 141.733215 ] ] } },
{ "type": "Feature", "properties": { "id": 540, "tipo": null, "Potencia": null, "Columna": null }, "geometry": { "type": "MultiPoint", "coordinates": [ [ -58.777248, -38.173734, 141.733215 ] ] } },
{ "type": "Feature", "properties": { "id": 541, "tipo": null, "Potencia": null, "Columna": null }, "geometry": { "type": "MultiPoint", "coordinates": [ [ -58.776938, -38.173486, 141.733215 ] ] } },
{ "type": "Feature", "properties": { "id": 542, "tipo": null, "Potencia": null, "Columna": null }, "geometry": { "type": "MultiPoint", "coordinates": [ [ -58.776722, -38.173303, 141.733215 ] ] } },
{ "type": "Feature", "properties": { "id": 543, "tipo": null, "Potencia": null, "Columna": null }, "geometry": { "type": "MultiPoint", "coordinates": [ [ -58.776466, -38.173082, 141.733215 ] ] } },
{ "type": "Feature", "properties": { "id": 544, "tipo": null, "Potencia": null, "Columna": null }, "geometry": { "type": "MultiPoint", "coordinates": [ [ -58.776236, -38.173034, 141.733215 ] ] } },
{ "type": "Feature", "properties": { "id": 545, "tipo": null, "Potencia": null, "Columna": null }, "geometry": { "type": "MultiPoint", "coordinates": [ [ -58.776195, -38.172871, 141.733215 ] ] } },
{ "type": "Feature", "properties": { "id": 546, "tipo": null, "Potencia": null, "Columna": null }, "geometry": { "type": "MultiPoint", "coordinates": [ [ -58.775969, -38.17268, 141.733215 ] ] } },
{ "type": "Feature", "properties": { "id": 547, "tipo": null, "Potencia": 120, "Columna": "baja" }, "geometry": { "type": "MultiPoint", "coordinates": [ [ -58.775572, -38.172473, 141.742538 ] ] } },
{ "type": "Feature", "properties": { "id": 548, "tipo": null, "Potencia": 120, "Columna": "baja" }, "geometry": { "type": "MultiPoint", "coordinates": [ [ -58.775359, -38.172288, 141.742538 ] ] } },
{ "type": "Feature", "properties": { "id": 549, "tipo": null, "Potencia": 120, "Columna": "baja" }, "geometry": { "type": "MultiPoint", "coordinates": [ [ -58.7751, -38.172076, 141.742538 ] ] } },
{ "type": "Feature", "properties": { "id": 550, "tipo": null, "Potencia": 120, "Columna": "baja" }, "geometry": { "type": "MultiPoint", "coordinates": [ [ -58.774837, -38.171873, 141.742538 ] ] } },
{ "type": "Feature", "properties": { "id": 551, "tipo": null, "Potencia": 120, "Columna": "baja" }, "geometry": { "type": "MultiPoint", "coordinates": [ [ -58.774623, -38.171583, 141.742538 ] ] } },
{ "type": "Feature", "properties": { "id": 552, "tipo": null, "Potencia": 120, "Columna": "baja" }, "geometry": { "type": "MultiPoint", "coordinates": [ [ -58.774246, -38.171381, 141.742538 ] ] } },
{ "type": "Feature", "properties": { "id": 553, "tipo": null, "Potencia": 120, "Columna": "baja" }, "geometry": { "type": "MultiPoint", "coordinates": [ [ -58.774051, -38.171215, 141.742538 ] ] } },
{ "type": "Feature", "properties": { "id": 554, "tipo": null, "Potencia": 120, "Columna": "baja" }, "geometry": { "type": "MultiPoint", "coordinates": [ [ -58.773884, -38.171079, 141.742538 ] ] } },
{ "type": "Feature", "properties": { "id": 555, "tipo": null, "Potencia": 120, "Columna": "baja" }, "geometry": { "type": "MultiPoint", "coordinates": [ [ -58.773682, -38.170913, 141.742538 ] ] } },
{ "type": "Feature", "properties": { "id": 556, "tipo": null, "Potencia": 150, "Columna": "alta" }, "geometry": { "type": "MultiPoint", "coordinates": [ [ -58.774505, -38.170225, 141.733215 ] ] } },
{ "type": "Feature", "properties": { "id": 557, "tipo": null, "Potencia": 150, "Columna": "alta" }, "geometry": { "type": "MultiPoint", "coordinates": [ [ -58.774856, -38.170309, 141.733215 ] ] } },
{ "type": "Feature", "properties": { "id": 558, "tipo": null, "Potencia": 150, "Columna": "alta" }, "geometry": { "type": "MultiPoint", "coordinates": [ [ -58.774975, -38.170479, 141.733215 ] ] } },
{ "type": "Feature", "properties": { "id": 559, "tipo": null, "Potencia": 150, "Columna": "alta" }, "geometry": { "type": "MultiPoint", "coordinates": [ [ -58.775297, -38.17064, 141.733215 ] ] } },
{ "type": "Feature", "properties": { "id": 560, "tipo": null, "Potencia": 150, "Columna": "alta" }, "geometry": { "type": "MultiPoint", "coordinates": [ [ -58.77543, -38.170835, 141.733215 ] ] } },
{ "type": "Feature", "properties": { "id": 561, "tipo": null, "Potencia": 120, "Columna": "baja" }, "geometry": { "type": "MultiPoint", "coordinates": [ [ -58.775691, -38.171062, 141.733215 ] ] } },
{ "type": "Feature", "properties": { "id": 562, "tipo": null, "Potencia": 120, "Columna": "baja" }, "geometry": { "type": "MultiPoint", "coordinates": [ [ -58.775905, -38.171252, 141.733215 ] ] } },
{ "type": "Feature", "properties": { "id": 563, "tipo": null, "Potencia": 120, "Columna": "baja" }, "geometry": { "type": "MultiPoint", "coordinates": [ [ -58.776108, -38.171413, 141.733215 ] ] } },
{ "type": "Feature", "properties": { "id": 564, "tipo": null, "Potencia": 120, "Columna": "baja" }, "geometry": { "type": "MultiPoint", "coordinates": [ [ -58.776315, -38.17158, 141.733215 ] ] } },
{ "type": "Feature", "properties": { "id": 565, "tipo": null, "Potencia": 120, "Columna": "baja" }, "geometry": { "type": "MultiPoint", "coordinates": [ [ -58.776532, -38.171768, 141.733215 ] ] } },
{ "type": "Feature", "properties": { "id": 566, "tipo": "led 14va", "Potencia": 120, "Columna": "baja" }, "geometry": { "type": "MultiPoint", "coordinates": [ [ -58.777855, -38.16981, 212.478516 ] ] } },
{ "type": "Feature", "properties": { "id": 567, "tipo": "led 14va", "Potencia": 120, "Columna": "baja" }, "geometry": { "type": "MultiPoint", "coordinates": [ [ -58.778232, -38.170051, 212.478516 ] ] } },
{ "type": "Feature", "properties": { "id": 568, "tipo": null, "Potencia": null, "Columna": null }, "geometry": { "type": "MultiPoint", "coordinates": [ [ -58.773787, -38.171973, 208.708908 ] ] } },
{ "type": "Feature", "properties": { "id": 569, "tipo": null, "Potencia": null, "Columna": null }, "geometry": { "type": "MultiPoint", "coordinates": [ [ -58.774675, -38.173238, 208.708908 ] ] } },
{ "type": "Feature", "properties": { "id": 570, "tipo": null, "Potencia": null, "Columna": null }, "geometry": { "type": "MultiPoint", "coordinates": [ [ -58.774914, -38.173395, 208.708908 ] ] } },
{ "type": "Feature", "properties": { "id": 571, "tipo": null, "Potencia": null, "Columna": null }, "geometry": { "type": "MultiPoint", "coordinates": [ [ -58.775148, -38.173584, 208.708908 ] ] } },
{ "type": "Feature", "properties": { "id": 572, "tipo": null, "Potencia": null, "Columna": null }, "geometry": { "type": "MultiPoint", "coordinates": [ [ -58.775367, -38.173765, 208.708908 ] ] } },
{ "type": "Feature", "properties": { "id": 573, "tipo": null, "Potencia": null, "Columna": null }, "geometry": { "type": "MultiPoint", "coordinates": [ [ -58.775602, -38.173953, 208.186401 ] ] } },
{ "type": "Feature", "properties": { "id": 574, "tipo": null, "Potencia": null, "Columna": null }, "geometry": { "type": "MultiPoint", "coordinates": [ [ -58.77621, -38.174306, 207.094711 ] ] } },
{ "type": "Feature", "properties": { "id": 575, "tipo": null, "Potencia": null, "Columna": null }, "geometry": { "type": "MultiPoint", "coordinates": [ [ -58.776338, -38.174582, 208.382339 ] ] } },
{ "type": "Feature", "properties": { "id": 576, "tipo": null, "Potencia": null, "Columna": null }, "geometry": { "type": "MultiPoint", "coordinates": [ [ -58.776373, -38.175977, 207.719864 ] ] } },
{ "type": "Feature", "properties": { "id": 577, "tipo": null, "Potencia": null, "Columna": null }, "geometry": { "type": "MultiPoint", "coordinates": [ [ -58.776517, -38.176152, 207.719864 ] ] } },
{ "type": "Feature", "properties": { "id": 578, "tipo": null, "Potencia": null, "Columna": null }, "geometry": { "type": "MultiPoint", "coordinates": [ [ -58.776801, -38.176293, 207.719864 ] ] } },
{ "type": "Feature", "properties": { "id": 579, "tipo": null, "Potencia": null, "Columna": null }, "geometry": { "type": "MultiPoint", "coordinates": [ [ -58.777029, -38.17655, 207.719864 ] ] } },
{ "type": "Feature", "properties": { "id": 580, "tipo": null, "Potencia": null, "Columna": null }, "geometry": { "type": "MultiPoint", "coordinates": [ [ -58.777424, -38.176798, 207.719864 ] ] } },
{ "type": "Feature", "properties": { "id": 581, "tipo": null, "Potencia": null, "Columna": null }, "geometry": { "type": "MultiPoint", "coordinates": [ [ -58.777593, -38.177005, 207.719864 ] ] } },
{ "type": "Feature", "properties": { "id": 582, "tipo": null, "Potencia": null, "Columna": null }, "geometry": { "type": "MultiPoint", "coordinates": [ [ -58.777896, -38.177171, 207.719864 ] ] } },
{ "type": "Feature", "properties": { "id": 583, "tipo": null, "Potencia": null, "Columna": null }, "geometry": { "type": "MultiPoint", "coordinates": [ [ -58.778164, -38.177501, 207.719864 ] ] } },
{ "type": "Feature", "properties": { "id": 584, "tipo": null, "Potencia": null, "Columna": null }, "geometry": { "type": "MultiPoint", "coordinates": [ [ -58.778407, -38.177768, 207.719864 ] ] } },
{ "type": "Feature", "properties": { "id": 585, "tipo": null, "Potencia": null, "Columna": null }, "geometry": { "type": "MultiPoint", "coordinates": [ [ -58.778674, -38.177905, 207.710526 ] ] } },
{ "type": "Feature", "properties": { "id": 586, "tipo": null, "Potencia": null, "Columna": null }, "geometry": { "type": "MultiPoint", "coordinates": [ [ -58.77886, -38.17814, 207.710526 ] ] } },
{ "type": "Feature", "properties": { "id": 587, "tipo": null, "Potencia": null, "Columna": null }, "geometry": { "type": "MultiPoint", "coordinates": [ [ -58.779192, -38.178343, 207.710526 ] ] } },
{ "type": "Feature", "properties": { "id": 588, "tipo": null, "Potencia": null, "Columna": null }, "geometry": { "type": "MultiPoint", "coordinates": [ [ -58.779493, -38.178656, 207.710526 ] ] } },
{ "type": "Feature", "properties": { "id": 589, "tipo": null, "Potencia": null, "Columna": null }, "geometry": { "type": "MultiPoint", "coordinates": [ [ -58.779734, -38.17877, 207.710526 ] ] } },
{ "type": "Feature", "properties": { "id": 590, "tipo": null, "Potencia": null, "Columna": null }, "geometry": { "type": "MultiPoint", "coordinates": [ [ -58.779935, -38.179003, 207.710526 ] ] } },
{ "type": "Feature", "properties": { "id": 591, "tipo": null, "Potencia": null, "Columna": null }, "geometry": { "type": "MultiPoint", "coordinates": [ [ -58.780265, -38.179205, 207.710526 ] ] } },
{ "type": "Feature", "properties": { "id": 592, "tipo": null, "Potencia": null, "Columna": null }, "geometry": { "type": "MultiPoint", "coordinates": [ [ -58.777756, -38.177725, 208.186401 ] ] } },
{ "type": "Feature", "properties": { "id": 593, "tipo": null, "Potencia": null, "Columna": null }, "geometry": { "type": "MultiPoint", "coordinates": [ [ -58.777183, -38.178149, 205.247223 ] ] } },
{ "type": "Feature", "properties": { "id": 594, "tipo": null, "Potencia": null, "Columna": null }, "geometry": { "type": "MultiPoint", "coordinates": [ [ -58.776319, -38.17881, 206.786789 ] ] } },
{ "type": "Feature", "properties": { "id": 595, "tipo": null, "Potencia": null, "Columna": null }, "geometry": { "type": "MultiPoint", "coordinates": [ [ -58.775345, -38.178082, 207.477264 ] ] } },
{ "type": "Feature", "properties": { "id": 596, "tipo": null, "Potencia": null, "Columna": null }, "geometry": { "type": "MultiPoint", "coordinates": [ [ -58.775504, -38.177711, 207.449265 ] ] } },
{ "type": "Feature", "properties": { "id": 597, "tipo": null, "Potencia": null, "Columna": null }, "geometry": { "type": "MultiPoint", "coordinates": [ [ -58.775713, -38.177577, 208.121078 ] ] } },
{ "type": "Feature", "properties": { "id": 598, "tipo": null, "Potencia": null, "Columna": null }, "geometry": { "type": "MultiPoint", "coordinates": [ [ -58.775974, -38.177299, 208.624939 ] ] } },
{ "type": "Feature", "properties": { "id": 599, "tipo": null, "Potencia": null, "Columna": null }, "geometry": { "type": "MultiPoint", "coordinates": [ [ -58.776309, -38.177126, 207.495926 ] ] } },
{ "type": "Feature", "properties": { "id": 600, "tipo": null, "Potencia": null, "Columna": null }, "geometry": { "type": "MultiPoint", "coordinates": [ [ -58.776545, -38.176911, 207.495926 ] ] } },
{ "type": "Feature", "properties": { "id": 601, "tipo": null, "Potencia": null, "Columna": null }, "geometry": { "type": "MultiPoint", "coordinates": [ [ -58.776715, -38.176777, 207.495926 ] ] } },
{ "type": "Feature", "properties": { "id": 602, "tipo": null, "Potencia": null, "Columna": null }, "geometry": { "type": "MultiPoint", "coordinates": [ [ -58.775604, -38.176983, 204.985962 ] ] } },
{ "type": "Feature", "properties": { "id": 603, "tipo": null, "Potencia": null, "Columna": null }, "geometry": { "type": "MultiPoint", "coordinates": [ [ -58.775424, -38.176658, 206.30159 ] ] } },
{ "type": "Feature", "properties": { "id": 604, "tipo": null, "Potencia": null, "Columna": null }, "geometry": { "type": "MultiPoint", "coordinates": [ [ -58.774939, -38.176293, 208.960846 ] ] } },
{ "type": "Feature", "properties": { "id": 605, "tipo": null, "Potencia": null, "Columna": null }, "geometry": { "type": "MultiPoint", "coordinates": [ [ -58.774708, -38.1761, 206.142975 ] ] } },
{ "type": "Feature", "properties": { "id": 606, "tipo": null, "Potencia": null, "Columna": null }, "geometry": { "type": "MultiPoint", "coordinates": [ [ -58.774455, -38.175894, 206.404236 ] ] } },
{ "type": "Feature", "properties": { "id": 607, "tipo": null, "Potencia": null, "Columna": null }, "geometry": { "type": "MultiPoint", "coordinates": [ [ -58.774159, -38.175667, 206.46022 ] ] } },
{ "type": "Feature", "properties": { "id": 608, "tipo": null, "Potencia": null, "Columna": null }, "geometry": { "type": "MultiPoint", "coordinates": [ [ -58.773923, -38.175673, 205.349869 ] ] } },
{ "type": "Feature", "properties": { "id": 609, "tipo": null, "Potencia": null, "Columna": null }, "geometry": { "type": "MultiPoint", "coordinates": [ [ -58.773655, -38.17589, 205.937698 ] ] } },
{ "type": "Feature", "properties": { "id": 610, "tipo": null, "Potencia": null, "Columna": null }, "geometry": { "type": "MultiPoint", "coordinates": [ [ -58.773401, -38.176086, 205.517822 ] ] } },
{ "type": "Feature", "properties": { "id": 611, "tipo": null, "Potencia": null, "Columna": null }, "geometry": { "type": "MultiPoint", "coordinates": [ [ -58.773225, -38.176363, 206.880096 ] ] } },
{ "type": "Feature", "properties": { "id": 612, "tipo": null, "Potencia": null, "Columna": null }, "geometry": { "type": "MultiPoint", "coordinates": [ [ -58.773517, -38.176586, 205.807068 ] ] } },
{ "type": "Feature", "properties": { "id": 613, "tipo": null, "Potencia": null, "Columna": null }, "geometry": { "type": "MultiPoint", "coordinates": [ [ -58.773757, -38.176775, 207.188004 ] ] } },
{ "type": "Feature", "properties": { "id": 614, "tipo": null, "Potencia": null, "Columna": null }, "geometry": { "type": "MultiPoint", "coordinates": [ [ -58.774015, -38.177003, 206.637497 ] ] } },
{ "type": "Feature", "properties": { "id": 615, "tipo": null, "Potencia": null, "Columna": null }, "geometry": { "type": "MultiPoint", "coordinates": [ [ -58.774392, -38.177328, 205.275223 ] ] } },
{ "type": "Feature", "properties": { "id": 616, "tipo": null, "Potencia": null, "Columna": null }, "geometry": { "type": "MultiPoint", "coordinates": [ [ -58.77455, -38.177448, 206.656158 ] ] } },
{ "type": "Feature", "properties": { "id": 617, "tipo": null, "Potencia": null, "Columna": null }, "geometry": { "type": "MultiPoint", "coordinates": [ [ -58.774772, -38.177616, 206.656158 ] ] } },
{ "type": "Feature", "properties": { "id": 618, "tipo": null, "Potencia": null, "Columna": null }, "geometry": { "type": "MultiPoint", "coordinates": [ [ -58.774955, -38.177806, 203.940933 ] ] } },
{ "type": "Feature", "properties": { "id": 619, "tipo": null, "Potencia": null, "Columna": null }, "geometry": { "type": "MultiPoint", "coordinates": [ [ -58.77424, -38.177138, 204.388809 ] ] } },
{ "type": "Feature", "properties": { "id": 620, "tipo": null, "Potencia": null, "Columna": null }, "geometry": { "type": "MultiPoint", "coordinates": [ [ -58.774346, -38.176938, 205.088608 ] ] } },
{ "type": "Feature", "properties": { "id": 621, "tipo": null, "Potencia": null, "Columna": null }, "geometry": { "type": "MultiPoint", "coordinates": [ [ -58.774695, -38.176757, 205.181915 ] ] } },
{ "type": "Feature", "properties": { "id": 622, "tipo": null, "Potencia": null, "Columna": null }, "geometry": { "type": "MultiPoint", "coordinates": [ [ -58.775001, -38.176533, 205.181915 ] ] } },
{ "type": "Feature", "properties": { "id": 623, "tipo": null, "Potencia": null, "Columna": null }, "geometry": { "type": "MultiPoint", "coordinates": [ [ -58.77529, -38.176218, 205.181915 ] ] } },
{ "type": "Feature", "properties": { "id": 624, "tipo": null, "Potencia": null, "Columna": null }, "geometry": { "type": "MultiPoint", "coordinates": [ [ -58.775613, -38.176064, 205.181915 ] ] } },
{ "type": "Feature", "properties": { "id": 625, "tipo": null, "Potencia": null, "Columna": null }, "geometry": { "type": "MultiPoint", "coordinates": [ [ -58.775788, -38.175834, 205.181915 ] ] } },
{ "type": "Feature", "properties": { "id": 626, "tipo": null, "Potencia": null, "Columna": null }, "geometry": { "type": "MultiPoint", "coordinates": [ [ -58.77532, -38.175342, 205.181915 ] ] } },
{ "type": "Feature", "properties": { "id": 627, "tipo": null, "Potencia": null, "Columna": null }, "geometry": { "type": "MultiPoint", "coordinates": [ [ -58.77507, -38.175516, 205.181915 ] ] } },
{ "type": "Feature", "properties": { "id": 628, "tipo": null, "Potencia": null, "Columna": null }, "geometry": { "type": "MultiPoint", "coordinates": [ [ -58.774878, -38.1757, 205.181915 ] ] } },
{ "type": "Feature", "properties": { "id": 629, "tipo": null, "Potencia": null, "Columna": null }, "geometry": { "type": "MultiPoint", "coordinates": [ [ -58.774591, -38.175884, 205.181915 ] ] } },
{ "type": "Feature", "properties": { "id": 630, "tipo": null, "Potencia": null, "Columna": null }, "geometry": { "type": "MultiPoint", "coordinates": [ [ -58.77424, -38.17619, 205.181915 ] ] } },
{ "type": "Feature", "properties": { "id": 631, "tipo": null, "Potencia": null, "Columna": null }, "geometry": { "type": "MultiPoint", "coordinates": [ [ -58.77398, -38.17638, 205.181915 ] ] } },
{ "type": "Feature", "properties": { "id": 632, "tipo": null, "Potencia": null, "Columna": null }, "geometry": { "type": "MultiPoint", "coordinates": [ [ -58.773693, -38.176529, 205.181915 ] ] } },
{ "type": "Feature", "properties": { "id": 633, "tipo": null, "Potencia": null, "Columna": null }, "geometry": { "type": "MultiPoint", "coordinates": [ [ -58.774116, -38.175526, 205.181915 ] ] } },
{ "type": "Feature", "properties": { "id": 634, "tipo": null, "Potencia": null, "Columna": null }, "geometry": { "type": "MultiPoint", "coordinates": [ [ -58.774369, -38.175344, 200.404602 ] ] } },
{ "type": "Feature", "properties": { "id": 635, "tipo": null, "Potencia": null, "Columna": null }, "geometry": { "type": "MultiPoint", "coordinates": [ [ -58.774619, -38.175152, 204.752701 ] ] } },
{ "type": "Feature", "properties": { "id": 636, "tipo": null, "Potencia": null, "Columna": null }, "geometry": { "type": "MultiPoint", "coordinates": [ [ -58.774859, -38.174971, 204.556763 ] ] } },
{ "type": "Feature", "properties": { "id": 637, "tipo": null, "Potencia": null, "Columna": null }, "geometry": { "type": "MultiPoint", "coordinates": [ [ -58.77426, -38.175103, 204.192856 ] ] } },
{ "type": "Feature", "properties": { "id": 638, "tipo": null, "Potencia": null, "Columna": null }, "geometry": { "type": "MultiPoint", "coordinates": [ [ -58.774059, -38.174926, 205.331207 ] ] } },
{ "type": "Feature", "properties": { "id": 639, "tipo": null, "Potencia": null, "Columna": null }, "geometry": { "type": "MultiPoint", "coordinates": [ [ -58.773864, -38.174959, 205.163254 ] ] } },
{ "type": "Feature", "properties": { "id": 640, "tipo": null, "Potencia": null, "Columna": null }, "geometry": { "type": "MultiPoint", "coordinates": [ [ -58.773602, -38.175179, 204.762024 ] ] } },
{ "type": "Feature", "properties": { "id": 641, "tipo": null, "Potencia": null, "Columna": null }, "geometry": { "type": "MultiPoint", "coordinates": [ [ -58.771088, -38.176203, 204.603409 ] ] } },
{ "type": "Feature", "properties": { "id": 642, "tipo": null, "Potencia": null, "Columna": null }, "geometry": { "type": "MultiPoint", "coordinates": [ [ -58.77135, -38.175961, 204.603409 ] ] } },
{ "type": "Feature", "properties": { "id": 643, "tipo": null, "Potencia": null, "Columna": null }, "geometry": { "type": "MultiPoint", "coordinates": [ [ -58.771643, -38.175716, 204.603409 ] ] } },
{ "type": "Feature", "properties": { "id": 644, "tipo": null, "Potencia": null, "Columna": null }, "geometry": { "type": "MultiPoint", "coordinates": [ [ -58.771904, -38.175522, 201.757553 ] ] } },
{ "type": "Feature", "properties": { "id": 645, "tipo": null, "Potencia": null, "Columna": null }, "geometry": { "type": "MultiPoint", "coordinates": [ [ -58.772149, -38.17533, 203.119827 ] ] } },
{ "type": "Feature", "properties": { "id": 646, "tipo": null, "Potencia": null, "Columna": null }, "geometry": { "type": "MultiPoint", "coordinates": [ [ -58.77238, -38.175158, 202.06546 ] ] } },
{ "type": "Feature", "properties": { "id": 647, "tipo": null, "Potencia": null, "Columna": null }, "geometry": { "type": "MultiPoint", "coordinates": [ [ -58.772621, -38.17498, 200.899124 ] ] } },
{ "type": "Feature", "properties": { "id": 648, "tipo": null, "Potencia": null, "Columna": null }, "geometry": { "type": "MultiPoint", "coordinates": [ [ -58.772868, -38.174794, 202.112122 ] ] } },
{ "type": "Feature", "properties": { "id": 649, "tipo": null, "Potencia": null, "Columna": null }, "geometry": { "type": "MultiPoint", "coordinates": [ [ -58.77308, -38.174632, 203.297119 ] ] } },
{ "type": "Feature", "properties": { "id": 650, "tipo": null, "Potencia": null, "Columna": null }, "geometry": { "type": "MultiPoint", "coordinates": [ [ -58.773315, -38.17445, 202.373367 ] ] } },
{ "type": "Feature", "properties": { "id": 651, "tipo": null, "Potencia": null, "Columna": null }, "geometry": { "type": "MultiPoint", "coordinates": [ [ -58.773512, -38.174295, 201.869522 ] ] } },
{ "type": "Feature", "properties": { "id": 652, "tipo": "led", "Potencia": null, "Columna": null }, "geometry": { "type": "MultiPoint", "coordinates": [ [ -58.775937, -38.175638, 205.452499 ] ] } },
{ "type": "Feature", "properties": { "id": 653, "tipo": "led", "Potencia": null, "Columna": null }, "geometry": { "type": "MultiPoint", "coordinates": [ [ -58.775677, -38.17542, 201.337662 ] ] } },
{ "type": "Feature", "properties": { "id": 654, "tipo": "led", "Potencia": null, "Columna": null }, "geometry": { "type": "MultiPoint", "coordinates": [ [ -58.775497, -38.175274, 201.337662 ] ] } },
{ "type": "Feature", "properties": { "id": 655, "tipo": "led", "Potencia": null, "Columna": null }, "geometry": { "type": "MultiPoint", "coordinates": [ [ -58.775251, -38.175066, 201.337662 ] ] } },
{ "type": "Feature", "properties": { "id": 656, "tipo": "led", "Potencia": null, "Columna": null }, "geometry": { "type": "MultiPoint", "coordinates": [ [ -58.775037, -38.174893, 201.337662 ] ] } },
{ "type": "Feature", "properties": { "id": 657, "tipo": "led", "Potencia": null, "Columna": null }, "geometry": { "type": "MultiPoint", "coordinates": [ [ -58.774739, -38.174649, 201.337662 ] ] } },
{ "type": "Feature", "properties": { "id": 658, "tipo": "led", "Potencia": null, "Columna": null }, "geometry": { "type": "MultiPoint", "coordinates": [ [ -58.774485, -38.17445, 201.337662 ] ] } },
{ "type": "Feature", "properties": { "id": 659, "tipo": "led", "Potencia": null, "Columna": null }, "geometry": { "type": "MultiPoint", "coordinates": [ [ -58.77427, -38.174258, 201.822861 ] ] } },
{ "type": "Feature", "properties": { "id": 660, "tipo": "led", "Potencia": null, "Columna": null }, "geometry": { "type": "MultiPoint", "coordinates": [ [ -58.774022, -38.174055, 201.18837 ] ] } },
{ "type": "Feature", "properties": { "id": 661, "tipo": "led", "Potencia": null, "Columna": null }, "geometry": { "type": "MultiPoint", "coordinates": [ [ -58.773764, -38.173861, 201.944168 ] ] } },
{ "type": "Feature", "properties": { "id": 662, "tipo": "led", "Potencia": null, "Columna": null }, "geometry": { "type": "MultiPoint", "coordinates": [ [ -58.773539, -38.173665, 201.440308 ] ] } },
{ "type": "Feature", "properties": { "id": 663, "tipo": "led", "Potencia": null, "Columna": null }, "geometry": { "type": "MultiPoint", "coordinates": [ [ -58.773354, -38.173511, 201.981491 ] ] } },
{ "type": "Feature", "properties": { "id": 664, "tipo": "led", "Potencia": null, "Columna": null }, "geometry": { "type": "MultiPoint", "coordinates": [ [ -58.772963, -38.173192, 203.605026 ] ] } },
{ "type": "Feature", "properties": { "id": 665, "tipo": "led", "Potencia": null, "Columna": null }, "geometry": { "type": "MultiPoint", "coordinates": [ [ -58.772753, -38.173013, 201.449631 ] ] } },
{ "type": "Feature", "properties": { "id": 666, "tipo": "led", "Potencia": null, "Columna": null }, "geometry": { "type": "MultiPoint", "coordinates": [ [ -58.772571, -38.17287, 202.522659 ] ] } },
{ "type": "Feature", "properties": { "id": 667, "tipo": "led", "Potencia": null, "Columna": null }, "geometry": { "type": "MultiPoint", "coordinates": [ [ -58.772334, -38.172683, 202.522659 ] ] } },
{ "type": "Feature", "properties": { "id": 668, "tipo": "led", "Potencia": null, "Columna": null }, "geometry": { "type": "MultiPoint", "coordinates": [ [ -58.772112, -38.172495, 202.522659 ] ] } },
{ "type": "Feature", "properties": { "id": 669, "tipo": "led", "Potencia": null, "Columna": null }, "geometry": { "type": "MultiPoint", "coordinates": [ [ -58.77191, -38.172325, 202.522659 ] ] } },
{ "type": "Feature", "properties": { "id": 670, "tipo": "led", "Potencia": null, "Columna": null }, "geometry": { "type": "MultiPoint", "coordinates": [ [ -58.783835, -38.164322, 176.602005 ] ] } },
{ "type": "Feature", "properties": { "id": 671, "tipo": "led", "Potencia": null, "Columna": null }, "geometry": { "type": "MultiPoint", "coordinates": [ [ -58.783644, -38.164114, 176.602005 ] ] } },
{ "type": "Feature", "properties": { "id": 672, "tipo": "led", "Potencia": null, "Columna": null }, "geometry": { "type": "MultiPoint", "coordinates": [ [ -58.783414, -38.163884, 176.602005 ] ] } },
{ "type": "Feature", "properties": { "id": 673, "tipo": "led", "Potencia": null, "Columna": null }, "geometry": { "type": "MultiPoint", "coordinates": [ [ -58.783142, -38.163649, 176.602005 ] ] } },
{ "type": "Feature", "properties": { "id": 674, "tipo": "led", "Potencia": null, "Columna": null }, "geometry": { "type": "MultiPoint", "coordinates": [ [ -58.782712, -38.163285, 178.141571 ] ] } },
{ "type": "Feature", "properties": { "id": 675, "tipo": "led", "Potencia": null, "Columna": null }, "geometry": { "type": "MultiPoint", "coordinates": [ [ -58.782378, -38.16309, 178.141571 ] ] } },
{ "type": "Feature", "properties": { "id": 676, "tipo": "led", "Potencia": null, "Columna": null }, "geometry": { "type": "MultiPoint", "coordinates": [ [ -58.782076, -38.162853, 178.141571 ] ] } },
{ "type": "Feature", "properties": { "id": 677, "tipo": "led", "Potencia": null, "Columna": null }, "geometry": { "type": "MultiPoint", "coordinates": [ [ -58.78178, -38.16262, 178.141571 ] ] } },
{ "type": "Feature", "properties": { "id": 678, "tipo": "led", "Potencia": null, "Columna": null }, "geometry": { "type": "MultiPoint", "coordinates": [ [ -58.781481, -38.162426, 180.427582 ] ] } },
{ "type": "Feature", "properties": { "id": 679, "tipo": "led", "Potencia": null, "Columna": null }, "geometry": { "type": "MultiPoint", "coordinates": [ [ -58.781148, -38.162156, 180.632858 ] ] } },
{ "type": "Feature", "properties": { "id": 680, "tipo": "led", "Potencia": null, "Columna": null }, "geometry": { "type": "MultiPoint", "coordinates": [ [ -58.780853, -38.161885, 180.726166 ] ] } },
{ "type": "Feature", "properties": { "id": 681, "tipo": "led", "Potencia": null, "Columna": null }, "geometry": { "type": "MultiPoint", "coordinates": [ [ -58.780576, -38.161633, 180.623535 ] ] } },
{ "type": "Feature", "properties": { "id": 682, "tipo": "led", "Potencia": null, "Columna": null }, "geometry": { "type": "MultiPoint", "coordinates": [ [ -58.780272, -38.161371, 180.623535 ] ] } },
{ "type": "Feature", "properties": { "id": 683, "tipo": "led", "Potencia": null, "Columna": null }, "geometry": { "type": "MultiPoint", "coordinates": [ [ -58.779936, -38.161113, 180.623535 ] ] } },
{ "type": "Feature", "properties": { "id": 684, "tipo": "led", "Potencia": null, "Columna": null }, "geometry": { "type": "MultiPoint", "coordinates": [ [ -58.779628, -38.160862, 180.623535 ] ] } },
{ "type": "Feature", "properties": { "id": 685, "tipo": "led", "Potencia": null, "Columna": null }, "geometry": { "type": "MultiPoint", "coordinates": [ [ -58.77934, -38.160627, 176.723297 ] ] } },
{ "type": "Feature", "properties": { "id": 686, "tipo": "led", "Potencia": null, "Columna": null }, "geometry": { "type": "MultiPoint", "coordinates": [ [ -58.779008, -38.160367, 179.634476 ] ] } },
{ "type": "Feature", "properties": { "id": 687, "tipo": "led", "Potencia": null, "Columna": null }, "geometry": { "type": "MultiPoint", "coordinates": [ [ -58.778733, -38.16012, 180.194321 ] ] } },
{ "type": "Feature", "properties": { "id": 688, "tipo": "led", "Potencia": null, "Columna": null }, "geometry": { "type": "MultiPoint", "coordinates": [ [ -58.778408, -38.159893, 179.615814 ] ] } },
{ "type": "Feature", "properties": { "id": 689, "tipo": "led", "Potencia": null, "Columna": null }, "geometry": { "type": "MultiPoint", "coordinates": [ [ -58.778126, -38.159676, 180.474243 ] ] } },
{ "type": "Feature", "properties": { "id": 690, "tipo": "led", "Potencia": null, "Columna": null }, "geometry": { "type": "MultiPoint", "coordinates": [ [ -58.777768, -38.159355, 180.045029 ] ] } },
{ "type": "Feature", "properties": { "id": 691, "tipo": "led", "Potencia": null, "Columna": null }, "geometry": { "type": "MultiPoint", "coordinates": [ [ -58.777486, -38.159128, 180.483566 ] ] } },
{ "type": "Feature", "properties": { "id": 692, "tipo": "led", "Potencia": null, "Columna": null }, "geometry": { "type": "MultiPoint", "coordinates": [ [ -58.777181, -38.15889, 180.483566 ] ] } },
{ "type": "Feature", "properties": { "id": 693, "tipo": "led", "Potencia": null, "Columna": null }, "geometry": { "type": "MultiPoint", "coordinates": [ [ -58.776836, -38.158583, 180.483566 ] ] } },
{ "type": "Feature", "properties": { "id": 694, "tipo": "led", "Potencia": null, "Columna": null }, "geometry": { "type": "MultiPoint", "coordinates": [ [ -58.775924, -38.157859, 180.483566 ] ] } },
{ "type": "Feature", "properties": { "id": 695, "tipo": "led", "Potencia": null, "Columna": null }, "geometry": { "type": "MultiPoint", "coordinates": [ [ -58.775625, -38.157602, 180.483566 ] ] } },
{ "type": "Feature", "properties": { "id": 696, "tipo": "led", "Potencia": null, "Columna": null }, "geometry": { "type": "MultiPoint", "coordinates": [ [ -58.775308, -38.157344, 179.326569 ] ] } },
{ "type": "Feature", "properties": { "id": 697, "tipo": "led", "Potencia": null, "Columna": null }, "geometry": { "type": "MultiPoint", "coordinates": [ [ -58.775061, -38.157134, 180.43692 ] ] } },
{ "type": "Feature", "properties": { "id": 698, "tipo": "led", "Potencia": null, "Columna": null }, "geometry": { "type": "MultiPoint", "coordinates": [ [ -58.774731, -38.156875, 179.905075 ] ] } },
{ "type": "Feature", "properties": { "id": 699, "tipo": "led", "Potencia": null, "Columna": null }, "geometry": { "type": "MultiPoint", "coordinates": [ [ -58.774441, -38.156666, 179.671799 ] ] } },
{ "type": "Feature", "properties": { "id": 700, "tipo": null, "Potencia": null, "Columna": null }, "geometry": { "type": "MultiPoint", "coordinates": [ [ -58.774349, -38.15668, 180.474243 ] ] } },
{ "type": "Feature", "properties": { "id": 701, "tipo": null, "Potencia": null, "Columna": null }, "geometry": { "type": "MultiPoint", "coordinates": [ [ -58.774024, -38.156874, 177.040543 ] ] } },
{ "type": "Feature", "properties": { "id": 702, "tipo": null, "Potencia": null, "Columna": null }, "geometry": { "type": "MultiPoint", "coordinates": [ [ -58.773817, -38.157013, 177.040543 ] ] } },
{ "type": "Feature", "properties": { "id": 703, "tipo": null, "Potencia": null, "Columna": null }, "geometry": { "type": "MultiPoint", "coordinates": [ [ -58.773512, -38.157229, 180.156998 ] ] } },
{ "type": "Feature", "properties": { "id": 704, "tipo": null, "Potencia": null, "Columna": null }, "geometry": { "type": "MultiPoint", "coordinates": [ [ -58.773355, -38.157342, 179.709122 ] ] } },
{ "type": "Feature", "properties": { "id": 705, "tipo": null, "Potencia": null, "Columna": null }, "geometry": { "type": "MultiPoint", "coordinates": [ [ -58.773019, -38.157605, 178.925339 ] ] } },
{ "type": "Feature", "properties": { "id": 706, "tipo": null, "Potencia": null, "Columna": null }, "geometry": { "type": "MultiPoint", "coordinates": [ [ -58.772601, -38.157941, 179.223923 ] ] } },
{ "type": "Feature", "properties": { "id": 707, "tipo": null, "Potencia": null, "Columna": null }, "geometry": { "type": "MultiPoint", "coordinates": [ [ -58.772423, -38.158074, 179.447861 ] ] } },
{ "type": "Feature", "properties": { "id": 708, "tipo": null, "Potencia": null, "Columna": null }, "geometry": { "type": "MultiPoint", "coordinates": [ [ -58.772063, -38.158327, 180.380936 ] ] } },
{ "type": "Feature", "properties": { "id": 709, "tipo": null, "Potencia": null, "Columna": null }, "geometry": { "type": "MultiPoint", "coordinates": [ [ -58.771684, -38.158623, 180.06369 ] ] } },
{ "type": "Feature", "properties": { "id": 710, "tipo": null, "Potencia": null, "Columna": null }, "geometry": { "type": "MultiPoint", "coordinates": [ [ -58.770081, -38.159852, 180.06369 ] ] } },
{ "type": "Feature", "properties": { "id": 711, "tipo": null, "Potencia": null, "Columna": null }, "geometry": { "type": "MultiPoint", "coordinates": [ [ -58.77085, -38.159659, 180.06369 ] ] } },
{ "type": "Feature", "properties": { "id": 712, "tipo": null, "Potencia": null, "Columna": null }, "geometry": { "type": "MultiPoint", "coordinates": [ [ -58.771197, -38.159804, 180.06369 ] ] } },
{ "type": "Feature", "properties": { "id": 713, "tipo": null, "Potencia": null, "Columna": null }, "geometry": { "type": "MultiPoint", "coordinates": [ [ -58.771451, -38.160172, 180.06369 ] ] } },
{ "type": "Feature", "properties": { "id": 714, "tipo": null, "Potencia": null, "Columna": null }, "geometry": { "type": "MultiPoint", "coordinates": [ [ -58.769907, -38.161675, 180.06369 ] ] } },
{ "type": "Feature", "properties": { "id": 715, "tipo": null, "Potencia": null, "Columna": null }, "geometry": { "type": "MultiPoint", "coordinates": [ [ -58.770153, -38.161505, 180.06369 ] ] } },
{ "type": "Feature", "properties": { "id": 716, "tipo": null, "Potencia": null, "Columna": null }, "geometry": { "type": "MultiPoint", "coordinates": [ [ -58.770387, -38.161322, 180.06369 ] ] } },
{ "type": "Feature", "properties": { "id": 717, "tipo": null, "Potencia": null, "Columna": null }, "geometry": { "type": "MultiPoint", "coordinates": [ [ -58.770624, -38.161135, 180.06369 ] ] } },
{ "type": "Feature", "properties": { "id": 718, "tipo": null, "Potencia": null, "Columna": null }, "geometry": { "type": "MultiPoint", "coordinates": [ [ -58.771146, -38.160573, 180.06369 ] ] } },
{ "type": "Feature", "properties": { "id": 719, "tipo": null, "Potencia": null, "Columna": null }, "geometry": { "type": "MultiPoint", "coordinates": [ [ -58.772085, -38.160017, 180.06369 ] ] } },
{ "type": "Feature", "properties": { "id": 720, "tipo": null, "Potencia": null, "Columna": null }, "geometry": { "type": "MultiPoint", "coordinates": [ [ -58.772789, -38.159471, 180.06369 ] ] } },
{ "type": "Feature", "properties": { "id": 721, "tipo": null, "Potencia": null, "Columna": null }, "geometry": { "type": "MultiPoint", "coordinates": [ [ -58.77293, -38.159237, 180.06369 ] ] } },
{ "type": "Feature", "properties": { "id": 722, "tipo": null, "Potencia": null, "Columna": null }, "geometry": { "type": "MultiPoint", "coordinates": [ [ -58.773211, -38.15914, 180.06369 ] ] } },
{ "type": "Feature", "properties": { "id": 723, "tipo": null, "Potencia": null, "Columna": null }, "geometry": { "type": "MultiPoint", "coordinates": [ [ -58.773415, -38.158886, 180.06369 ] ] } },
{ "type": "Feature", "properties": { "id": 724, "tipo": null, "Potencia": null, "Columna": null }, "geometry": { "type": "MultiPoint", "coordinates": [ [ -58.773669, -38.158822, 179.429199 ] ] } },
{ "type": "Feature", "properties": { "id": 725, "tipo": null, "Potencia": null, "Columna": null }, "geometry": { "type": "MultiPoint", "coordinates": [ [ -58.773916, -38.158646, 177.348465 ] ] } },
{ "type": "Feature", "properties": { "id": 726, "tipo": null, "Potencia": null, "Columna": null }, "geometry": { "type": "MultiPoint", "coordinates": [ [ -58.774179, -38.158449, 177.348465 ] ] } },
{ "type": "Feature", "properties": { "id": 727, "tipo": "led 15va", "Potencia": 150, "Columna": "alta" }, "geometry": { "type": "MultiPoint", "coordinates": [ [ -58.774675, -38.158027, 179.466522 ] ] } },
{ "type": "Feature", "properties": { "id": 728, "tipo": "led 15va", "Potencia": 150, "Columna": "alta" }, "geometry": { "type": "MultiPoint", "coordinates": [ [ -58.774853, -38.157776, 179.942398 ] ] } },
{ "type": "Feature", "properties": { "id": 729, "tipo": "led 15va", "Potencia": 150, "Columna": "alta" }, "geometry": { "type": "MultiPoint", "coordinates": [ [ -58.775136, -38.157668, 179.942398 ] ] } },
{ "type": "Feature", "properties": { "id": 730, "tipo": "led 15va", "Potencia": 150, "Columna": "alta" }, "geometry": { "type": "MultiPoint", "coordinates": [ [ -58.775268, -38.157454, 179.942398 ] ] } },
{ "type": "Feature", "properties": { "id": 731, "tipo": "led 15va", "Potencia": 120, "Columna": "baja" }, "geometry": { "type": "MultiPoint", "coordinates": [ [ -58.773569, -38.157376, 179.942398 ] ] } },
{ "type": "Feature", "properties": { "id": 732, "tipo": "led 15va", "Potencia": 120, "Columna": "baja" }, "geometry": { "type": "MultiPoint", "coordinates": [ [ -58.773795, -38.157616, 179.989044 ] ] } },
{ "type": "Feature", "properties": { "id": 733, "tipo": null, "Potencia": null, "Columna": null }, "geometry": { "type": "MultiPoint", "coordinates": [ [ -58.773994, -38.157613, 176.583344 ] ] } },
{ "type": "Feature", "properties": { "id": 734, "tipo": "led 15va", "Potencia": 120, "Columna": "baja" }, "geometry": { "type": "MultiPoint", "coordinates": [ [ -58.774046, -38.15781, 181.136719 ] ] } },
{ "type": "Feature", "properties": { "id": 735, "tipo": "led 15va", "Potencia": 120, "Columna": "baja" }, "geometry": { "type": "MultiPoint", "coordinates": [ [ -58.774307, -38.158049, 180.175659 ] ] } },
{ "type": "Feature", "properties": { "id": 736, "tipo": "led 15va", "Potencia": 150, "Columna": "alta" }, "geometry": { "type": "MultiPoint", "coordinates": [ [ -58.774556, -38.158234, 180.987427 ] ] } },
{ "type": "Feature", "properties": { "id": 737, "tipo": "led 15va", "Potencia": 150, "Columna": "alta" }, "geometry": { "type": "MultiPoint", "coordinates": [ [ -58.774784, -38.158395, 180.987427 ] ] } },
{ "type": "Feature", "properties": { "id": 738, "tipo": "led 15va", "Potencia": 150, "Columna": "alta" }, "geometry": { "type": "MultiPoint", "coordinates": [ [ -58.775085, -38.158648, 180.987427 ] ] } },
{ "type": "Feature", "properties": { "id": 739, "tipo": "led 15va", "Potencia": 150, "Columna": "alta" }, "geometry": { "type": "MultiPoint", "coordinates": [ [ -58.775388, -38.158907, 180.987427 ] ] } },
{ "type": "Feature", "properties": { "id": 740, "tipo": null, "Potencia": null, "Columna": "alta" }, "geometry": { "type": "MultiPoint", "coordinates": [ [ -58.775637, -38.159122, 180.987427 ] ] } },
{ "type": "Feature", "properties": { "id": 741, "tipo": "led 15va", "Potencia": 150, "Columna": "alta" }, "geometry": { "type": "MultiPoint", "coordinates": [ [ -58.775947, -38.159362, 180.987427 ] ] } },
{ "type": "Feature", "properties": { "id": 742, "tipo": null, "Potencia": null, "Columna": "alta" }, "geometry": { "type": "MultiPoint", "coordinates": [ [ -58.776199, -38.159551, 180.987427 ] ] } },
{ "type": "Feature", "properties": { "id": 743, "tipo": "led 15va", "Potencia": 150, "Columna": "alta" }, "geometry": { "type": "MultiPoint", "coordinates": [ [ -58.776482, -38.159788, 177.460434 ] ] } },
{ "type": "Feature", "properties": { "id": 748, "tipo": "led 11va", "Potencia": null, "Columna": null }, "geometry": { "type": "MultiPoint", "coordinates": [ [ -58.777728, -38.16082, 180.828812 ] ] } },
{ "type": "Feature", "properties": { "id": 749, "tipo": "led 11va", "Potencia": null, "Columna": null }, "geometry": { "type": "MultiPoint", "coordinates": [ [ -58.777975, -38.161019, 181.696564 ] ] } },
{ "type": "Feature", "properties": { "id": 750, "tipo": "led 11va", "Potencia": null, "Columna": null }, "geometry": { "type": "MultiPoint", "coordinates": [ [ -58.778258, -38.16121, 180.595535 ] ] } },
{ "type": "Feature", "properties": { "id": 751, "tipo": "led 11va", "Potencia": null, "Columna": null }, "geometry": { "type": "MultiPoint", "coordinates": [ [ -58.778594, -38.161505, 180.595535 ] ] } },
{ "type": "Feature", "properties": { "id": 752, "tipo": "led", "Potencia": null, "Columna": null }, "geometry": { "type": "MultiPoint", "coordinates": [ [ -58.779053, -38.161739, 180.595535 ] ] } },
{ "type": "Feature", "properties": { "id": 753, "tipo": "led", "Potencia": null, "Columna": null }, "geometry": { "type": "MultiPoint", "coordinates": [ [ -58.779178, -38.161982, 180.595535 ] ] } },
{ "type": "Feature", "properties": { "id": 754, "tipo": "led", "Potencia": null, "Columna": null }, "geometry": { "type": "MultiPoint", "coordinates": [ [ -58.779449, -38.162077, 180.595535 ] ] } },
{ "type": "Feature", "properties": { "id": 755, "tipo": "led", "Potencia": null, "Columna": null }, "geometry": { "type": "MultiPoint", "coordinates": [ [ -58.779575, -38.162275, 180.595535 ] ] } },
{ "type": "Feature", "properties": { "id": 756, "tipo": "led", "Potencia": null, "Columna": null }, "geometry": { "type": "MultiPoint", "coordinates": [ [ -58.780107, -38.162633, 180.595535 ] ] } },
{ "type": "Feature", "properties": { "id": 757, "tipo": "led", "Potencia": null, "Columna": null }, "geometry": { "type": "MultiPoint", "coordinates": [ [ -58.780232, -38.16288, 180.595535 ] ] } },
{ "type": "Feature", "properties": { "id": 758, "tipo": "led", "Potencia": null, "Columna": null }, "geometry": { "type": "MultiPoint", "coordinates": [ [ -58.780486, -38.162935, 180.595535 ] ] } },
{ "type": "Feature", "properties": { "id": 759, "tipo": "led", "Potencia": null, "Columna": null }, "geometry": { "type": "MultiPoint", "coordinates": [ [ -58.780626, -38.163164, 180.595535 ] ] } },
{ "type": "Feature", "properties": { "id": 760, "tipo": "led", "Potencia": null, "Columna": null }, "geometry": { "type": "MultiPoint", "coordinates": [ [ -58.781169, -38.163491, 180.595535 ] ] } },
{ "type": "Feature", "properties": { "id": 761, "tipo": "led", "Potencia": null, "Columna": null }, "geometry": { "type": "MultiPoint", "coordinates": [ [ -58.781176, -38.163655, 180.595535 ] ] } },
{ "type": "Feature", "properties": { "id": 762, "tipo": "led", "Potencia": null, "Columna": null }, "geometry": { "type": "MultiPoint", "coordinates": [ [ -58.781489, -38.163737, 180.595535 ] ] } },
{ "type": "Feature", "properties": { "id": 763, "tipo": "led", "Potencia": null, "Columna": null }, "geometry": { "type": "MultiPoint", "coordinates": [ [ -58.781597, -38.163915, 180.595535 ] ] } },
{ "type": "Feature", "properties": { "id": 764, "tipo": "led", "Potencia": null, "Columna": null }, "geometry": { "type": "MultiPoint", "coordinates": [ [ -58.781761, -38.163974, 180.595535 ] ] } },
{ "type": "Feature", "properties": { "id": 765, "tipo": "led", "Potencia": null, "Columna": null }, "geometry": { "type": "MultiPoint", "coordinates": [ [ -58.776544, -38.15835, 180.483566 ] ] } },
{ "type": "Feature", "properties": { "id": 766, "tipo": "led", "Potencia": null, "Columna": null }, "geometry": { "type": "MultiPoint", "coordinates": [ [ -58.77625, -38.158119, 180.483566 ] ] } },
{ "type": "Feature", "properties": { "id": 767, "tipo": "led", "Potencia": null, "Columna": null }, "geometry": { "type": "MultiPoint", "coordinates": [ [ -58.780938, -38.164784, 116.885574 ] ] } },
{ "type": "Feature", "properties": { "id": 768, "tipo": "led", "Potencia": null, "Columna": null }, "geometry": { "type": "MultiPoint", "coordinates": [ [ -58.780655, -38.164735, 116.885574 ] ] } },
{ "type": "Feature", "properties": { "id": 769, "tipo": "led", "Potencia": null, "Columna": null }, "geometry": { "type": "MultiPoint", "coordinates": [ [ -58.780516, -38.164497, 116.885574 ] ] } },
{ "type": "Feature", "properties": { "id": 770, "tipo": "led", "Potencia": null, "Columna": null }, "geometry": { "type": "MultiPoint", "coordinates": [ [ -58.780235, -38.164395, 116.885574 ] ] } },
{ "type": "Feature", "properties": { "id": 771, "tipo": "led", "Potencia": null, "Columna": null }, "geometry": { "type": "MultiPoint", "coordinates": [ [ -58.780185, -38.164149, 116.167114 ] ] } },
{ "type": "Feature", "properties": { "id": 772, "tipo": "led", "Potencia": null, "Columna": null }, "geometry": { "type": "MultiPoint", "coordinates": [ [ -58.77978, -38.164002, 114.179672 ] ] } },
{ "type": "Feature", "properties": { "id": 773, "tipo": "led", "Potencia": null, "Columna": null }, "geometry": { "type": "MultiPoint", "coordinates": [ [ -58.77963, -38.163778, 114.179672 ] ] } },
{ "type": "Feature", "properties": { "id": 774, "tipo": "led", "Potencia": null, "Columna": null }, "geometry": { "type": "MultiPoint", "coordinates": [ [ -58.779342, -38.163638, 114.179672 ] ] } },
{ "type": "Feature", "properties": { "id": 775, "tipo": "led", "Potencia": null, "Columna": null }, "geometry": { "type": "MultiPoint", "coordinates": [ [ -58.779142, -38.163325, 114.179672 ] ] } },
{ "type": "Feature", "properties": { "id": 776, "tipo": "led", "Potencia": null, "Columna": null }, "geometry": { "type": "MultiPoint", "coordinates": [ [ -58.778795, -38.16317, 115.168732 ] ] } },
{ "type": "Feature", "properties": { "id": 777, "tipo": "led", "Potencia": null, "Columna": null }, "geometry": { "type": "MultiPoint", "coordinates": [ [ -58.778574, -38.162884, 112.574799 ] ] } },
{ "type": "Feature", "properties": { "id": 778, "tipo": "led", "Potencia": null, "Columna": null }, "geometry": { "type": "MultiPoint", "coordinates": [ [ -58.77822, -38.162701, 112.742752 ] ] } },
{ "type": "Feature", "properties": { "id": 779, "tipo": "led", "Potencia": null, "Columna": null }, "geometry": { "type": "MultiPoint", "coordinates": [ [ -58.778003, -38.162436, 112.789406 ] ] } },
{ "type": "Feature", "properties": { "id": 780, "tipo": null, "Potencia": null, "Columna": null }, "geometry": { "type": "MultiPoint", "coordinates": [ [ -58.777834, -38.162351, 112.070938 ] ] } },
{ "type": "Feature", "properties": { "id": 781, "tipo": "led", "Potencia": null, "Columna": null }, "geometry": { "type": "MultiPoint", "coordinates": [ [ -58.777686, -38.162284, 112.304207 ] ] } },
{ "type": "Feature", "properties": { "id": 782, "tipo": "led", "Potencia": null, "Columna": null }, "geometry": { "type": "MultiPoint", "coordinates": [ [ -58.777485, -38.162019, 113.19062 ] ] } },
{ "type": "Feature", "properties": { "id": 783, "tipo": "led", "Potencia": null, "Columna": null }, "geometry": { "type": "MultiPoint", "coordinates": [ [ -58.777135, -38.161837, 112.621452 ] ] } },
{ "type": "Feature", "properties": { "id": 784, "tipo": "led", "Potencia": null, "Columna": null }, "geometry": { "type": "MultiPoint", "coordinates": [ [ -58.776906, -38.161537, 113.022667 ] ] } },
{ "type": "Feature", "properties": { "id": 785, "tipo": null, "Potencia": null, "Columna": null }, "geometry": { "type": "MultiPoint", "coordinates": [ [ -58.776566, -38.161378, 113.134636 ] ] } },
{ "type": "Feature", "properties": { "id": 786, "tipo": null, "Potencia": null, "Columna": null }, "geometry": { "type": "MultiPoint", "coordinates": [ [ -58.776341, -38.161071, 113.050659 ] ] } },
{ "type": "Feature", "properties": { "id": 787, "tipo": null, "Potencia": null, "Columna": null }, "geometry": { "type": "MultiPoint", "coordinates": [ [ -58.776018, -38.160909, 111.277832 ] ] } },
{ "type": "Feature", "properties": { "id": 788, "tipo": null, "Potencia": null, "Columna": null }, "geometry": { "type": "MultiPoint", "coordinates": [ [ -58.775838, -38.160663, 112.882706 ] ] } },
{ "type": "Feature", "properties": { "id": 789, "tipo": null, "Potencia": null, "Columna": null }, "geometry": { "type": "MultiPoint", "coordinates": [ [ -58.775541, -38.160531, 112.882706 ] ] } },
{ "type": "Feature", "properties": { "id": 790, "tipo": null, "Potencia": null, "Columna": null }, "geometry": { "type": "MultiPoint", "coordinates": [ [ -58.775346, -38.160256, 112.882706 ] ] } },
{ "type": "Feature", "properties": { "id": 791, "tipo": null, "Potencia": null, "Columna": null }, "geometry": { "type": "MultiPoint", "coordinates": [ [ -58.775013, -38.160088, 112.882706 ] ] } },
{ "type": "Feature", "properties": { "id": 792, "tipo": null, "Potencia": null, "Columna": null }, "geometry": { "type": "MultiPoint", "coordinates": [ [ -58.774768, -38.159782, 111.902985 ] ] } },
{ "type": "Feature", "properties": { "id": 793, "tipo": null, "Potencia": null, "Columna": null }, "geometry": { "type": "MultiPoint", "coordinates": [ [ -58.774488, -38.159656, 112.182907 ] ] } },
{ "type": "Feature", "properties": { "id": 794, "tipo": null, "Potencia": null, "Columna": null }, "geometry": { "type": "MultiPoint", "coordinates": [ [ -58.774313, -38.159531, 112.248222 ] ] } },
{ "type": "Feature", "properties": { "id": 795, "tipo": null, "Potencia": null, "Columna": null }, "geometry": { "type": "MultiPoint", "coordinates": [ [ -58.774147, -38.159404, 112.276215 ] ] } },
{ "type": "Feature", "properties": { "id": 796, "tipo": null, "Potencia": null, "Columna": null }, "geometry": { "type": "MultiPoint", "coordinates": [ [ -58.773931, -38.159217, 110.568695 ] ] } },
{ "type": "Feature", "properties": { "id": 797, "tipo": null, "Potencia": null, "Columna": null }, "geometry": { "type": "MultiPoint", "coordinates": [ [ -58.773771, -38.159101, 112.518814 ] ] } },
{ "type": "Feature", "properties": { "id": 798, "tipo": null, "Potencia": null, "Columna": null }, "geometry": { "type": "MultiPoint", "coordinates": [ [ -58.773604, -38.158954, 113.255936 ] ] } },
{ "type": "Feature", "properties": { "id": 799, "tipo": null, "Potencia": null, "Columna": null }, "geometry": { "type": "MultiPoint", "coordinates": [ [ -58.773435, -38.158809, 112.434837 ] ] } },
{ "type": "Feature", "properties": { "id": 800, "tipo": null, "Potencia": null, "Columna": null }, "geometry": { "type": "MultiPoint", "coordinates": [ [ -58.773206, -38.158619, 112.574799 ] ] } },
{ "type": "Feature", "properties": { "id": 801, "tipo": null, "Potencia": null, "Columna": null }, "geometry": { "type": "MultiPoint", "coordinates": [ [ -58.772885, -38.158368, 113.358574 ] ] } },
{ "type": "Feature", "properties": { "id": 802, "tipo": null, "Potencia": null, "Columna": null }, "geometry": { "type": "MultiPoint", "coordinates": [ [ -58.772658, -38.158188, 113.358574 ] ] } },
{ "type": "Feature", "properties": { "id": 803, "tipo": null, "Potencia": null, "Columna": null }, "geometry": { "type": "MultiPoint", "coordinates": [ [ -58.771788, -38.158822, 113.358574 ] ] } },
{ "type": "Feature", "properties": { "id": 804, "tipo": null, "Potencia": null, "Columna": null }, "geometry": { "type": "MultiPoint", "coordinates": [ [ -58.771989, -38.158972, 113.358574 ] ] } },
{ "type": "Feature", "properties": { "id": 805, "tipo": null, "Potencia": null, "Columna": null }, "geometry": { "type": "MultiPoint", "coordinates": [ [ -58.772227, -38.159017, 110.671333 ] ] } },
{ "type": "Feature", "properties": { "id": 806, "tipo": null, "Potencia": null, "Columna": null }, "geometry": { "type": "MultiPoint", "coordinates": [ [ -58.772403, -38.158796, 112.528145 ] ] } },
{ "type": "Feature", "properties": { "id": 807, "tipo": null, "Potencia": null, "Columna": null }, "geometry": { "type": "MultiPoint", "coordinates": [ [ -58.772702, -38.158673, 112.360191 ] ] } },
{ "type": "Feature", "properties": { "id": 808, "tipo": null, "Potencia": null, "Columna": null }, "geometry": { "type": "MultiPoint", "coordinates": [ [ -58.772868, -38.15845, 112.929359 ] ] } },
{ "type": "Feature", "properties": { "id": 809, "tipo": null, "Potencia": null, "Columna": null }, "geometry": { "type": "MultiPoint", "coordinates": [ [ -58.772208, -38.15918, 112.397514 ] ] } },
{ "type": "Feature", "properties": { "id": 810, "tipo": null, "Potencia": null, "Columna": null }, "geometry": { "type": "MultiPoint", "coordinates": [ [ -58.772465, -38.159383, 112.397514 ] ] } },
{ "type": "Feature", "properties": { "id": 811, "tipo": null, "Potencia": null, "Columna": null }, "geometry": { "type": "MultiPoint", "coordinates": [ [ -58.772693, -38.159561, 112.397514 ] ] } },
{ "type": "Feature", "properties": { "id": 812, "tipo": null, "Potencia": null, "Columna": null }, "geometry": { "type": "MultiPoint", "coordinates": [ [ -58.772945, -38.159773, 113.498535 ] ] } },
{ "type": "Feature", "properties": { "id": 813, "tipo": null, "Potencia": null, "Columna": null }, "geometry": { "type": "MultiPoint", "coordinates": [ [ -58.773196, -38.159874, 112.154915 ] ] } },
{ "type": "Feature", "properties": { "id": 814, "tipo": null, "Potencia": null, "Columna": null }, "geometry": { "type": "MultiPoint", "coordinates": [ [ -58.773538, -38.159736, 113.004005 ] ] } },
{ "type": "Feature", "properties": { "id": 815, "tipo": null, "Potencia": null, "Columna": null }, "geometry": { "type": "MultiPoint", "coordinates": [ [ -58.773653, -38.15955, 111.212517 ] ] } },
{ "type": "Feature", "properties": { "id": 816, "tipo": null, "Potencia": null, "Columna": null }, "geometry": { "type": "MultiPoint", "coordinates": [ [ -58.773996, -38.159404, 113.255936 ] ] } },
{ "type": "Feature", "properties": { "id": 817, "tipo": null, "Potencia": null, "Columna": null }, "geometry": { "type": "MultiPoint", "coordinates": [ [ -58.773252, -38.160044, 113.255936 ] ] } },
{ "type": "Feature", "properties": { "id": 818, "tipo": null, "Potencia": null, "Columna": null }, "geometry": { "type": "MultiPoint", "coordinates": [ [ -58.773492, -38.160227, 113.255936 ] ] } },
{ "type": "Feature", "properties": { "id": 819, "tipo": null, "Potencia": null, "Columna": null }, "geometry": { "type": "MultiPoint", "coordinates": [ [ -58.773715, -38.160308, 113.255936 ] ] } },
{ "type": "Feature", "properties": { "id": 820, "tipo": null, "Potencia": null, "Columna": null }, "geometry": { "type": "MultiPoint", "coordinates": [ [ -58.773967, -38.16012, 113.255936 ] ] } },
{ "type": "Feature", "properties": { "id": 821, "tipo": null, "Potencia": null, "Columna": null }, "geometry": { "type": "MultiPoint", "coordinates": [ [ -58.774174, -38.159976, 113.255936 ] ] } },
{ "type": "Feature", "properties": { "id": 822, "tipo": null, "Potencia": null, "Columna": null }, "geometry": { "type": "MultiPoint", "coordinates": [ [ -58.774447, -38.159762, 113.246605 ] ] } },
{ "type": "Feature", "properties": { "id": 823, "tipo": null, "Potencia": null, "Columna": null }, "geometry": { "type": "MultiPoint", "coordinates": [ [ -58.774738, -38.159687, 113.246605 ] ] } },
{ "type": "Feature", "properties": { "id": 824, "tipo": null, "Potencia": null, "Columna": null }, "geometry": { "type": "MultiPoint", "coordinates": [ [ -58.775017, -38.159479, 113.246605 ] ] } },
{ "type": "Feature", "properties": { "id": 825, "tipo": "led 15va", "Potencia": 150, "Columna": "alta" }, "geometry": { "type": "MultiPoint", "coordinates": [ [ -58.775741, -38.158904, 113.246605 ] ] } },
{ "type": "Feature", "properties": { "id": 826, "tipo": "led 15va", "Potencia": 150, "Columna": "alta" }, "geometry": { "type": "MultiPoint", "coordinates": [ [ -58.775915, -38.158651, 113.246605 ] ] } },
{ "type": "Feature", "properties": { "id": 827, "tipo": "led 15va", "Potencia": 150, "Columna": "alta" }, "geometry": { "type": "MultiPoint", "coordinates": [ [ -58.776198, -38.158551, 113.246605 ] ] } },
{ "type": "Feature", "properties": { "id": 828, "tipo": "led 15va", "Potencia": 150, "Columna": "alta" }, "geometry": { "type": "MultiPoint", "coordinates": [ [ -58.776336, -38.158346, 113.246605 ] ] } },
{ "type": "Feature", "properties": { "id": 829, "tipo": "led 15va", "Potencia": 150, "Columna": "alta" }, "geometry": { "type": "MultiPoint", "coordinates": [ [ -58.777449, -38.159278, 113.43322 ] ] } },
{ "type": "Feature", "properties": { "id": 830, "tipo": "led 15va", "Potencia": 150, "Columna": "alta" }, "geometry": { "type": "MultiPoint", "coordinates": [ [ -58.777181, -38.159403, 112.985344 ] ] } },
{ "type": "Feature", "properties": { "id": 831, "tipo": "led 15va", "Potencia": 150, "Columna": "alta" }, "geometry": { "type": "MultiPoint", "coordinates": [ [ -58.776975, -38.159637, 112.453499 ] ] } },
{ "type": "Feature", "properties": { "id": 832, "tipo": "led 15va", "Potencia": 150, "Columna": "alta" }, "geometry": { "type": "MultiPoint", "coordinates": [ [ -58.776728, -38.159709, 111.389801 ] ] } },
{ "type": "Feature", "properties": { "id": 833, "tipo": null, "Potencia": null, "Columna": null }, "geometry": { "type": "MultiPoint", "coordinates": [ [ -58.77652, -38.159969, 112.80806 ] ] } },
{ "type": "Feature", "properties": { "id": 1, "tipo": null, "Potencia": null, "Columna": null }, "geometry": { "type": "MultiPoint", "coordinates": [ [ -58.776214, -38.160078, 112.238892 ] ] } },
{ "type": "Feature", "properties": { "id": 835, "tipo": null, "Potencia": null, "Columna": null }, "geometry": { "type": "MultiPoint", "coordinates": [ [ -58.776008, -38.160339, 112.164246 ] ] } },
{ "type": "Feature", "properties": { "id": 836, "tipo": null, "Potencia": null, "Columna": null }, "geometry": { "type": "MultiPoint", "coordinates": [ [ -58.775781, -38.160448, 112.248222 ] ] } },
{ "type": "Feature", "properties": { "id": 837, "tipo": null, "Potencia": null, "Columna": null }, "geometry": { "type": "MultiPoint", "coordinates": [ [ -58.775522, -38.160647, 114.450264 ] ] } },
{ "type": "Feature", "properties": { "id": 838, "tipo": null, "Potencia": null, "Columna": null }, "geometry": { "type": "MultiPoint", "coordinates": [ [ -58.775308, -38.16081, 113.909088 ] ] } },
{ "type": "Feature", "properties": { "id": 839, "tipo": null, "Potencia": null, "Columna": null }, "geometry": { "type": "MultiPoint", "coordinates": [ [ -58.775076, -38.161002, 113.227943 ] ] } },
{ "type": "Feature", "properties": { "id": 840, "tipo": null, "Potencia": null, "Columna": null }, "geometry": { "type": "MultiPoint", "coordinates": [ [ -58.77486, -38.161159, 112.322868 ] ] } },
{ "type": "Feature", "properties": { "id": 841, "tipo": null, "Potencia": null, "Columna": null }, "geometry": { "type": "MultiPoint", "coordinates": [ [ -58.774568, -38.161366, 112.910698 ] ] } },
{ "type": "Feature", "properties": { "id": 842, "tipo": null, "Potencia": null, "Columna": null }, "geometry": { "type": "MultiPoint", "coordinates": [ [ -58.774342, -38.16153, 112.444168 ] ] } },
{ "type": "Feature", "properties": { "id": 843, "tipo": null, "Potencia": null, "Columna": null }, "geometry": { "type": "MultiPoint", "coordinates": [ [ -58.774119, -38.161691, 112.444168 ] ] } },
{ "type": "Feature", "properties": { "id": 844, "tipo": null, "Potencia": null, "Columna": null }, "geometry": { "type": "MultiPoint", "coordinates": [ [ -58.773902, -38.161868, 112.369522 ] ] } },
{ "type": "Feature", "properties": { "id": 845, "tipo": null, "Potencia": null, "Columna": null }, "geometry": { "type": "MultiPoint", "coordinates": [ [ -58.773627, -38.162086, 111.940308 ] ] } },
{ "type": "Feature", "properties": { "id": 846, "tipo": null, "Potencia": null, "Columna": null }, "geometry": { "type": "MultiPoint", "coordinates": [ [ -58.773421, -38.162338, 111.837669 ] ] } },
{ "type": "Feature", "properties": { "id": 847, "tipo": null, "Potencia": null, "Columna": null }, "geometry": { "type": "MultiPoint", "coordinates": [ [ -58.773158, -38.162434, 111.986961 ] ] } },
{ "type": "Feature", "properties": { "id": 848, "tipo": null, "Potencia": null, "Columna": null }, "geometry": { "type": "MultiPoint", "coordinates": [ [ -58.77294, -38.162602, 111.59507 ] ] } },
{ "type": "Feature", "properties": { "id": 849, "tipo": null, "Potencia": null, "Columna": null }, "geometry": { "type": "MultiPoint", "coordinates": [ [ -58.77271, -38.162781, 109.999527 ] ] } },
{ "type": "Feature", "properties": { "id": 850, "tipo": null, "Potencia": null, "Columna": null }, "geometry": { "type": "MultiPoint", "coordinates": [ [ -58.772517, -38.162934, 111.445786 ] ] } },
{ "type": "Feature", "properties": { "id": 851, "tipo": null, "Potencia": null, "Columna": null }, "geometry": { "type": "MultiPoint", "coordinates": [ [ -58.772313, -38.16309, 113.293259 ] ] } },
{ "type": "Feature", "properties": { "id": 852, "tipo": null, "Potencia": null, "Columna": null }, "geometry": { "type": "MultiPoint", "coordinates": [ [ -58.77212, -38.163247, 110.298111 ] ] } },
{ "type": "Feature", "properties": { "id": 853, "tipo": "led 15va", "Potencia": 120, "Columna": "baja" }, "geometry": { "type": "MultiPoint", "coordinates": [ [ -58.771783, -38.1635, 111.119209 ] ] } },
{ "type": "Feature", "properties": { "id": 854, "tipo": "led 15va", "Potencia": 120, "Columna": "baja" }, "geometry": { "type": "MultiPoint", "coordinates": [ [ -58.771525, -38.163663, 111.996292 ] ] } },
{ "type": "Feature", "properties": { "id": 855, "tipo": "led 15va", "Potencia": 120, "Columna": "baja" }, "geometry": { "type": "MultiPoint", "coordinates": [ [ -58.771334, -38.163836, 111.809677 ] ] } },
{ "type": "Feature", "properties": { "id": 856, "tipo": "led 15va", "Potencia": 120, "Columna": "baja" }, "geometry": { "type": "MultiPoint", "coordinates": [ [ -58.77111, -38.16401, 110.643341 ] ] } },
{ "type": "Feature", "properties": { "id": 857, "tipo": "led 15va", "Potencia": 120, "Columna": "baja" }, "geometry": { "type": "MultiPoint", "coordinates": [ [ -58.770928, -38.164093, 112.985344 ] ] } },
{ "type": "Feature", "properties": { "id": 858, "tipo": "led 15va", "Potencia": 120, "Columna": "baja" }, "geometry": { "type": "MultiPoint", "coordinates": [ [ -58.770741, -38.163943, 111.427124 ] ] } },
{ "type": "Feature", "properties": { "id": 859, "tipo": "led 15va", "Potencia": 120, "Columna": "baja" }, "geometry": { "type": "MultiPoint", "coordinates": [ [ -58.770541, -38.163785, 111.427124 ] ] } },
{ "type": "Feature", "properties": { "id": 860, "tipo": "led 15va", "Potencia": 120, "Columna": "baja" }, "geometry": { "type": "MultiPoint", "coordinates": [ [ -58.770276, -38.16357, 111.427124 ] ] } },
{ "type": "Feature", "properties": { "id": 861, "tipo": "led 15va", "Potencia": 120, "Columna": "baja" }, "geometry": { "type": "MultiPoint", "coordinates": [ [ -58.770283, -38.163786, 111.427124 ] ] } },
{ "type": "Feature", "properties": { "id": 862, "tipo": "led 15va", "Potencia": 120, "Columna": "baja" }, "geometry": { "type": "MultiPoint", "coordinates": [ [ -58.770067, -38.163942, 111.427124 ] ] } },
{ "type": "Feature", "properties": { "id": 863, "tipo": "led 15va", "Potencia": 120, "Columna": "baja" }, "geometry": { "type": "MultiPoint", "coordinates": [ [ -58.769874, -38.164094, 111.427124 ] ] } },
{ "type": "Feature", "properties": { "id": 864, "tipo": "led 15va", "Potencia": 120, "Columna": "baja" }, "geometry": { "type": "MultiPoint", "coordinates": [ [ -58.769623, -38.164279, 111.427124 ] ] } },
{ "type": "Feature", "properties": { "id": 865, "tipo": "led 15va", "Potencia": 120, "Columna": "baja" }, "geometry": { "type": "MultiPoint", "coordinates": [ [ -58.76943, -38.164378, 111.427124 ] ] } },
{ "type": "Feature", "properties": { "id": 866, "tipo": "led 15va", "Potencia": 120, "Columna": "baja" }, "geometry": { "type": "MultiPoint", "coordinates": [ [ -58.769244, -38.164226, 110.87661 ] ] } },
{ "type": "Feature", "properties": { "id": 867, "tipo": "led 15va", "Potencia": 120, "Columna": "baja" }, "geometry": { "type": "MultiPoint", "coordinates": [ [ -58.769067, -38.163981, 109.458344 ] ] } },
{ "type": "Feature", "properties": { "id": 868, "tipo": "led 15va", "Potencia": 120, "Columna": "baja" }, "geometry": { "type": "MultiPoint", "coordinates": [ [ -58.769273, -38.163807, 111.669716 ] ] } },
{ "type": "Feature", "properties": { "id": 869, "tipo": "led 15va", "Potencia": 120, "Columna": "baja" }, "geometry": { "type": "MultiPoint", "coordinates": [ [ -58.769504, -38.163634, 111.24984 ] ] } },
{ "type": "Feature", "properties": { "id": 870, "tipo": "led 15va", "Potencia": 120, "Columna": "baja" }, "geometry": { "type": "MultiPoint", "coordinates": [ [ -58.76975, -38.163439, 111.539093 ] ] } },
{ "type": "Feature", "properties": { "id": 871, "tipo": "led 15va", "Potencia": 120, "Columna": "baja" }, "geometry": { "type": "MultiPoint", "coordinates": [ [ -58.770026, -38.16324, 111.548424 ] ] } },
{ "type": "Feature", "properties": { "id": 872, "tipo": "led 15va", "Potencia": 120, "Columna": "baja" }, "geometry": { "type": "MultiPoint", "coordinates": [ [ -58.770267, -38.163074, 111.837669 ] ] } },
{ "type": "Feature", "properties": { "id": 873, "tipo": "led 15va", "Potencia": 120, "Columna": "baja" }, "geometry": { "type": "MultiPoint", "coordinates": [ [ -58.770492, -38.162916, 111.660385 ] ] } },
{ "type": "Feature", "properties": { "id": 874, "tipo": "led 15va", "Potencia": 120, "Columna": "baja" }, "geometry": { "type": "MultiPoint", "coordinates": [ [ -58.770724, -38.162723, 112.033615 ] ] } },
{ "type": "Feature", "properties": { "id": 875, "tipo": null, "Potencia": null, "Columna": null }, "geometry": { "type": "MultiPoint", "coordinates": [ [ -58.770953, -38.162554, 111.212517 ] ] } },
{ "type": "Feature", "properties": { "id": 876, "tipo": null, "Potencia": null, "Columna": null }, "geometry": { "type": "MultiPoint", "coordinates": [ [ -58.771164, -38.162392, 111.165863 ] ] } },
{ "type": "Feature", "properties": { "id": 877, "tipo": null, "Potencia": null, "Columna": null }, "geometry": { "type": "MultiPoint", "coordinates": [ [ -58.771351, -38.162252, 111.165863 ] ] } },
{ "type": "Feature", "properties": { "id": 878, "tipo": null, "Potencia": null, "Columna": null }, "geometry": { "type": "MultiPoint", "coordinates": [ [ -58.771606, -38.162057, 111.165863 ] ] } },
{ "type": "Feature", "properties": { "id": 879, "tipo": null, "Potencia": null, "Columna": null }, "geometry": { "type": "MultiPoint", "coordinates": [ [ -58.771913, -38.161821, 111.165863 ] ] } },
{ "type": "Feature", "properties": { "id": 880, "tipo": null, "Potencia": null, "Columna": null }, "geometry": { "type": "MultiPoint", "coordinates": [ [ -58.772102, -38.161684, 111.165863 ] ] } },
{ "type": "Feature", "properties": { "id": 881, "tipo": null, "Potencia": null, "Columna": null }, "geometry": { "type": "MultiPoint", "coordinates": [ [ -58.772359, -38.161487, 111.165863 ] ] } },
{ "type": "Feature", "properties": { "id": 882, "tipo": null, "Potencia": null, "Columna": null }, "geometry": { "type": "MultiPoint", "coordinates": [ [ -58.772578, -38.161322, 111.165863 ] ] } },
{ "type": "Feature", "properties": { "id": 883, "tipo": null, "Potencia": null, "Columna": null }, "geometry": { "type": "MultiPoint", "coordinates": [ [ -58.772885, -38.161091, 111.165863 ] ] } },
{ "type": "Feature", "properties": { "id": 884, "tipo": null, "Potencia": null, "Columna": null }, "geometry": { "type": "MultiPoint", "coordinates": [ [ -58.773099, -38.160928, 111.165863 ] ] } },
{ "type": "Feature", "properties": { "id": 885, "tipo": null, "Potencia": null, "Columna": null }, "geometry": { "type": "MultiPoint", "coordinates": [ [ -58.773339, -38.160744, 111.165863 ] ] } },
{ "type": "Feature", "properties": { "id": 886, "tipo": null, "Potencia": null, "Columna": null }, "geometry": { "type": "MultiPoint", "coordinates": [ [ -58.773572, -38.160562, 111.165863 ] ] } },
{ "type": "Feature", "properties": { "id": 887, "tipo": null, "Potencia": null, "Columna": null }, "geometry": { "type": "MultiPoint", "coordinates": [ [ -58.773805, -38.160588, 111.165863 ] ] } },
{ "type": "Feature", "properties": { "id": 888, "tipo": null, "Potencia": null, "Columna": null }, "geometry": { "type": "MultiPoint", "coordinates": [ [ -58.774065, -38.160793, 111.165863 ] ] } },
{ "type": "Feature", "properties": { "id": 889, "tipo": null, "Potencia": null, "Columna": null }, "geometry": { "type": "MultiPoint", "coordinates": [ [ -58.774325, -38.161005, 111.165863 ] ] } },
{ "type": "Feature", "properties": { "id": 890, "tipo": null, "Potencia": null, "Columna": null }, "geometry": { "type": "MultiPoint", "coordinates": [ [ -58.774563, -38.161204, 113.535858 ] ] } },
{ "type": "Feature", "properties": { "id": 891, "tipo": null, "Potencia": null, "Columna": null }, "geometry": { "type": "MultiPoint", "coordinates": [ [ -58.774782, -38.16138, 110.606018 ] ] } },
{ "type": "Feature", "properties": { "id": 892, "tipo": null, "Potencia": null, "Columna": null }, "geometry": { "type": "MultiPoint", "coordinates": [ [ -58.77507, -38.161618, 112.108261 ] ] } },
{ "type": "Feature", "properties": { "id": 893, "tipo": null, "Potencia": null, "Columna": null }, "geometry": { "type": "MultiPoint", "coordinates": [ [ -58.77531, -38.161806, 112.686768 ] ] } },
{ "type": "Feature", "properties": { "id": 894, "tipo": null, "Potencia": null, "Columna": null }, "geometry": { "type": "MultiPoint", "coordinates": [ [ -58.775544, -38.162012, 111.977631 ] ] } },
{ "type": "Feature", "properties": { "id": 895, "tipo": "led 11va", "Potencia": null, "Columna": null }, "geometry": { "type": "MultiPoint", "coordinates": [ [ -58.775873, -38.162282, 113.069321 ] ] } },
{ "type": "Feature", "properties": { "id": 896, "tipo": "led 11va", "Potencia": null, "Columna": null }, "geometry": { "type": "MultiPoint", "coordinates": [ [ -58.776084, -38.162463, 111.996292 ] ] } },
{ "type": "Feature", "properties": { "id": 897, "tipo": "led", "Potencia": null, "Columna": null }, "geometry": { "type": "MultiPoint", "coordinates": [ [ -58.776956, -38.163153, 112.266884 ] ] } },
{ "type": "Feature", "properties": { "id": 898, "tipo": "led", "Potencia": null, "Columna": null }, "geometry": { "type": "MultiPoint", "coordinates": [ [ -58.777511, -38.163607, 110.960587 ] ] } },
{ "type": "Feature", "properties": { "id": 899, "tipo": "led", "Potencia": null, "Columna": null }, "geometry": { "type": "MultiPoint", "coordinates": [ [ -58.777781, -38.163824, 110.960587 ] ] } },
{ "type": "Feature", "properties": { "id": 900, "tipo": "led", "Potencia": null, "Columna": null }, "geometry": { "type": "MultiPoint", "coordinates": [ [ -58.778134, -38.164, 110.960587 ] ] } },
{ "type": "Feature", "properties": { "id": 901, "tipo": "led", "Potencia": null, "Columna": null }, "geometry": { "type": "MultiPoint", "coordinates": [ [ -58.778304, -38.164254, 110.960587 ] ] } },
{ "type": "Feature", "properties": { "id": 902, "tipo": "led", "Potencia": null, "Columna": null }, "geometry": { "type": "MultiPoint", "coordinates": [ [ -58.778651, -38.164443, 110.960587 ] ] } },
{ "type": "Feature", "properties": { "id": 903, "tipo": "led", "Potencia": null, "Columna": null }, "geometry": { "type": "MultiPoint", "coordinates": [ [ -58.778851, -38.164702, 110.960587 ] ] } },
{ "type": "Feature", "properties": { "id": 904, "tipo": "led 11va", "Potencia": null, "Columna": null }, "geometry": { "type": "MultiPoint", "coordinates": [ [ -58.776614, -38.162917, 111.697708 ] ] } },
{ "type": "Feature", "properties": { "id": 905, "tipo": "led 11va", "Potencia": null, "Columna": null }, "geometry": { "type": "MultiPoint", "coordinates": [ [ -58.776325, -38.162661, 112.378853 ] ] } },
{ "type": "Feature", "properties": { "id": 906, "tipo": "led", "Potencia": null, "Columna": null }, "geometry": { "type": "MultiPoint", "coordinates": [ [ -58.779687, -38.165401, 110.960587 ] ] } },
{ "type": "Feature", "properties": { "id": 907, "tipo": "led", "Potencia": null, "Columna": null }, "geometry": { "type": "MultiPoint", "coordinates": [ [ -58.779317, -38.165093, 110.960587 ] ] } },
{ "type": "Feature", "properties": { "id": 908, "tipo": "led", "Potencia": null, "Columna": null }, "geometry": { "type": "MultiPoint", "coordinates": [ [ -58.780012, -38.16552, 110.960587 ] ] } },
{ "type": "Feature", "properties": { "id": 909, "tipo": "led", "Potencia": null, "Columna": null }, "geometry": { "type": "MultiPoint", "coordinates": [ [ -58.779595, -38.165207, 110.960587 ] ] } },
{ "type": "Feature", "properties": { "id": 910, "tipo": "led", "Potencia": null, "Columna": null }, "geometry": { "type": "MultiPoint", "coordinates": [ [ -58.779174, -38.164835, 110.960587 ] ] } },
{ "type": "Feature", "properties": { "id": 911, "tipo": "led", "Potencia": null, "Columna": null }, "geometry": { "type": "MultiPoint", "coordinates": [ [ -58.778896, -38.166224, 82.501976 ] ] } },
{ "type": "Feature", "properties": { "id": 912, "tipo": "led", "Potencia": null, "Columna": null }, "geometry": { "type": "MultiPoint", "coordinates": [ [ -58.778677, -38.166129, 82.501976 ] ] } },
{ "type": "Feature", "properties": { "id": 913, "tipo": "led", "Potencia": null, "Columna": null }, "geometry": { "type": "MultiPoint", "coordinates": [ [ -58.778625, -38.165938, 82.501976 ] ] } },
{ "type": "Feature", "properties": { "id": 914, "tipo": "led", "Potencia": null, "Columna": null }, "geometry": { "type": "MultiPoint", "coordinates": [ [ -58.778347, -38.165828, 82.501976 ] ] } },
{ "type": "Feature", "properties": { "id": 915, "tipo": "led", "Potencia": null, "Columna": null }, "geometry": { "type": "MultiPoint", "coordinates": [ [ -58.778203, -38.165599, 82.501976 ] ] } },
{ "type": "Feature", "properties": { "id": 916, "tipo": "led 11va", "Potencia": null, "Columna": null }, "geometry": { "type": "MultiPoint", "coordinates": [ [ -58.777851, -38.165429, 82.501976 ] ] } },
{ "type": "Feature", "properties": { "id": 917, "tipo": "led 11va", "Potencia": null, "Columna": null }, "geometry": { "type": "MultiPoint", "coordinates": [ [ -58.777661, -38.165171, 82.501976 ] ] } },
{ "type": "Feature", "properties": { "id": 918, "tipo": "led 11va", "Potencia": null, "Columna": null }, "geometry": { "type": "MultiPoint", "coordinates": [ [ -58.777355, -38.165013, 82.501976 ] ] } },
{ "type": "Feature", "properties": { "id": 919, "tipo": "led 11va", "Potencia": null, "Columna": null }, "geometry": { "type": "MultiPoint", "coordinates": [ [ -58.777152, -38.164742, 82.501976 ] ] } },
{ "type": "Feature", "properties": { "id": 920, "tipo": "led 11va", "Potencia": null, "Columna": null }, "geometry": { "type": "MultiPoint", "coordinates": [ [ -58.776882, -38.164516, 82.511307 ] ] } },
{ "type": "Feature", "properties": { "id": 921, "tipo": "led 11va", "Potencia": null, "Columna": null }, "geometry": { "type": "MultiPoint", "coordinates": [ [ -58.776619, -38.164309, 82.511307 ] ] } },
{ "type": "Feature", "properties": { "id": 922, "tipo": "led 11va", "Potencia": null, "Columna": null }, "geometry": { "type": "MultiPoint", "coordinates": [ [ -58.77639, -38.164096, 82.511307 ] ] } },
{ "type": "Feature", "properties": { "id": 923, "tipo": "led 11va", "Potencia": null, "Columna": null }, "geometry": { "type": "MultiPoint", "coordinates": [ [ -58.776118, -38.163888, 82.511307 ] ] } },
{ "type": "Feature", "properties": { "id": 924, "tipo": "led 15va", "Potencia": 120, "Columna": "baja" }, "geometry": { "type": "MultiPoint", "coordinates": [ [ -58.775825, -38.163645, 82.511307 ] ] } },
{ "type": "Feature", "properties": { "id": 925, "tipo": "led 15va", "Potencia": 120, "Columna": "baja" }, "geometry": { "type": "MultiPoint", "coordinates": [ [ -58.775564, -38.16344, 82.511307 ] ] } },
{ "type": "Feature", "properties": { "id": 926, "tipo": "led 15va", "Potencia": 120, "Columna": "baja" }, "geometry": { "type": "MultiPoint", "coordinates": [ [ -58.775319, -38.163228, 82.511307 ] ] } },
{ "type": "Feature", "properties": { "id": 927, "tipo": "led 15va", "Potencia": 120, "Columna": "baja" }, "geometry": { "type": "MultiPoint", "coordinates": [ [ -58.77506, -38.163009, 82.511307 ] ] } },
{ "type": "Feature", "properties": { "id": 928, "tipo": null, "Potencia": null, "Columna": null }, "geometry": { "type": "MultiPoint", "coordinates": [ [ -58.774756, -38.16277, 82.511307 ] ] } },
{ "type": "Feature", "properties": { "id": 929, "tipo": null, "Potencia": null, "Columna": null }, "geometry": { "type": "MultiPoint", "coordinates": [ [ -58.77453, -38.162573, 82.511307 ] ] } },
{ "type": "Feature", "properties": { "id": 930, "tipo": null, "Potencia": null, "Columna": null }, "geometry": { "type": "MultiPoint", "coordinates": [ [ -58.774261, -38.162363, 82.511307 ] ] } },
{ "type": "Feature", "properties": { "id": 931, "tipo": null, "Potencia": null, "Columna": null }, "geometry": { "type": "MultiPoint", "coordinates": [ [ -58.773982, -38.162132, 82.511307 ] ] } },
{ "type": "Feature", "properties": { "id": 932, "tipo": null, "Potencia": null, "Columna": null }, "geometry": { "type": "MultiPoint", "coordinates": [ [ -58.773749, -38.161933, 82.511307 ] ] } },
{ "type": "Feature", "properties": { "id": 933, "tipo": null, "Potencia": null, "Columna": null }, "geometry": { "type": "MultiPoint", "coordinates": [ [ -58.773489, -38.161706, 83.379059 ] ] } },
{ "type": "Feature", "properties": { "id": 934, "tipo": null, "Potencia": null, "Columna": null }, "geometry": { "type": "MultiPoint", "coordinates": [ [ -58.773188, -38.161481, 83.379059 ] ] } },
{ "type": "Feature", "properties": { "id": 935, "tipo": null, "Potencia": null, "Columna": null }, "geometry": { "type": "MultiPoint", "coordinates": [ [ -58.772924, -38.161264, 83.379059 ] ] } },
{ "type": "Feature", "properties": { "id": 936, "tipo": null, "Potencia": null, "Columna": null }, "geometry": { "type": "MultiPoint", "coordinates": [ [ -58.772698, -38.161049, 83.379059 ] ] } },
{ "type": "Feature", "properties": { "id": 937, "tipo": null, "Potencia": null, "Columna": null }, "geometry": { "type": "MultiPoint", "coordinates": [ [ -58.772228, -38.160691, 83.379059 ] ] } },
{ "type": "Feature", "properties": { "id": 938, "tipo": null, "Potencia": null, "Columna": null }, "geometry": { "type": "MultiPoint", "coordinates": [ [ -58.771883, -38.160555, 86.504845 ] ] } },
{ "type": "Feature", "properties": { "id": 939, "tipo": "led 15va", "Potencia": 120, "Columna": "baja" }, "geometry": { "type": "MultiPoint", "coordinates": [ [ -58.770287, -38.160535, 85.646423 ] ] } },
{ "type": "Feature", "properties": { "id": 940, "tipo": "led 15va", "Potencia": 120, "Columna": "baja" }, "geometry": { "type": "MultiPoint", "coordinates": [ [ -58.770802, -38.161139, 86.430199 ] ] } },
{ "type": "Feature", "properties": { "id": 941, "tipo": "led 15va", "Potencia": 120, "Columna": "baja" }, "geometry": { "type": "MultiPoint", "coordinates": [ [ -58.770971, -38.161281, 86.411537 ] ] } },
{ "type": "Feature", "properties": { "id": 942, "tipo": null, "Potencia": null, "Columna": null }, "geometry": { "type": "MultiPoint", "coordinates": [ [ -58.771101, -38.161472, 86.383545 ] ] } },
{ "type": "Feature", "properties": { "id": 943, "tipo": null, "Potencia": null, "Columna": null }, "geometry": { "type": "MultiPoint", "coordinates": [ [ -58.770869, -38.161651, 86.756775 ] ] } },
{ "type": "Feature", "properties": { "id": 944, "tipo": null, "Potencia": null, "Columna": null }, "geometry": { "type": "MultiPoint", "coordinates": [ [ -58.77061, -38.161857, 86.756775 ] ] } },
{ "type": "Feature", "properties": { "id": 945, "tipo": null, "Potencia": null, "Columna": null }, "geometry": { "type": "MultiPoint", "coordinates": [ [ -58.77039, -38.162024, 86.756775 ] ] } },
{ "type": "Feature", "properties": { "id": 946, "tipo": "led 15va", "Potencia": 120, "Columna": "baja" }, "geometry": { "type": "MultiPoint", "coordinates": [ [ -58.771285, -38.161496, 87.195312 ] ] } },
{ "type": "Feature", "properties": { "id": 947, "tipo": "led 15va", "Potencia": 120, "Columna": "baja" }, "geometry": { "type": "MultiPoint", "coordinates": [ [ -58.771591, -38.161759, 83.248428 ] ] } },
{ "type": "Feature", "properties": { "id": 948, "tipo": "led 15va", "Potencia": 120, "Columna": "baja" }, "geometry": { "type": "MultiPoint", "coordinates": [ [ -58.771821, -38.161939, 86.458191 ] ] } },
{ "type": "Feature", "properties": { "id": 949, "tipo": "led 15va", "Potencia": 120, "Columna": "baja" }, "geometry": { "type": "MultiPoint", "coordinates": [ [ -58.772034, -38.162114, 86.374214 ] ] } },
{ "type": "Feature", "properties": { "id": 950, "tipo": "led 15va", "Potencia": 120, "Columna": "baja" }, "geometry": { "type": "MultiPoint", "coordinates": [ [ -58.77228, -38.162318, 86.280907 ] ] } },
{ "type": "Feature", "properties": { "id": 951, "tipo": "led 12va", "Potencia": 120, "Columna": "baja" }, "geometry": { "type": "MultiPoint", "coordinates": [ [ -58.772432, -38.162149, 86.383545 ] ] } },
{ "type": "Feature", "properties": { "id": 952, "tipo": "led 12va", "Potencia": 120, "Columna": "baja" }, "geometry": { "type": "MultiPoint", "coordinates": [ [ -58.772728, -38.162029, 87.428581 ] ] } },
{ "type": "Feature", "properties": { "id": 953, "tipo": "led 12va", "Potencia": 120, "Columna": "baja" }, "geometry": { "type": "MultiPoint", "coordinates": [ [ -58.772857, -38.161819, 87.111336 ] ] } },
{ "type": "Feature", "properties": { "id": 954, "tipo": "led 12va", "Potencia": 120, "Columna": "baja" }, "geometry": { "type": "MultiPoint", "coordinates": [ [ -58.773139, -38.161715, 87.111336 ] ] } },
{ "type": "Feature", "properties": { "id": 955, "tipo": "led 15va", "Potencia": 120, "Columna": "baja" }, "geometry": { "type": "MultiPoint", "coordinates": [ [ -58.772486, -38.162495, 87.111336 ] ] } },
{ "type": "Feature", "properties": { "id": 956, "tipo": "led 15va", "Potencia": 120, "Columna": "baja" }, "geometry": { "type": "MultiPoint", "coordinates": [ [ -58.772733, -38.162683, 85.142563 ] ] } },
{ "type": "Feature", "properties": { "id": 957, "tipo": "led 15va", "Potencia": 120, "Columna": "baja" }, "geometry": { "type": "MultiPoint", "coordinates": [ [ -58.772969, -38.162873, 87.381927 ] ] } },
{ "type": "Feature", "properties": { "id": 958, "tipo": "led 15va", "Potencia": 120, "Columna": "baja" }, "geometry": { "type": "MultiPoint", "coordinates": [ [ -58.773174, -38.163069, 86.850082 ] ] } },
{ "type": "Feature", "properties": { "id": 959, "tipo": "led 15va", "Potencia": 120, "Columna": "baja" }, "geometry": { "type": "MultiPoint", "coordinates": [ [ -58.773262, -38.163332, 86.850082 ] ] } },
{ "type": "Feature", "properties": { "id": 960, "tipo": "led 15va", "Potencia": 120, "Columna": "baja" }, "geometry": { "type": "MultiPoint", "coordinates": [ [ -58.773063, -38.163575, 86.850082 ] ] } },
{ "type": "Feature", "properties": { "id": 961, "tipo": "led 15va", "Potencia": 120, "Columna": "baja" }, "geometry": { "type": "MultiPoint", "coordinates": [ [ -58.77288, -38.16372, 86.850082 ] ] } },
{ "type": "Feature", "properties": { "id": 962, "tipo": "led 15va", "Potencia": 120, "Columna": "baja" }, "geometry": { "type": "MultiPoint", "coordinates": [ [ -58.772641, -38.163815, 86.850082 ] ] } },
{ "type": "Feature", "properties": { "id": 963, "tipo": null, "Potencia": null, "Columna": null }, "geometry": { "type": "MultiPoint", "coordinates": [ [ -58.77271, -38.163527, 86.850082 ] ] } },
{ "type": "Feature", "properties": { "id": 964, "tipo": null, "Potencia": null, "Columna": null }, "geometry": { "type": "MultiPoint", "coordinates": [ [ -58.772908, -38.163371, 86.850082 ] ] } },
{ "type": "Feature", "properties": { "id": 965, "tipo": "led 15va", "Potencia": 120, "Columna": "baja" }, "geometry": { "type": "MultiPoint", "coordinates": [ [ -58.773476, -38.163303, 86.850082 ] ] } },
{ "type": "Feature", "properties": { "id": 966, "tipo": "led 15va", "Potencia": 120, "Columna": "baja" }, "geometry": { "type": "MultiPoint", "coordinates": [ [ -58.773715, -38.163488, 86.850082 ] ] } },
{ "type": "Feature", "properties": { "id": 967, "tipo": "led 15va", "Potencia": 120, "Columna": "baja" }, "geometry": { "type": "MultiPoint", "coordinates": [ [ -58.774007, -38.163479, 86.850082 ] ] } },
{ "type": "Feature", "properties": { "id": 968, "tipo": "led 15va", "Potencia": 120, "Columna": "baja" }, "geometry": { "type": "MultiPoint", "coordinates": [ [ -58.774265, -38.163286, 86.850082 ] ] } },
{ "type": "Feature", "properties": { "id": 969, "tipo": "led 15va", "Potencia": 120, "Columna": "baja" }, "geometry": { "type": "MultiPoint", "coordinates": [ [ -58.774491, -38.163112, 86.850082 ] ] } },
{ "type": "Feature", "properties": { "id": 970, "tipo": "led 15va", "Potencia": 120, "Columna": "baja" }, "geometry": { "type": "MultiPoint", "coordinates": [ [ -58.774701, -38.162941, 86.850082 ] ] } },
{ "type": "Feature", "properties": { "id": 971, "tipo": "led 15va", "Potencia": 120, "Columna": "baja" }, "geometry": { "type": "MultiPoint", "coordinates": [ [ -58.774935, -38.162765, 86.850082 ] ] } },
{ "type": "Feature", "properties": { "id": 972, "tipo": "led 15va", "Potencia": 120, "Columna": "baja" }, "geometry": { "type": "MultiPoint", "coordinates": [ [ -58.775121, -38.162613, 86.850082 ] ] } },
{ "type": "Feature", "properties": { "id": 973, "tipo": "led 15va", "Potencia": 120, "Columna": "baja" }, "geometry": { "type": "MultiPoint", "coordinates": [ [ -58.77538, -38.162409, 86.850082 ] ] } },
{ "type": "Feature", "properties": { "id": 974, "tipo": "led 15va", "Potencia": 120, "Columna": "baja" }, "geometry": { "type": "MultiPoint", "coordinates": [ [ -58.775617, -38.162241, 86.850082 ] ] } },
{ "type": "Feature", "properties": { "id": 975, "tipo": "led 15va", "Potencia": 150, "Columna": "alta" }, "geometry": { "type": "MultiPoint", "coordinates": [ [ -58.775893, -38.162028, 86.840752 ] ] } },
{ "type": "Feature", "properties": { "id": 976, "tipo": "led 15va", "Potencia": 150, "Columna": "alta" }, "geometry": { "type": "MultiPoint", "coordinates": [ [ -58.7761, -38.161865, 86.840752 ] ] } },
{ "type": "Feature", "properties": { "id": 977, "tipo": "led 15va", "Potencia": 150, "Columna": "alta" }, "geometry": { "type": "MultiPoint", "coordinates": [ [ -58.776349, -38.161674, 86.840752 ] ] } },
{ "type": "Feature", "properties": { "id": 978, "tipo": "led 15va", "Potencia": 150, "Columna": "alta" }, "geometry": { "type": "MultiPoint", "coordinates": [ [ -58.776552, -38.161512, 86.840752 ] ] } },
{ "type": "Feature", "properties": { "id": 979, "tipo": "led 15va", "Potencia": 150, "Columna": "alta" }, "geometry": { "type": "MultiPoint", "coordinates": [ [ -58.776914, -38.161373, 86.840752 ] ] } },
{ "type": "Feature", "properties": { "id": 980, "tipo": "led 15va", "Potencia": 150, "Columna": "alta" }, "geometry": { "type": "MultiPoint", "coordinates": [ [ -58.777142, -38.161204, 86.840752 ] ] } },
{ "type": "Feature", "properties": { "id": 981, "tipo": "led 15va", "Potencia": 150, "Columna": "alta" }, "geometry": { "type": "MultiPoint", "coordinates": [ [ -58.77736, -38.161031, 86.840752 ] ] } },
{ "type": "Feature", "properties": { "id": 982, "tipo": "led 15va", "Potencia": 150, "Columna": "alta" }, "geometry": { "type": "MultiPoint", "coordinates": [ [ -58.77761, -38.160849, 86.840752 ] ] } },
{ "type": "Feature", "properties": { "id": 983, "tipo": "led", "Potencia": null, "Columna": null }, "geometry": { "type": "MultiPoint", "coordinates": [ [ -58.777846, -38.160658, 86.840752 ] ] } },
{ "type": "Feature", "properties": { "id": 984, "tipo": "led", "Potencia": null, "Columna": null }, "geometry": { "type": "MultiPoint", "coordinates": [ [ -58.778072, -38.160478, 86.840752 ] ] } },
{ "type": "Feature", "properties": { "id": 985, "tipo": "led", "Potencia": null, "Columna": null }, "geometry": { "type": "MultiPoint", "coordinates": [ [ -58.778308, -38.160311, 86.840752 ] ] } },
{ "type": "Feature", "properties": { "id": 986, "tipo": "led", "Potencia": null, "Columna": null }, "geometry": { "type": "MultiPoint", "coordinates": [ [ -58.778537, -38.160126, 86.131615 ] ] } },
{ "type": "Feature", "properties": { "id": 987, "tipo": "led", "Potencia": null, "Columna": null }, "geometry": { "type": "MultiPoint", "coordinates": [ [ -58.779516, -38.160873, 86.588821 ] ] } },
{ "type": "Feature", "properties": { "id": 988, "tipo": "led", "Potencia": null, "Columna": null }, "geometry": { "type": "MultiPoint", "coordinates": [ [ -58.779365, -38.161155, 85.935669 ] ] } },
{ "type": "Feature", "properties": { "id": 989, "tipo": "led", "Potencia": null, "Columna": null }, "geometry": { "type": "MultiPoint", "coordinates": [ [ -58.779046, -38.161311, 85.879684 ] ] } },
{ "type": "Feature", "properties": { "id": 990, "tipo": "led", "Potencia": null, "Columna": null }, "geometry": { "type": "MultiPoint", "coordinates": [ [ -58.778918, -38.161519, 86.131615 ] ] } },
{ "type": "Feature", "properties": { "id": 991, "tipo": "led", "Potencia": null, "Columna": null }, "geometry": { "type": "MultiPoint", "coordinates": [ [ -58.778634, -38.161656, 86.084961 ] ] } },
{ "type": "Feature", "properties": { "id": 992, "tipo": "led", "Potencia": null, "Columna": null }, "geometry": { "type": "MultiPoint", "coordinates": [ [ -58.778472, -38.161851, 86.084961 ] ] } },
{ "type": "Feature", "properties": { "id": 993, "tipo": "led", "Potencia": null, "Columna": null }, "geometry": { "type": "MultiPoint", "coordinates": [ [ -58.778144, -38.162009, 86.084961 ] ] } },
{ "type": "Feature", "properties": { "id": 994, "tipo": "led", "Potencia": null, "Columna": null }, "geometry": { "type": "MultiPoint", "coordinates": [ [ -58.777957, -38.162234, 86.084961 ] ] } },
{ "type": "Feature", "properties": { "id": 995, "tipo": "led 13va", "Potencia": 120, "Columna": "baja" }, "geometry": { "type": "MultiPoint", "coordinates": [ [ -58.777639, -38.162393, 86.084961 ] ] } },
{ "type": "Feature", "properties": { "id": 996, "tipo": "led 13va", "Potencia": 120, "Columna": "baja" }, "geometry": { "type": "MultiPoint", "coordinates": [ [ -58.777458, -38.162629, 86.084961 ] ] } },
{ "type": "Feature", "properties": { "id": 997, "tipo": "led 13va", "Potencia": 120, "Columna": "baja" }, "geometry": { "type": "MultiPoint", "coordinates": [ [ -58.777171, -38.162736, 84.508072 ] ] } },
{ "type": "Feature", "properties": { "id": 998, "tipo": "led 13va", "Potencia": 120, "Columna": "baja" }, "geometry": { "type": "MultiPoint", "coordinates": [ [ -58.777002, -38.162964, 84.405441 ] ] } },
{ "type": "Feature", "properties": { "id": 999, "tipo": "led 14va", "Potencia": 120, "Columna": "baja" }, "geometry": { "type": "MultiPoint", "coordinates": [ [ -58.77671, -38.163104, 84.088196 ] ] } },
{ "type": "Feature", "properties": { "id": 1000, "tipo": "led 14va", "Potencia": 120, "Columna": "baja" }, "geometry": { "type": "MultiPoint", "coordinates": [ [ -58.776539, -38.163321, 84.648033 ] ] } },
{ "type": "Feature", "properties": { "id": 1001, "tipo": "led 14va", "Potencia": 120, "Columna": "baja" }, "geometry": { "type": "MultiPoint", "coordinates": [ [ -58.776256, -38.163466, 84.125519 ] ] } },
{ "type": "Feature", "properties": { "id": 1002, "tipo": "led 14va", "Potencia": 120, "Columna": "baja" }, "geometry": { "type": "MultiPoint", "coordinates": [ [ -58.776114, -38.163701, 85.095909 ] ] } },
{ "type": "Feature", "properties": { "id": 1003, "tipo": "led 14va", "Potencia": 120, "Columna": "baja" }, "geometry": { "type": "MultiPoint", "coordinates": [ [ -58.775779, -38.163859, 84.125519 ] ] } },
{ "type": "Feature", "properties": { "id": 1004, "tipo": "led 14va", "Potencia": 120, "Columna": "baja" }, "geometry": { "type": "MultiPoint", "coordinates": [ [ -58.775557, -38.164024, 84.125519 ] ] } },
{ "type": "Feature", "properties": { "id": 1005, "tipo": "led 14va", "Potencia": 120, "Columna": "baja" }, "geometry": { "type": "MultiPoint", "coordinates": [ [ -58.77531, -38.1642, 84.246819 ] ] } },
{ "type": "Feature", "properties": { "id": 1006, "tipo": "led 14va", "Potencia": 120, "Columna": "baja" }, "geometry": { "type": "MultiPoint", "coordinates": [ [ -58.775071, -38.164382, 83.798943 ] ] } },
{ "type": "Feature", "properties": { "id": 1007, "tipo": "led 14va", "Potencia": 120, "Columna": "baja" }, "geometry": { "type": "MultiPoint", "coordinates": [ [ -58.774813, -38.164577, 84.004219 ] ] } },
{ "type": "Feature", "properties": { "id": 1008, "tipo": "led 14va", "Potencia": 120, "Columna": "baja" }, "geometry": { "type": "MultiPoint", "coordinates": [ [ -58.774592, -38.164753, 83.677643 ] ] } },
{ "type": "Feature", "properties": { "id": 1009, "tipo": "led 14va", "Potencia": 120, "Columna": "baja" }, "geometry": { "type": "MultiPoint", "coordinates": [ [ -58.774383, -38.164893, 84.760002 ] ] } },
{ "type": "Feature", "properties": { "id": 1010, "tipo": "led 14va", "Potencia": 120, "Columna": "baja" }, "geometry": { "type": "MultiPoint", "coordinates": [ [ -58.77414, -38.165085, 85.282524 ] ] } },
{ "type": "Feature", "properties": { "id": 1011, "tipo": null, "Potencia": null, "Columna": null }, "geometry": { "type": "MultiPoint", "coordinates": [ [ -58.773618, -38.165618, 85.273193 ] ] } },
{ "type": "Feature", "properties": { "id": 1012, "tipo": null, "Potencia": null, "Columna": null }, "geometry": { "type": "MultiPoint", "coordinates": [ [ -58.773417, -38.165774, 85.273193 ] ] } },
{ "type": "Feature", "properties": { "id": 1013, "tipo": null, "Potencia": null, "Columna": null }, "geometry": { "type": "MultiPoint", "coordinates": [ [ -58.772772, -38.16626, 84.452087 ] ] } },
{ "type": "Feature", "properties": { "id": 1014, "tipo": null, "Potencia": null, "Columna": null }, "geometry": { "type": "MultiPoint", "coordinates": [ [ -58.77246, -38.166496, 84.554726 ] ] } },
{ "type": "Feature", "properties": { "id": 1015, "tipo": "led 15va", "Potencia": 120, "Columna": "baja" }, "geometry": { "type": "MultiPoint", "coordinates": [ [ -58.771022, -38.165679, 85.6091 ] ] } },
{ "type": "Feature", "properties": { "id": 1016, "tipo": "led 15va", "Potencia": 120, "Columna": "baja" }, "geometry": { "type": "MultiPoint", "coordinates": [ [ -58.770845, -38.165534, 85.972992 ] ] } },
{ "type": "Feature", "properties": { "id": 1017, "tipo": "led 15va", "Potencia": 120, "Columna": "baja" }, "geometry": { "type": "MultiPoint", "coordinates": [ [ -58.770652, -38.165375, 85.972992 ] ] } },
{ "type": "Feature", "properties": { "id": 1018, "tipo": "led 15va", "Potencia": 120, "Columna": "baja" }, "geometry": { "type": "MultiPoint", "coordinates": [ [ -58.77069, -38.165278, 85.972992 ] ] } },
{ "type": "Feature", "properties": { "id": 1019, "tipo": "led 15va", "Potencia": 120, "Columna": "baja" }, "geometry": { "type": "MultiPoint", "coordinates": [ [ -58.770908, -38.165118, 85.972992 ] ] } },
{ "type": "Feature", "properties": { "id": 1020, "tipo": "led 15va", "Potencia": 120, "Columna": "baja" }, "geometry": { "type": "MultiPoint", "coordinates": [ [ -58.77111, -38.164966, 85.972992 ] ] } },
{ "type": "Feature", "properties": { "id": 1021, "tipo": "led 15va", "Potencia": 120, "Columna": "baja" }, "geometry": { "type": "MultiPoint", "coordinates": [ [ -58.771347, -38.164786, 85.972992 ] ] } },
{ "type": "Feature", "properties": { "id": 1022, "tipo": "led 15va", "Potencia": 120, "Columna": "baja" }, "geometry": { "type": "MultiPoint", "coordinates": [ [ -58.771653, -38.164444, 85.963661 ] ] } },
{ "type": "Feature", "properties": { "id": 1023, "tipo": "led 15va", "Potencia": 120, "Columna": "baja" }, "geometry": { "type": "MultiPoint", "coordinates": [ [ -58.771852, -38.164295, 85.963661 ] ] } },
{ "type": "Feature", "properties": { "id": 1024, "tipo": "led 15va", "Potencia": 120, "Columna": "baja" }, "geometry": { "type": "MultiPoint", "coordinates": [ [ -58.77208, -38.164115, 85.963661 ] ] } },
{ "type": "Feature", "properties": { "id": 1025, "tipo": "led 15va", "Potencia": 120, "Columna": "baja" }, "geometry": { "type": "MultiPoint", "coordinates": [ [ -58.77228, -38.163973, 85.366501 ] ] } },
{ "type": "Feature", "properties": { "id": 1026, "tipo": "led 15va", "Potencia": 120, "Columna": "baja" }, "geometry": { "type": "MultiPoint", "coordinates": [ [ -58.771212, -38.165528, 86.532837 ] ] } },
{ "type": "Feature", "properties": { "id": 1027, "tipo": "led 15va", "Potencia": 120, "Columna": "baja" }, "geometry": { "type": "MultiPoint", "coordinates": [ [ -58.771437, -38.165436, 85.534454 ] ] } },
{ "type": "Feature", "properties": { "id": 1028, "tipo": "led 15va", "Potencia": 120, "Columna": "baja" }, "geometry": { "type": "MultiPoint", "coordinates": [ [ -58.771637, -38.165282, 85.506462 ] ] } },
{ "type": "Feature", "properties": { "id": 1029, "tipo": "led 15va", "Potencia": 120, "Columna": "baja" }, "geometry": { "type": "MultiPoint", "coordinates": [ [ -58.77186, -38.165118, 86.794098 ] ] } },
{ "type": "Feature", "properties": { "id": 1030, "tipo": "led 15va", "Potencia": 120, "Columna": "baja" }, "geometry": { "type": "MultiPoint", "coordinates": [ [ -58.772124, -38.16492, 86.738113 ] ] } },
{ "type": "Feature", "properties": { "id": 1031, "tipo": "led 15va", "Potencia": 120, "Columna": "baja" }, "geometry": { "type": "MultiPoint", "coordinates": [ [ -58.77236, -38.164738, 86.168938 ] ] } },
{ "type": "Feature", "properties": { "id": 1032, "tipo": "led 15va", "Potencia": 120, "Columna": "baja" }, "geometry": { "type": "MultiPoint", "coordinates": [ [ -58.772527, -38.164617, 85.767715 ] ] } },
{ "type": "Feature", "properties": { "id": 1033, "tipo": "led 15va", "Potencia": 120, "Columna": "baja" }, "geometry": { "type": "MultiPoint", "coordinates": [ [ -58.772771, -38.164441, 87.28862 ] ] } },
{ "type": "Feature", "properties": { "id": 1034, "tipo": null, "Potencia": null, "Columna": null }, "geometry": { "type": "MultiPoint", "coordinates": [ [ -58.773052, -38.164233, 85.347839 ] ] } },
{ "type": "Feature", "properties": { "id": 1035, "tipo": null, "Potencia": null, "Columna": null }, "geometry": { "type": "MultiPoint", "coordinates": [ [ -58.773265, -38.16407, 86.458191 ] ] } },
{ "type": "Feature", "properties": { "id": 1036, "tipo": null, "Potencia": null, "Columna": null }, "geometry": { "type": "MultiPoint", "coordinates": [ [ -58.773436, -38.163934, 86.635475 ] ] } },
{ "type": "Feature", "properties": { "id": 1037, "tipo": null, "Potencia": null, "Columna": null }, "geometry": { "type": "MultiPoint", "coordinates": [ [ -58.773618, -38.163801, 86.19693 ] ] } },
{ "type": "Feature", "properties": { "id": 1038, "tipo": null, "Potencia": null, "Columna": null }, "geometry": { "type": "MultiPoint", "coordinates": [ [ -58.77381, -38.16365, 86.122284 ] ] } },
{ "type": "Feature", "properties": { "id": 1039, "tipo": "led 15va", "Potencia": 120, "Columna": "baja" }, "geometry": { "type": "MultiPoint", "coordinates": [ [ -58.774029, -38.163749, 87.15799 ] ] } },
{ "type": "Feature", "properties": { "id": 1040, "tipo": "led 15va", "Potencia": 120, "Columna": "baja" }, "geometry": { "type": "MultiPoint", "coordinates": [ [ -58.774258, -38.163946, 87.857796 ] ] } },
{ "type": "Feature", "properties": { "id": 1041, "tipo": "led 15va", "Potencia": 120, "Columna": "baja" }, "geometry": { "type": "MultiPoint", "coordinates": [ [ -58.774251, -38.164125, 87.195312 ] ] } },
{ "type": "Feature", "properties": { "id": 1042, "tipo": "led 15va", "Potencia": 120, "Columna": "baja" }, "geometry": { "type": "MultiPoint", "coordinates": [ [ -58.774058, -38.164298, 87.279289 ] ] } },
{ "type": "Feature", "properties": { "id": 1043, "tipo": "led 15va", "Potencia": 120, "Columna": "baja" }, "geometry": { "type": "MultiPoint", "coordinates": [ [ -58.773838, -38.164453, 86.243584 ] ] } },
{ "type": "Feature", "properties": { "id": 1044, "tipo": "led 15va", "Potencia": 120, "Columna": "baja" }, "geometry": { "type": "MultiPoint", "coordinates": [ [ -58.773574, -38.164632, 87.736496 ] ] } },
{ "type": "Feature", "properties": { "id": 1045, "tipo": "led 15va", "Potencia": 120, "Columna": "baja" }, "geometry": { "type": "MultiPoint", "coordinates": [ [ -58.774528, -38.164207, 87.736496 ] ] } },
{ "type": "Feature", "properties": { "id": 1046, "tipo": "led 15va", "Potencia": 120, "Columna": "baja" }, "geometry": { "type": "MultiPoint", "coordinates": [ [ -58.774774, -38.16437, 87.736496 ] ] } },
{ "type": "Feature", "properties": { "id": 1047, "tipo": "led 15va", "Potencia": 120, "Columna": "baja" }, "geometry": { "type": "MultiPoint", "coordinates": [ [ -58.775069, -38.164597, 87.736496 ] ] } },
{ "type": "Feature", "properties": { "id": 1048, "tipo": "led 15va", "Potencia": 120, "Columna": "baja" }, "geometry": { "type": "MultiPoint", "coordinates": [ [ -58.775319, -38.164808, 87.736496 ] ] } },
{ "type": "Feature", "properties": { "id": 1049, "tipo": "led 15va", "Potencia": 120, "Columna": "baja" }, "geometry": { "type": "MultiPoint", "coordinates": [ [ -58.775573, -38.165005, 87.736496 ] ] } },
{ "type": "Feature", "properties": { "id": 1050, "tipo": "led 15va", "Potencia": 120, "Columna": "baja" }, "geometry": { "type": "MultiPoint", "coordinates": [ [ -58.775789, -38.165191, 87.736496 ] ] } },
{ "type": "Feature", "properties": { "id": 1051, "tipo": "led 14va", "Potencia": 150, "Columna": "alta" }, "geometry": { "type": "MultiPoint", "coordinates": [ [ -58.776242, -38.165438, 87.736496 ] ] } },
{ "type": "Feature", "properties": { "id": 1052, "tipo": "led 14va", "Potencia": 150, "Columna": "alta" }, "geometry": { "type": "MultiPoint", "coordinates": [ [ -58.776504, -38.165623, 87.736496 ] ] } },
{ "type": "Feature", "properties": { "id": 1053, "tipo": "led 14va", "Potencia": 150, "Columna": "alta" }, "geometry": { "type": "MultiPoint", "coordinates": [ [ -58.776779, -38.165854, 87.736496 ] ] } },
{ "type": "Feature", "properties": { "id": 1054, "tipo": "led 14va", "Potencia": 150, "Columna": "alta" }, "geometry": { "type": "MultiPoint", "coordinates": [ [ -58.777029, -38.166065, 87.736496 ] ] } },
{ "type": "Feature", "properties": { "id": 1055, "tipo": "led", "Potencia": null, "Columna": null }, "geometry": { "type": "MultiPoint", "coordinates": [ [ -58.77727, -38.16627, 87.736496 ] ] } },
{ "type": "Feature", "properties": { "id": 1056, "tipo": "led", "Potencia": null, "Columna": null }, "geometry": { "type": "MultiPoint", "coordinates": [ [ -58.777499, -38.16646, 87.736496 ] ] } },
{ "type": "Feature", "properties": { "id": 1057, "tipo": "led", "Potencia": null, "Columna": null }, "geometry": { "type": "MultiPoint", "coordinates": [ [ -58.7777, -38.166624, 87.736496 ] ] } },
{ "type": "Feature", "properties": { "id": 1058, "tipo": "led", "Potencia": null, "Columna": null }, "geometry": { "type": "MultiPoint", "coordinates": [ [ -58.777928, -38.166807, 87.736496 ] ] } },
{ "type": "Feature", "properties": { "id": 1059, "tipo": "led", "Potencia": null, "Columna": null }, "geometry": { "type": "MultiPoint", "coordinates": [ [ -58.778134, -38.166984, 87.736496 ] ] } },
{ "type": "Feature", "properties": { "id": 1060, "tipo": "led", "Potencia": null, "Columna": null }, "geometry": { "type": "MultiPoint", "coordinates": [ [ -58.777268, -38.1634, 111.109879 ] ] } },
{ "type": "Feature", "properties": { "id": 1061, "tipo": "led", "Potencia": null, "Columna": null }, "geometry": { "type": "MultiPoint", "coordinates": [ [ -58.776959, -38.167558, 100.575523 ] ] } },
{ "type": "Feature", "properties": { "id": 1062, "tipo": "led", "Potencia": null, "Columna": null }, "geometry": { "type": "MultiPoint", "coordinates": [ [ -58.77676, -38.167501, 100.575523 ] ] } },
{ "type": "Feature", "properties": { "id": 1063, "tipo": "led", "Potencia": null, "Columna": null }, "geometry": { "type": "MultiPoint", "coordinates": [ [ -58.776659, -38.167285, 100.575523 ] ] } },
{ "type": "Feature", "properties": { "id": 1064, "tipo": "led", "Potencia": null, "Columna": null }, "geometry": { "type": "MultiPoint", "coordinates": [ [ -58.776468, -38.167203, 100.575523 ] ] } },
{ "type": "Feature", "properties": { "id": 1065, "tipo": "led", "Potencia": null, "Columna": null }, "geometry": { "type": "MultiPoint", "coordinates": [ [ -58.776316, -38.167008, 100.575523 ] ] } },
{ "type": "Feature", "properties": { "id": 1066, "tipo": "led 15va", "Potencia": 150, "Columna": "alta" }, "geometry": { "type": "MultiPoint", "coordinates": [ [ -58.77598, -38.166857, 100.575523 ] ] } },
{ "type": "Feature", "properties": { "id": 1067, "tipo": "led 15va", "Potencia": 150, "Columna": "alta" }, "geometry": { "type": "MultiPoint", "coordinates": [ [ -58.775866, -38.166616, 100.575523 ] ] } },
{ "type": "Feature", "properties": { "id": 1068, "tipo": "led 15va", "Potencia": 150, "Columna": "alta" }, "geometry": { "type": "MultiPoint", "coordinates": [ [ -58.775528, -38.166467, 100.575523 ] ] } },
{ "type": "Feature", "properties": { "id": 1069, "tipo": "led 15va", "Potencia": 150, "Columna": "alta" }, "geometry": { "type": "MultiPoint", "coordinates": [ [ -58.775281, -38.16617, 100.575523 ] ] } },
{ "type": "Feature", "properties": { "id": 1070, "tipo": "led 15va", "Potencia": 120, "Columna": "baja" }, "geometry": { "type": "MultiPoint", "coordinates": [ [ -58.774891, -38.165998, 100.575523 ] ] } },
{ "type": "Feature", "properties": { "id": 1071, "tipo": "led 15va", "Potencia": 120, "Columna": "baja" }, "geometry": { "type": "MultiPoint", "coordinates": [ [ -58.774688, -38.165815, 100.575523 ] ] } },
{ "type": "Feature", "properties": { "id": 1072, "tipo": "led 15va", "Potencia": 120, "Columna": "baja" }, "geometry": { "type": "MultiPoint", "coordinates": [ [ -58.774352, -38.165547, 99.054626 ] ] } },
{ "type": "Feature", "properties": { "id": 1073, "tipo": "led 15va", "Potencia": 120, "Columna": "baja" }, "geometry": { "type": "MultiPoint", "coordinates": [ [ -58.77415, -38.16538, 98.532104 ] ] } },
{ "type": "Feature", "properties": { "id": 1074, "tipo": "led 15va", "Potencia": 120, "Columna": "baja" }, "geometry": { "type": "MultiPoint", "coordinates": [ [ -58.773905, -38.165037, 98.420135 ] ] } },
{ "type": "Feature", "properties": { "id": 1075, "tipo": "led 15va", "Potencia": 120, "Columna": "baja" }, "geometry": { "type": "MultiPoint", "coordinates": [ [ -58.773689, -38.164863, 98.420135 ] ] } },
{ "type": "Feature", "properties": { "id": 1076, "tipo": "led 15va", "Potencia": 120, "Columna": "baja" }, "geometry": { "type": "MultiPoint", "coordinates": [ [ -58.77343, -38.164648, 98.420135 ] ] } },
{ "type": "Feature", "properties": { "id": 1077, "tipo": "led 15va", "Potencia": 120, "Columna": "baja" }, "geometry": { "type": "MultiPoint", "coordinates": [ [ -58.773212, -38.164477, 98.420135 ] ] } },
{ "type": "Feature", "properties": { "id": 1078, "tipo": "led 15va", "Potencia": 120, "Columna": "baja" }, "geometry": { "type": "MultiPoint", "coordinates": [ [ -58.772818, -38.164268, 98.420135 ] ] } },
{ "type": "Feature", "properties": { "id": 1079, "tipo": "led 15va", "Potencia": 120, "Columna": "baja" }, "geometry": { "type": "MultiPoint", "coordinates": [ [ -58.772579, -38.16408, 98.420135 ] ] } },
{ "type": "Feature", "properties": { "id": 1080, "tipo": "led 15va", "Potencia": 120, "Columna": "baja" }, "geometry": { "type": "MultiPoint", "coordinates": [ [ -58.772337, -38.163874, 98.420135 ] ] } },
{ "type": "Feature", "properties": { "id": 1081, "tipo": "led 15va", "Potencia": 120, "Columna": "baja" }, "geometry": { "type": "MultiPoint", "coordinates": [ [ -58.772096, -38.163671, 98.420135 ] ] } },
{ "type": "Feature", "properties": { "id": 1082, "tipo": "led 15va", "Potencia": 120, "Columna": "baja" }, "geometry": { "type": "MultiPoint", "coordinates": [ [ -58.771758, -38.163399, 98.420135 ] ] } },
{ "type": "Feature", "properties": { "id": 1083, "tipo": "led 15va", "Potencia": 120, "Columna": "baja" }, "geometry": { "type": "MultiPoint", "coordinates": [ [ -58.771487, -38.163176, 98.420135 ] ] } },
{ "type": "Feature", "properties": { "id": 1084, "tipo": "led 15va", "Potencia": 120, "Columna": "baja" }, "geometry": { "type": "MultiPoint", "coordinates": [ [ -58.771224, -38.162963, 98.420135 ] ] } },
{ "type": "Feature", "properties": { "id": 1085, "tipo": "led 15va", "Potencia": 120, "Columna": "baja" }, "geometry": { "type": "MultiPoint", "coordinates": [ [ -58.771001, -38.162786, 98.420135 ] ] } },
{ "type": "Feature", "properties": { "id": 1086, "tipo": "led 15va", "Potencia": 120, "Columna": "baja" }, "geometry": { "type": "MultiPoint", "coordinates": [ [ -58.77078, -38.162479, 98.420135 ] ] } },
{ "type": "Feature", "properties": { "id": 1087, "tipo": "led 15va", "Potencia": 120, "Columna": "baja" }, "geometry": { "type": "MultiPoint", "coordinates": [ [ -58.770475, -38.162248, 98.420135 ] ] } },
{ "type": "Feature", "properties": { "id": 1088, "tipo": "led 15va", "Potencia": 120, "Columna": "baja" }, "geometry": { "type": "MultiPoint", "coordinates": [ [ -58.770237, -38.162041, 98.420135 ] ] } },
{ "type": "Feature", "properties": { "id": 1089, "tipo": "led 15va", "Potencia": 120, "Columna": "baja" }, "geometry": { "type": "MultiPoint", "coordinates": [ [ -58.769964, -38.161818, 98.420135 ] ] } },
{ "type": "Feature", "properties": { "id": 1090, "tipo": "led 15va", "Potencia": 120, "Columna": "baja" }, "geometry": { "type": "MultiPoint", "coordinates": [ [ -58.77128, -38.163087, 98.420135 ] ] } },
{ "type": "Feature", "properties": { "id": 1091, "tipo": "led 15va", "Potencia": 120, "Columna": "baja" }, "geometry": { "type": "MultiPoint", "coordinates": [ [ -58.771056, -38.163269, 98.420135 ] ] } },
{ "type": "Feature", "properties": { "id": 1092, "tipo": "led 15va", "Potencia": 120, "Columna": "baja" }, "geometry": { "type": "MultiPoint", "coordinates": [ [ -58.770848, -38.163443, 98.420135 ] ] } },
{ "type": "Feature", "properties": { "id": 1093, "tipo": "led 15va", "Potencia": 120, "Columna": "baja" }, "geometry": { "type": "MultiPoint", "coordinates": [ [ -58.770642, -38.163618, 98.429466 ] ] } },
{ "type": "Feature", "properties": { "id": 1094, "tipo": "led 15va", "Potencia": 120, "Columna": "baja" }, "geometry": { "type": "MultiPoint", "coordinates": [ [ -58.771112, -38.164239, 98.420135 ] ] } },
{ "type": "Feature", "properties": { "id": 1095, "tipo": "led 15va", "Potencia": 120, "Columna": "baja" }, "geometry": { "type": "MultiPoint", "coordinates": [ [ -58.77132, -38.164413, 98.420135 ] ] } },
{ "type": "Feature", "properties": { "id": 1096, "tipo": "led 15va", "Potencia": 120, "Columna": "baja" }, "geometry": { "type": "MultiPoint", "coordinates": [ [ -58.771593, -38.164608, 98.420135 ] ] } },
{ "type": "Feature", "properties": { "id": 1097, "tipo": "led 15va", "Potencia": 120, "Columna": "baja" }, "geometry": { "type": "MultiPoint", "coordinates": [ [ -58.77179, -38.164781, 98.420135 ] ] } },
{ "type": "Feature", "properties": { "id": 1098, "tipo": "led 15va", "Potencia": 120, "Columna": "baja" }, "geometry": { "type": "MultiPoint", "coordinates": [ [ -58.772015, -38.164952, 98.420135 ] ] } },
{ "type": "Feature", "properties": { "id": 1099, "tipo": null, "Potencia": null, "Columna": null }, "geometry": { "type": "MultiPoint", "coordinates": [ [ -58.772961, -38.165885, 98.420135 ] ] } },
{ "type": "Feature", "properties": { "id": 1100, "tipo": null, "Potencia": null, "Columna": null }, "geometry": { "type": "MultiPoint", "coordinates": [ [ -58.773308, -38.166169, 98.420135 ] ] } },
{ "type": "Feature", "properties": { "id": 1101, "tipo": null, "Potencia": null, "Columna": null }, "geometry": { "type": "MultiPoint", "coordinates": [ [ -58.773102, -38.166679, 98.420135 ] ] } },
{ "type": "Feature", "properties": { "id": 1102, "tipo": null, "Potencia": null, "Columna": null }, "geometry": { "type": "MultiPoint", "coordinates": [ [ -58.773547, -38.166685, 98.420135 ] ] } },
{ "type": "Feature", "properties": { "id": 1103, "tipo": null, "Potencia": null, "Columna": null }, "geometry": { "type": "MultiPoint", "coordinates": [ [ -58.773495, -38.166378, 98.420135 ] ] } },
{ "type": "Feature", "properties": { "id": 1104, "tipo": null, "Potencia": null, "Columna": null }, "geometry": { "type": "MultiPoint", "coordinates": [ [ -58.774051, -38.166279, 98.420135 ] ] } },
{ "type": "Feature", "properties": { "id": 1105, "tipo": null, "Potencia": null, "Columna": null }, "geometry": { "type": "MultiPoint", "coordinates": [ [ -58.774068, -38.165933, 98.420135 ] ] } },
{ "type": "Feature", "properties": { "id": 1106, "tipo": null, "Potencia": null, "Columna": null }, "geometry": { "type": "MultiPoint", "coordinates": [ [ -58.77428, -38.165781, 98.420135 ] ] } },
{ "type": "Feature", "properties": { "id": 1107, "tipo": "led 15va", "Potencia": 150, "Columna": "alta" }, "geometry": { "type": "MultiPoint", "coordinates": [ [ -58.773394, -38.16743, 98.420135 ] ] } },
{ "type": "Feature", "properties": { "id": 1108, "tipo": "led 15va", "Potencia": 150, "Columna": "alta" }, "geometry": { "type": "MultiPoint", "coordinates": [ [ -58.773733, -38.16718, 98.420135 ] ] } },
{ "type": "Feature", "properties": { "id": 1109, "tipo": "led 15va", "Potencia": 150, "Columna": "alta" }, "geometry": { "type": "MultiPoint", "coordinates": [ [ -58.774061, -38.16694, 98.420135 ] ] } },
{ "type": "Feature", "properties": { "id": 1110, "tipo": "led 15va", "Potencia": 150, "Columna": "alta" }, "geometry": { "type": "MultiPoint", "coordinates": [ [ -58.774359, -38.16671, 98.420135 ] ] } },
{ "type": "Feature", "properties": { "id": 1111, "tipo": "led 15va", "Potencia": 150, "Columna": "alta" }, "geometry": { "type": "MultiPoint", "coordinates": [ [ -58.774629, -38.166519, 98.420135 ] ] } },
{ "type": "Feature", "properties": { "id": 1112, "tipo": "led 15va", "Potencia": 150, "Columna": "alta" }, "geometry": { "type": "MultiPoint", "coordinates": [ [ -58.774995, -38.166247, 98.420135 ] ] } },
{ "type": "Feature", "properties": { "id": 1113, "tipo": "led 15va", "Potencia": 150, "Columna": "alta" }, "geometry": { "type": "MultiPoint", "coordinates": [ [ -58.775284, -38.166018, 98.420135 ] ] } },
{ "type": "Feature", "properties": { "id": 1114, "tipo": "led 15va", "Potencia": 150, "Columna": "alta" }, "geometry": { "type": "MultiPoint", "coordinates": [ [ -58.775583, -38.165791, 98.420135 ] ] } },
{ "type": "Feature", "properties": { "id": 1115, "tipo": "led 15va", "Potencia": 150, "Columna": "alta" }, "geometry": { "type": "MultiPoint", "coordinates": [ [ -58.775964, -38.165492, 98.420135 ] ] } },
{ "type": "Feature", "properties": { "id": 1116, "tipo": "led 14va", "Potencia": 150, "Columna": "alta" }, "geometry": { "type": "MultiPoint", "coordinates": [ [ -58.776256, -38.165255, 98.420135 ] ] } },
{ "type": "Feature", "properties": { "id": 1117, "tipo": "led 14va", "Potencia": 150, "Columna": "alta" }, "geometry": { "type": "MultiPoint", "coordinates": [ [ -58.776513, -38.16505, 98.420135 ] ] } },
{ "type": "Feature", "properties": { "id": 1118, "tipo": "led 14va", "Potencia": 150, "Columna": "alta" }, "geometry": { "type": "MultiPoint", "coordinates": [ [ -58.776904, -38.164756, 98.420135 ] ] } },
{ "type": "Feature", "properties": { "id": 1119, "tipo": "led 11va", "Potencia": null, "Columna": null }, "geometry": { "type": "MultiPoint", "coordinates": [ [ -58.777205, -38.164534, 98.410805 ] ] } },
{ "type": "Feature", "properties": { "id": 1120, "tipo": "led 11va", "Potencia": null, "Columna": null }, "geometry": { "type": "MultiPoint", "coordinates": [ [ -58.777474, -38.16435, 98.410805 ] ] } },
{ "type": "Feature", "properties": { "id": 1121, "tipo": "led 11va", "Potencia": null, "Columna": null }, "geometry": { "type": "MultiPoint", "coordinates": [ [ -58.777859, -38.164071, 98.410805 ] ] } },
{ "type": "Feature", "properties": { "id": 1122, "tipo": "led", "Potencia": null, "Columna": null }, "geometry": { "type": "MultiPoint", "coordinates": [ [ -58.77814, -38.163844, 100.099663 ] ] } },
{ "type": "Feature", "properties": { "id": 1123, "tipo": "led", "Potencia": null, "Columna": null }, "geometry": { "type": "MultiPoint", "coordinates": [ [ -58.778414, -38.163624, 100.706154 ] ] } },
{ "type": "Feature", "properties": { "id": 1124, "tipo": "led", "Potencia": null, "Columna": null }, "geometry": { "type": "MultiPoint", "coordinates": [ [ -58.778786, -38.163329, 101.340645 ] ] } },
{ "type": "Feature", "properties": { "id": 1125, "tipo": "led", "Potencia": null, "Columna": null }, "geometry": { "type": "MultiPoint", "coordinates": [ [ -58.779041, -38.163143, 102.021782 ] ] } },
{ "type": "Feature", "properties": { "id": 1126, "tipo": "led", "Potencia": null, "Columna": null }, "geometry": { "type": "MultiPoint", "coordinates": [ [ -58.779248, -38.16301, 102.021782 ] ] } },
{ "type": "Feature", "properties": { "id": 1127, "tipo": "led", "Potencia": null, "Columna": null }, "geometry": { "type": "MultiPoint", "coordinates": [ [ -58.779465, -38.162837, 102.021782 ] ] } },
{ "type": "Feature", "properties": { "id": 1128, "tipo": "led", "Potencia": null, "Columna": null }, "geometry": { "type": "MultiPoint", "coordinates": [ [ -58.779637, -38.162581, 102.021782 ] ] } },
{ "type": "Feature", "properties": { "id": 1129, "tipo": "led", "Potencia": null, "Columna": null }, "geometry": { "type": "MultiPoint", "coordinates": [ [ -58.780013, -38.162392, 102.021782 ] ] } },
{ "type": "Feature", "properties": { "id": 1130, "tipo": "led", "Potencia": null, "Columna": null }, "geometry": { "type": "MultiPoint", "coordinates": [ [ -58.78017, -38.162172, 102.021782 ] ] } },
{ "type": "Feature", "properties": { "id": 1131, "tipo": "led", "Potencia": null, "Columna": null }, "geometry": { "type": "MultiPoint", "coordinates": [ [ -58.780421, -38.162082, 102.021782 ] ] } },
{ "type": "Feature", "properties": { "id": 1132, "tipo": "led", "Potencia": null, "Columna": null }, "geometry": { "type": "MultiPoint", "coordinates": [ [ -58.780559, -38.161843, 102.021782 ] ] } },
{ "type": "Feature", "properties": { "id": 1133, "tipo": "led", "Potencia": null, "Columna": null }, "geometry": { "type": "MultiPoint", "coordinates": [ [ -58.781633, -38.162678, 102.021782 ] ] } },
{ "type": "Feature", "properties": { "id": 1134, "tipo": "led", "Potencia": null, "Columna": null }, "geometry": { "type": "MultiPoint", "coordinates": [ [ -58.781508, -38.162878, 102.021782 ] ] } },
{ "type": "Feature", "properties": { "id": 1135, "tipo": "led", "Potencia": null, "Columna": null }, "geometry": { "type": "MultiPoint", "coordinates": [ [ -58.781281, -38.162989, 102.021782 ] ] } },
{ "type": "Feature", "properties": { "id": 1136, "tipo": "led", "Potencia": null, "Columna": null }, "geometry": { "type": "MultiPoint", "coordinates": [ [ -58.781179, -38.163175, 102.021782 ] ] } },
{ "type": "Feature", "properties": { "id": 1137, "tipo": "led", "Potencia": null, "Columna": null }, "geometry": { "type": "MultiPoint", "coordinates": [ [ -58.780663, -38.163495, 102.021782 ] ] } },
{ "type": "Feature", "properties": { "id": 1138, "tipo": "led", "Potencia": null, "Columna": null }, "geometry": { "type": "MultiPoint", "coordinates": [ [ -58.780567, -38.163671, 102.021782 ] ] } },
{ "type": "Feature", "properties": { "id": 1139, "tipo": "led", "Potencia": null, "Columna": null }, "geometry": { "type": "MultiPoint", "coordinates": [ [ -58.780347, -38.163746, 102.021782 ] ] } },
{ "type": "Feature", "properties": { "id": 1140, "tipo": "led", "Potencia": null, "Columna": null }, "geometry": { "type": "MultiPoint", "coordinates": [ [ -58.780244, -38.163906, 102.021782 ] ] } },
{ "type": "Feature", "properties": { "id": 1141, "tipo": "led", "Potencia": null, "Columna": null }, "geometry": { "type": "MultiPoint", "coordinates": [ [ -58.779722, -38.164184, 102.021782 ] ] } },
{ "type": "Feature", "properties": { "id": 1142, "tipo": "led", "Potencia": null, "Columna": null }, "geometry": { "type": "MultiPoint", "coordinates": [ [ -58.77962, -38.164368, 102.021782 ] ] } },
{ "type": "Feature", "properties": { "id": 1143, "tipo": "led", "Potencia": null, "Columna": null }, "geometry": { "type": "MultiPoint", "coordinates": [ [ -58.779389, -38.164466, 102.021782 ] ] } },
{ "type": "Feature", "properties": { "id": 1144, "tipo": "led", "Potencia": null, "Columna": null }, "geometry": { "type": "MultiPoint", "coordinates": [ [ -58.779295, -38.164635, 102.021782 ] ] } },
{ "type": "Feature", "properties": { "id": 1145, "tipo": "led", "Potencia": null, "Columna": null }, "geometry": { "type": "MultiPoint", "coordinates": [ [ -58.778747, -38.164931, 102.021782 ] ] } },
{ "type": "Feature", "properties": { "id": 1146, "tipo": "led", "Potencia": null, "Columna": null }, "geometry": { "type": "MultiPoint", "coordinates": [ [ -58.778648, -38.165115, 102.021782 ] ] } },
{ "type": "Feature", "properties": { "id": 1147, "tipo": "led", "Potencia": null, "Columna": null }, "geometry": { "type": "MultiPoint", "coordinates": [ [ -58.778447, -38.16519, 102.021782 ] ] } },
{ "type": "Feature", "properties": { "id": 1148, "tipo": "led", "Potencia": null, "Columna": null }, "geometry": { "type": "MultiPoint", "coordinates": [ [ -58.778338, -38.165365, 102.021782 ] ] } },
{ "type": "Feature", "properties": { "id": 1149, "tipo": "led 12va", "Potencia": null, "Columna": null }, "geometry": { "type": "MultiPoint", "coordinates": [ [ -58.777918, -38.16556, 102.021782 ] ] } },
{ "type": "Feature", "properties": { "id": 1150, "tipo": "led 12va", "Potencia": 150, "Columna": "alta" }, "geometry": { "type": "MultiPoint", "coordinates": [ [ -58.777766, -38.16577, 102.021782 ] ] } },
{ "type": "Feature", "properties": { "id": 1151, "tipo": "led 12va", "Potencia": 150, "Columna": "alta" }, "geometry": { "type": "MultiPoint", "coordinates": [ [ -58.777499, -38.165858, 102.031113 ] ] } },
{ "type": "Feature", "properties": { "id": 1152, "tipo": "led 12va", "Potencia": null, "Columna": null }, "geometry": { "type": "MultiPoint", "coordinates": [ [ -58.777303, -38.166132, 102.031113 ] ] } },
{ "type": "Feature", "properties": { "id": 1153, "tipo": "led 15va", "Potencia": 150, "Columna": "alta" }, "geometry": { "type": "MultiPoint", "coordinates": [ [ -58.776992, -38.166285, 102.031113 ] ] } },
{ "type": "Feature", "properties": { "id": 1154, "tipo": "led 15va", "Potencia": 150, "Columna": "alta" }, "geometry": { "type": "MultiPoint", "coordinates": [ [ -58.776817, -38.166511, 102.292374 ] ] } },
{ "type": "Feature", "properties": { "id": 1155, "tipo": "led 15va", "Potencia": 150, "Columna": "alta" }, "geometry": { "type": "MultiPoint", "coordinates": [ [ -58.776481, -38.166696, 102.460327 ] ] } },
{ "type": "Feature", "properties": { "id": 1156, "tipo": "led 15va", "Potencia": 150, "Columna": "alta" }, "geometry": { "type": "MultiPoint", "coordinates": [ [ -58.77632, -38.166905, 102.311035 ] ] } },
{ "type": "Feature", "properties": { "id": 1157, "tipo": "led 15va", "Potencia": 150, "Columna": "alta" }, "geometry": { "type": "MultiPoint", "coordinates": [ [ -58.776018, -38.167035, 102.385681 ] ] } },
{ "type": "Feature", "properties": { "id": 1158, "tipo": "led 15va", "Potencia": 150, "Columna": "alta" }, "geometry": { "type": "MultiPoint", "coordinates": [ [ -58.775844, -38.167261, 102.628281 ] ] } },
{ "type": "Feature", "properties": { "id": 1159, "tipo": "led 15va", "Potencia": 150, "Columna": "alta" }, "geometry": { "type": "MultiPoint", "coordinates": [ [ -58.775542, -38.167395, 102.590958 ] ] } },
{ "type": "Feature", "properties": { "id": 1160, "tipo": "led 15va", "Potencia": 150, "Columna": "alta" }, "geometry": { "type": "MultiPoint", "coordinates": [ [ -58.775403, -38.167575, 102.208397 ] ] } },
{ "type": "Feature", "properties": { "id": 1161, "tipo": "led 15va", "Potencia": 150, "Columna": "alta" }, "geometry": { "type": "MultiPoint", "coordinates": [ [ -58.775076, -38.167728, 102.208397 ] ] } },
{ "type": "Feature", "properties": { "id": 1162, "tipo": "led 15va", "Potencia": 150, "Columna": "alta" }, "geometry": { "type": "MultiPoint", "coordinates": [ [ -58.774881, -38.167991, 102.208397 ] ] } },
{ "type": "Feature", "properties": { "id": 1163, "tipo": "led 15va", "Potencia": 150, "Columna": "alta" }, "geometry": { "type": "MultiPoint", "coordinates": [ [ -58.774639, -38.168071, 102.208397 ] ] } },
{ "type": "Feature", "properties": { "id": 1164, "tipo": "led 15va", "Potencia": 150, "Columna": "alta" }, "geometry": { "type": "MultiPoint", "coordinates": [ [ -58.774484, -38.16829, 102.208397 ] ] } },
{ "type": "Feature", "properties": { "id": 1165, "tipo": null, "Potencia": null, "Columna": null }, "geometry": { "type": "MultiPoint", "coordinates": [ [ -58.774104, -38.168468, 102.208397 ] ] } },
{ "type": "Feature", "properties": { "id": 1166, "tipo": null, "Potencia": null, "Columna": null }, "geometry": { "type": "MultiPoint", "coordinates": [ [ -58.773854, -38.168639, 102.208397 ] ] } },
{ "type": "Feature", "properties": { "id": 1167, "tipo": null, "Potencia": null, "Columna": null }, "geometry": { "type": "MultiPoint", "coordinates": [ [ -58.773476, -38.168939, 102.217728 ] ] } },
{ "type": "Feature", "properties": { "id": 1168, "tipo": null, "Potencia": null, "Columna": null }, "geometry": { "type": "MultiPoint", "coordinates": [ [ -58.773342, -38.169084, 102.217728 ] ] } },
{ "type": "Feature", "properties": { "id": 1169, "tipo": null, "Potencia": null, "Columna": null }, "geometry": { "type": "MultiPoint", "coordinates": [ [ -58.772971, -38.169491, 102.189735 ] ] } },
{ "type": "Feature", "properties": { "id": 1170, "tipo": null, "Potencia": null, "Columna": null }, "geometry": { "type": "MultiPoint", "coordinates": [ [ -58.771792, -38.170213, 99.829071 ] ] } },
{ "type": "Feature", "properties": { "id": 1171, "tipo": null, "Potencia": null, "Columna": null }, "geometry": { "type": "MultiPoint", "coordinates": [ [ -58.771516, -38.17043, 99.829071 ] ] } },
{ "type": "Feature", "properties": { "id": 1172, "tipo": null, "Potencia": null, "Columna": null }, "geometry": { "type": "MultiPoint", "coordinates": [ [ -58.771054, -38.170782, 99.829071 ] ] } },
{ "type": "Feature", "properties": { "id": 1173, "tipo": null, "Potencia": null, "Columna": null }, "geometry": { "type": "MultiPoint", "coordinates": [ [ -58.77054, -38.169675, 99.829071 ] ] } },
{ "type": "Feature", "properties": { "id": 1174, "tipo": null, "Potencia": null, "Columna": null }, "geometry": { "type": "MultiPoint", "coordinates": [ [ -58.770861, -38.169414, 99.829071 ] ] } },
{ "type": "Feature", "properties": { "id": 1175, "tipo": null, "Potencia": null, "Columna": null }, "geometry": { "type": "MultiPoint", "coordinates": [ [ -58.771484, -38.168997, 99.829071 ] ] } },
{ "type": "Feature", "properties": { "id": 1176, "tipo": null, "Potencia": null, "Columna": null }, "geometry": { "type": "MultiPoint", "coordinates": [ [ -58.772658, -38.167883, 99.829071 ] ] } },
{ "type": "Feature", "properties": { "id": 1177, "tipo": null, "Potencia": null, "Columna": null }, "geometry": { "type": "MultiPoint", "coordinates": [ [ -58.772868, -38.167703, 99.829071 ] ] } },
{ "type": "Feature", "properties": { "id": 1178, "tipo": null, "Potencia": null, "Columna": null }, "geometry": { "type": "MultiPoint", "coordinates": [ [ -58.773173, -38.167615, 99.81974 ] ] } },
{ "type": "Feature", "properties": { "id": 1179, "tipo": "led", "Potencia": null, "Columna": null }, "geometry": { "type": "MultiPoint", "coordinates": [ [ -58.774343, -38.166883, 99.81974 ] ] } },
{ "type": "Feature", "properties": { "id": 1180, "tipo": "led", "Potencia": null, "Columna": null }, "geometry": { "type": "MultiPoint", "coordinates": [ [ -58.774625, -38.167218, 99.81974 ] ] } },
{ "type": "Feature", "properties": { "id": 1181, "tipo": "led", "Potencia": null, "Columna": null }, "geometry": { "type": "MultiPoint", "coordinates": [ [ -58.774875, -38.167334, 99.81974 ] ] } },
{ "type": "Feature", "properties": { "id": 1182, "tipo": null, "Potencia": null, "Columna": null }, "geometry": { "type": "MultiPoint", "coordinates": [ [ -58.774381, -38.167709, 99.81974 ] ] } },
{ "type": "Feature", "properties": { "id": 1183, "tipo": null, "Potencia": null, "Columna": null }, "geometry": { "type": "MultiPoint", "coordinates": [ [ -58.774092, -38.167502, 99.81974 ] ] } },
{ "type": "Feature", "properties": { "id": 1184, "tipo": "led", "Potencia": null, "Columna": null }, "geometry": { "type": "MultiPoint", "coordinates": [ [ -58.775036, -38.167536, 99.81974 ] ] } },
{ "type": "Feature", "properties": { "id": 1185, "tipo": "led", "Potencia": null, "Columna": null }, "geometry": { "type": "MultiPoint", "coordinates": [ [ -58.775406, -38.167737, 99.81974 ] ] } },
{ "type": "Feature", "properties": { "id": 1186, "tipo": "led", "Potencia": null, "Columna": null }, "geometry": { "type": "MultiPoint", "coordinates": [ [ -58.775557, -38.167994, 99.81974 ] ] } },
{ "type": "Feature", "properties": { "id": 1187, "tipo": "led", "Potencia": null, "Columna": null }, "geometry": { "type": "MultiPoint", "coordinates": [ [ -58.775801, -38.168072, 99.81974 ] ] } },
{ "type": "Feature", "properties": { "id": 1188, "tipo": "led", "Potencia": null, "Columna": null }, "geometry": { "type": "MultiPoint", "coordinates": [ [ -58.775945, -38.168301, 99.81974 ] ] } },
{ "type": "Feature", "properties": { "id": 1189, "tipo": "led", "Potencia": null, "Columna": null }, "geometry": { "type": "MultiPoint", "coordinates": [ [ -58.776209, -38.168379, 99.81974 ] ] } },
{ "type": "Feature", "properties": { "id": 1190, "tipo": "led", "Potencia": null, "Columna": null }, "geometry": { "type": "MultiPoint", "coordinates": [ [ -58.782871, -38.163559, 69.793571 ] ] } },
{ "type": "Feature", "properties": { "id": 1191, "tipo": "led", "Potencia": null, "Columna": null }, "geometry": { "type": "MultiPoint", "coordinates": [ [ -58.78254, -38.163772, 69.793571 ] ] } },
{ "type": "Feature", "properties": { "id": 1192, "tipo": "led", "Potencia": null, "Columna": null }, "geometry": { "type": "MultiPoint", "coordinates": [ [ -58.782214, -38.164037, 69.802902 ] ] } },
{ "type": "Feature", "properties": { "id": 1193, "tipo": "led", "Potencia": null, "Columna": null }, "geometry": { "type": "MultiPoint", "coordinates": [ [ -58.781902, -38.164262, 69.802902 ] ] } },
{ "type": "Feature", "properties": { "id": 1194, "tipo": "led", "Potencia": null, "Columna": null }, "geometry": { "type": "MultiPoint", "coordinates": [ [ -58.781654, -38.164474, 69.802902 ] ] } },
{ "type": "Feature", "properties": { "id": 1195, "tipo": "led", "Potencia": null, "Columna": null }, "geometry": { "type": "MultiPoint", "coordinates": [ [ -58.781286, -38.164765, 69.802902 ] ] } },
{ "type": "Feature", "properties": { "id": 1196, "tipo": "led", "Potencia": null, "Columna": null }, "geometry": { "type": "MultiPoint", "coordinates": [ [ -58.780987, -38.164968, 69.802902 ] ] } },
{ "type": "Feature", "properties": { "id": 1197, "tipo": "led", "Potencia": null, "Columna": null }, "geometry": { "type": "MultiPoint", "coordinates": [ [ -58.780654, -38.165258, 69.802902 ] ] } },
{ "type": "Feature", "properties": { "id": 1198, "tipo": "led", "Potencia": null, "Columna": null }, "geometry": { "type": "MultiPoint", "coordinates": [ [ -58.78031, -38.165454, 69.802902 ] ] } },
{ "type": "Feature", "properties": { "id": 1199, "tipo": "led", "Potencia": null, "Columna": null }, "geometry": { "type": "MultiPoint", "coordinates": [ [ -58.78, -38.165691, 69.802902 ] ] } },
{ "type": "Feature", "properties": { "id": 1200, "tipo": "led", "Potencia": null, "Columna": null }, "geometry": { "type": "MultiPoint", "coordinates": [ [ -58.779335, -38.16606, 94.361282 ] ] } },
{ "type": "Feature", "properties": { "id": 1201, "tipo": "led", "Potencia": null, "Columna": null }, "geometry": { "type": "MultiPoint", "coordinates": [ [ -58.778987, -38.166359, 94.361282 ] ] } },
{ "type": "Feature", "properties": { "id": 1202, "tipo": "led", "Potencia": null, "Columna": null }, "geometry": { "type": "MultiPoint", "coordinates": [ [ -58.77869, -38.166585, 94.753174 ] ] } },
{ "type": "Feature", "properties": { "id": 1203, "tipo": "led", "Potencia": null, "Columna": null }, "geometry": { "type": "MultiPoint", "coordinates": [ [ -58.778384, -38.16683, 94.277313 ] ] } },
{ "type": "Feature", "properties": { "id": 1204, "tipo": "led", "Potencia": null, "Columna": null }, "geometry": { "type": "MultiPoint", "coordinates": [ [ -58.77807, -38.167077, 93.820107 ] ] } },
{ "type": "Feature", "properties": { "id": 1205, "tipo": "led", "Potencia": null, "Columna": null }, "geometry": { "type": "MultiPoint", "coordinates": [ [ -58.777755, -38.167318, 94.95845 ] ] } },
{ "type": "Feature", "properties": { "id": 1206, "tipo": "led", "Potencia": null, "Columna": null }, "geometry": { "type": "MultiPoint", "coordinates": [ [ -58.777422, -38.167573, 94.95845 ] ] } },
{ "type": "Feature", "properties": { "id": 1207, "tipo": "led", "Potencia": null, "Columna": null }, "geometry": { "type": "MultiPoint", "coordinates": [ [ -58.77713, -38.167785, 94.95845 ] ] } },
{ "type": "Feature", "properties": { "id": 1208, "tipo": "led", "Potencia": null, "Columna": null }, "geometry": { "type": "MultiPoint", "coordinates": [ [ -58.77683, -38.168036, 94.95845 ] ] } },
{ "type": "Feature", "properties": { "id": 1209, "tipo": "led", "Potencia": null, "Columna": null }, "geometry": { "type": "MultiPoint", "coordinates": [ [ -58.776476, -38.168328, 94.95845 ] ] } },
{ "type": "Feature", "properties": { "id": 1210, "tipo": "led", "Potencia": null, "Columna": null }, "geometry": { "type": "MultiPoint", "coordinates": [ [ -58.776205, -38.168531, 94.95845 ] ] } },
{ "type": "Feature", "properties": { "id": 1211, "tipo": "led", "Potencia": null, "Columna": null }, "geometry": { "type": "MultiPoint", "coordinates": [ [ -58.775874, -38.168795, 94.95845 ] ] } },
{ "type": "Feature", "properties": { "id": 1212, "tipo": "led", "Potencia": null, "Columna": null }, "geometry": { "type": "MultiPoint", "coordinates": [ [ -58.775532, -38.169047, 94.95845 ] ] } },
{ "type": "Feature", "properties": { "id": 1213, "tipo": "led", "Potencia": null, "Columna": null }, "geometry": { "type": "MultiPoint", "coordinates": [ [ -58.775182, -38.169181, 94.95845 ] ] } },
{ "type": "Feature", "properties": { "id": 1214, "tipo": "led", "Potencia": null, "Columna": null }, "geometry": { "type": "MultiPoint", "coordinates": [ [ -58.775107, -38.168991, 94.95845 ] ] } },
{ "type": "Feature", "properties": { "id": 1215, "tipo": "led", "Potencia": null, "Columna": null }, "geometry": { "type": "MultiPoint", "coordinates": [ [ -58.774799, -38.168871, 94.95845 ] ] } },
{ "type": "Feature", "properties": { "id": 1216, "tipo": "led", "Potencia": null, "Columna": null }, "geometry": { "type": "MultiPoint", "coordinates": [ [ -58.774668, -38.168642, 94.95845 ] ] } },
{ "type": "Feature", "properties": { "id": 1217, "tipo": "led", "Potencia": null, "Columna": null }, "geometry": { "type": "MultiPoint", "coordinates": [ [ -58.774405, -38.168535, 94.95845 ] ] } },
{ "type": "Feature", "properties": { "id": 1218, "tipo": "led 15va", "Potencia": 150, "Columna": "alta" }, "geometry": { "type": "MultiPoint", "coordinates": [ [ -58.774143, -38.168254, 95.061089 ] ] } },
{ "type": "Feature", "properties": { "id": 1219, "tipo": "led 15va", "Potencia": 150, "Columna": "alta" }, "geometry": { "type": "MultiPoint", "coordinates": [ [ -58.773868, -38.168122, 95.061089 ] ] } },
{ "type": "Feature", "properties": { "id": 1220, "tipo": "led 15va", "Potencia": 150, "Columna": "alta" }, "geometry": { "type": "MultiPoint", "coordinates": [ [ -58.773609, -38.16779, 95.061089 ] ] } },
{ "type": "Feature", "properties": { "id": 1221, "tipo": "led 15va", "Potencia": 150, "Columna": "alta" }, "geometry": { "type": "MultiPoint", "coordinates": [ [ -58.773322, -38.167668, 95.061089 ] ] } },
{ "type": "Feature", "properties": { "id": 1222, "tipo": null, "Potencia": null, "Columna": null }, "geometry": { "type": "MultiPoint", "coordinates": [ [ -58.772907, -38.167178, 95.061089 ] ] } },
{ "type": "Feature", "properties": { "id": 1223, "tipo": null, "Potencia": null, "Columna": null }, "geometry": { "type": "MultiPoint", "coordinates": [ [ -58.772593, -38.166924, 95.061089 ] ] } },
{ "type": "Feature", "properties": { "id": 1224, "tipo": null, "Potencia": null, "Columna": null }, "geometry": { "type": "MultiPoint", "coordinates": [ [ -58.772383, -38.166751, 95.070419 ] ] } },
{ "type": "Feature", "properties": { "id": 1225, "tipo": null, "Potencia": null, "Columna": null }, "geometry": { "type": "MultiPoint", "coordinates": [ [ -58.77278, -38.168629, 95.070419 ] ] } },
{ "type": "Feature", "properties": { "id": 1226, "tipo": "led 15va", "Potencia": 150, "Columna": "alta" }, "geometry": { "type": "MultiPoint", "coordinates": [ [ -58.773521, -38.16919, 95.070419 ] ] } },
{ "type": "Feature", "properties": { "id": 1227, "tipo": "led 15va", "Potencia": 150, "Columna": "alta" }, "geometry": { "type": "MultiPoint", "coordinates": [ [ -58.77367, -38.169408, 95.070419 ] ] } },
{ "type": "Feature", "properties": { "id": 1228, "tipo": "led 15va", "Potencia": 150, "Columna": "alta" }, "geometry": { "type": "MultiPoint", "coordinates": [ [ -58.773906, -38.169516, 95.070419 ] ] } },
{ "type": "Feature", "properties": { "id": 1229, "tipo": "led 15va", "Potencia": 150, "Columna": "alta" }, "geometry": { "type": "MultiPoint", "coordinates": [ [ -58.774062, -38.169711, 95.070419 ] ] } },
{ "type": "Feature", "properties": { "id": 1230, "tipo": "led 15va", "Potencia": 150, "Columna": "alta" }, "geometry": { "type": "MultiPoint", "coordinates": [ [ -58.774353, -38.16985, 95.061089 ] ] } },
{ "type": "Feature", "properties": { "id": 1231, "tipo": "led 15va", "Potencia": 150, "Columna": "alta" }, "geometry": { "type": "MultiPoint", "coordinates": [ [ -58.773423, -38.170619, 95.070419 ] ] } },
{ "type": "Feature", "properties": { "id": 1232, "tipo": "led 15va", "Potencia": 150, "Columna": "alta" }, "geometry": { "type": "MultiPoint", "coordinates": [ [ -58.773154, -38.17049, 95.070419 ] ] } },
{ "type": "Feature", "properties": { "id": 1233, "tipo": "led 15va", "Potencia": 150, "Columna": "alta" }, "geometry": { "type": "MultiPoint", "coordinates": [ [ -58.773002, -38.170276, 95.070419 ] ] } },
{ "type": "Feature", "properties": { "id": 1234, "tipo": "led 15va", "Potencia": 150, "Columna": "alta" }, "geometry": { "type": "MultiPoint", "coordinates": [ [ -58.772735, -38.170144, 95.070419 ] ] } },
{ "type": "Feature", "properties": { "id": 1235, "tipo": "led 15va", "Potencia": 150, "Columna": "alta" }, "geometry": { "type": "MultiPoint", "coordinates": [ [ -58.772575, -38.169909, 95.070419 ] ] } },
{ "type": "Feature", "properties": { "id": 1236, "tipo": null, "Potencia": null, "Columna": null }, "geometry": { "type": "MultiPoint", "coordinates": [ [ -58.772368, -38.169701, 95.070419 ] ] } },
{ "type": "Feature", "properties": { "id": 1237, "tipo": null, "Potencia": null, "Columna": null }, "geometry": { "type": "MultiPoint", "coordinates": [ [ -58.770638, -38.169838, 95.070419 ] ] } },
{ "type": "Feature", "properties": { "id": 1238, "tipo": null, "Potencia": null, "Columna": null }, "geometry": { "type": "MultiPoint", "coordinates": [ [ -58.771005, -38.170087, 95.070419 ] ] } },
{ "type": "Feature", "properties": { "id": 1239, "tipo": null, "Potencia": null, "Columna": null }, "geometry": { "type": "MultiPoint", "coordinates": [ [ -58.771344, -38.170356, 95.070419 ] ] } },
{ "type": "Feature", "properties": { "id": 1240, "tipo": null, "Potencia": null, "Columna": null }, "geometry": { "type": "MultiPoint", "coordinates": [ [ -58.77221, -38.17105, 95.070419 ] ] } },
{ "type": "Feature", "properties": { "id": 1241, "tipo": "led", "Potencia": null, "Columna": null }, "geometry": { "type": "MultiPoint", "coordinates": [ [ -58.775284, -38.169309, 93.437546 ] ] } },
{ "type": "Feature", "properties": { "id": 1242, "tipo": "led", "Potencia": null, "Columna": null }, "geometry": { "type": "MultiPoint", "coordinates": [ [ -58.774974, -38.169564, 93.437546 ] ] } },
{ "type": "Feature", "properties": { "id": 1243, "tipo": "led", "Potencia": null, "Columna": null }, "geometry": { "type": "MultiPoint", "coordinates": [ [ -58.774632, -38.169801, 93.437546 ] ] } },
{ "type": "Feature", "properties": { "id": 1244, "tipo": "led", "Potencia": null, "Columna": null }, "geometry": { "type": "MultiPoint", "coordinates": [ [ -58.774351, -38.170027, 93.437546 ] ] } },
{ "type": "Feature", "properties": { "id": 1245, "tipo": "led", "Potencia": null, "Columna": null }, "geometry": { "type": "MultiPoint", "coordinates": [ [ -58.774014, -38.170278, 93.446877 ] ] } },
{ "type": "Feature", "properties": { "id": 1246, "tipo": "led", "Potencia": null, "Columna": null }, "geometry": { "type": "MultiPoint", "coordinates": [ [ -58.773689, -38.170511, 93.446877 ] ] } },
{ "type": "Feature", "properties": { "id": 1247, "tipo": "led", "Potencia": null, "Columna": null }, "geometry": { "type": "MultiPoint", "coordinates": [ [ -58.77337, -38.170736, 93.446877 ] ] } },
{ "type": "Feature", "properties": { "id": 1248, "tipo": "led", "Potencia": null, "Columna": null }, "geometry": { "type": "MultiPoint", "coordinates": [ [ -58.773065, -38.170965, 93.446877 ] ] } },
{ "type": "Feature", "properties": { "id": 1249, "tipo": "led", "Potencia": null, "Columna": null }, "geometry": { "type": "MultiPoint", "coordinates": [ [ -58.772755, -38.171233, 93.446877 ] ] } },
{ "type": "Feature", "properties": { "id": 1250, "tipo": "led", "Potencia": null, "Columna": null }, "geometry": { "type": "MultiPoint", "coordinates": [ [ -58.772453, -38.171466, 93.446877 ] ] } },
{ "type": "Feature", "properties": { "id": 1251, "tipo": "led", "Potencia": null, "Columna": null }, "geometry": { "type": "MultiPoint", "coordinates": [ [ -58.772139, -38.171659, 93.446877 ] ] } },
{ "type": "Feature", "properties": { "id": 1252, "tipo": "led", "Potencia": null, "Columna": null }, "geometry": { "type": "MultiPoint", "coordinates": [ [ -58.771828, -38.171961, 93.446877 ] ] } },
{ "type": "Feature", "properties": { "id": 1253, "tipo": "led", "Potencia": null, "Columna": null }, "geometry": { "type": "MultiPoint", "coordinates": [ [ -58.771947, -38.172135, 93.446877 ] ] } },
{ "type": "Feature", "properties": { "id": 1254, "tipo": "led", "Potencia": null, "Columna": null }, "geometry": { "type": "MultiPoint", "coordinates": [ [ -58.772155, -38.171991, 93.446877 ] ] } },
{ "type": "Feature", "properties": { "id": 1255, "tipo": "led", "Potencia": null, "Columna": null }, "geometry": { "type": "MultiPoint", "coordinates": [ [ -58.772488, -38.17173, 93.446877 ] ] } },
{ "type": "Feature", "properties": { "id": 1256, "tipo": "led", "Potencia": null, "Columna": null }, "geometry": { "type": "MultiPoint", "coordinates": [ [ -58.772763, -38.171491, 93.446877 ] ] } },
{ "type": "Feature", "properties": { "id": 1257, "tipo": "led", "Potencia": null, "Columna": null }, "geometry": { "type": "MultiPoint", "coordinates": [ [ -58.773089, -38.171246, 93.446877 ] ] } },
{ "type": "Feature", "properties": { "id": 1258, "tipo": "led", "Potencia": null, "Columna": null }, "geometry": { "type": "MultiPoint", "coordinates": [ [ -58.773378, -38.171023, 93.446877 ] ] } },
{ "type": "Feature", "properties": { "id": 1259, "tipo": "led", "Potencia": null, "Columna": null }, "geometry": { "type": "MultiPoint", "coordinates": [ [ -58.773691, -38.170794, 93.446877 ] ] } },
{ "type": "Feature", "properties": { "id": 1260, "tipo": "led", "Potencia": null, "Columna": null }, "geometry": { "type": "MultiPoint", "coordinates": [ [ -58.774029, -38.170545, 93.446877 ] ] } },
{ "type": "Feature", "properties": { "id": 1261, "tipo": "led", "Potencia": null, "Columna": null }, "geometry": { "type": "MultiPoint", "coordinates": [ [ -58.774351, -38.170312, 93.446877 ] ] } },
{ "type": "Feature", "properties": { "id": 1262, "tipo": "led", "Potencia": null, "Columna": null }, "geometry": { "type": "MultiPoint", "coordinates": [ [ -58.774633, -38.170074, 93.437546 ] ] } },
{ "type": "Feature", "properties": { "id": 1263, "tipo": "led", "Potencia": null, "Columna": null }, "geometry": { "type": "MultiPoint", "coordinates": [ [ -58.774966, -38.169818, 93.437546 ] ] } },
{ "type": "Feature", "properties": { "id": 1264, "tipo": "led", "Potencia": null, "Columna": null }, "geometry": { "type": "MultiPoint", "coordinates": [ [ -58.775288, -38.169569, 93.437546 ] ] } },
{ "type": "Feature", "properties": { "id": 1265, "tipo": "led", "Potencia": null, "Columna": null }, "geometry": { "type": "MultiPoint", "coordinates": [ [ -58.775603, -38.16933, 93.437546 ] ] } },
{ "type": "Feature", "properties": { "id": 1266, "tipo": "led", "Potencia": null, "Columna": null }, "geometry": { "type": "MultiPoint", "coordinates": [ [ -58.775924, -38.169093, 93.437546 ] ] } },
{ "type": "Feature", "properties": { "id": 1267, "tipo": "led", "Potencia": null, "Columna": null }, "geometry": { "type": "MultiPoint", "coordinates": [ [ -58.776261, -38.168839, 95.257034 ] ] } },
{ "type": "Feature", "properties": { "id": 1268, "tipo": "led", "Potencia": null, "Columna": null }, "geometry": { "type": "MultiPoint", "coordinates": [ [ -58.77654, -38.16861, 94.361282 ] ] } },
{ "type": "Feature", "properties": { "id": 1269, "tipo": "led", "Potencia": null, "Columna": null }, "geometry": { "type": "MultiPoint", "coordinates": [ [ -58.776861, -38.168363, 94.631874 ] ] } },
{ "type": "Feature", "properties": { "id": 1270, "tipo": "led", "Potencia": null, "Columna": null }, "geometry": { "type": "MultiPoint", "coordinates": [ [ -58.777193, -38.16811, 94.538567 ] ] } },
{ "type": "Feature", "properties": { "id": 1271, "tipo": "led", "Potencia": null, "Columna": null }, "geometry": { "type": "MultiPoint", "coordinates": [ [ -58.777479, -38.167893, 94.566559 ] ] } },
{ "type": "Feature", "properties": { "id": 1272, "tipo": "led", "Potencia": null, "Columna": null }, "geometry": { "type": "MultiPoint", "coordinates": [ [ -58.777813, -38.167657, 94.725182 ] ] } },
{ "type": "Feature", "properties": { "id": 1273, "tipo": "led", "Potencia": null, "Columna": null }, "geometry": { "type": "MultiPoint", "coordinates": [ [ -58.77813, -38.167416, 94.538567 ] ] } },
{ "type": "Feature", "properties": { "id": 1274, "tipo": "led", "Potencia": null, "Columna": null }, "geometry": { "type": "MultiPoint", "coordinates": [ [ -58.778408, -38.167197, 95.313019 ] ] } },
{ "type": "Feature", "properties": { "id": 1275, "tipo": "led", "Potencia": null, "Columna": null }, "geometry": { "type": "MultiPoint", "coordinates": [ [ -58.778751, -38.16695, 96.535339 ] ] } },
{ "type": "Feature", "properties": { "id": 1276, "tipo": "led", "Potencia": null, "Columna": null }, "geometry": { "type": "MultiPoint", "coordinates": [ [ -58.779124, -38.16675, 95.826202 ] ] } },
{ "type": "Feature", "properties": { "id": 1277, "tipo": "led", "Potencia": null, "Columna": null }, "geometry": { "type": "MultiPoint", "coordinates": [ [ -58.779393, -38.166494, 94.743843 ] ] } },
{ "type": "Feature", "properties": { "id": 1278, "tipo": "led", "Potencia": null, "Columna": null }, "geometry": { "type": "MultiPoint", "coordinates": [ [ -58.779754, -38.166241, 95.910179 ] ] } },
{ "type": "Feature", "properties": { "id": 1279, "tipo": "led", "Potencia": null, "Columna": null }, "geometry": { "type": "MultiPoint", "coordinates": [ [ -58.780061, -38.166005, 95.751556 ] ] } },
{ "type": "Feature", "properties": { "id": 1280, "tipo": "led", "Potencia": null, "Columna": null }, "geometry": { "type": "MultiPoint", "coordinates": [ [ -58.78032, -38.165769, 95.611595 ] ] } },
{ "type": "Feature", "properties": { "id": 1281, "tipo": "led", "Potencia": null, "Columna": null }, "geometry": { "type": "MultiPoint", "coordinates": [ [ -58.780667, -38.165573, 96.17144 ] ] } },
{ "type": "Feature", "properties": { "id": 1282, "tipo": "led", "Potencia": null, "Columna": null }, "geometry": { "type": "MultiPoint", "coordinates": [ [ -58.781028, -38.165277, 96.17144 ] ] } },
{ "type": "Feature", "properties": { "id": 1283, "tipo": "led", "Potencia": null, "Columna": null }, "geometry": { "type": "MultiPoint", "coordinates": [ [ -58.781247, -38.165028, 96.17144 ] ] } },
{ "type": "Feature", "properties": { "id": 1284, "tipo": "led", "Potencia": null, "Columna": null }, "geometry": { "type": "MultiPoint", "coordinates": [ [ -58.78158, -38.164838, 96.17144 ] ] } },
{ "type": "Feature", "properties": { "id": 1285, "tipo": "led", "Potencia": null, "Columna": null }, "geometry": { "type": "MultiPoint", "coordinates": [ [ -58.781934, -38.164615, 96.17144 ] ] } },
{ "type": "Feature", "properties": { "id": 1286, "tipo": "led", "Potencia": null, "Columna": null }, "geometry": { "type": "MultiPoint", "coordinates": [ [ -58.78254, -38.164055, 96.162109 ] ] } },
{ "type": "Feature", "properties": { "id": 1287, "tipo": "led", "Potencia": null, "Columna": null }, "geometry": { "type": "MultiPoint", "coordinates": [ [ -58.782194, -38.164309, 96.17144 ] ] } },
{ "type": "Feature", "properties": { "id": 1288, "tipo": "led", "Potencia": null, "Columna": null }, "geometry": { "type": "MultiPoint", "coordinates": [ [ -58.782863, -38.163792, 96.162109 ] ] } },
{ "type": "Feature", "properties": { "id": 1289, "tipo": "led", "Potencia": null, "Columna": null }, "geometry": { "type": "MultiPoint", "coordinates": [ [ -58.779661, -38.165876, 94.361282 ] ] } },
{ "type": "Feature", "properties": { "id": 1290, "tipo": "led", "Potencia": null, "Columna": null }, "geometry": { "type": "MultiPoint", "coordinates": [ [ -58.783005, -38.163367, 136.293411 ] ] } },
{ "type": "Feature", "properties": { "id": 1291, "tipo": "led", "Potencia": null, "Columna": null }, "geometry": { "type": "MultiPoint", "coordinates": [ [ -58.782675, -38.163093, 136.293411 ] ] } },
{ "type": "Feature", "properties": { "id": 1292, "tipo": "led", "Potencia": null, "Columna": null }, "geometry": { "type": "MultiPoint", "coordinates": [ [ -58.782384, -38.162836, 136.293411 ] ] } },
{ "type": "Feature", "properties": { "id": 1293, "tipo": "led", "Potencia": null, "Columna": null }, "geometry": { "type": "MultiPoint", "coordinates": [ [ -58.782007, -38.162571, 137.506409 ] ] } },
{ "type": "Feature", "properties": { "id": 1294, "tipo": "led", "Potencia": null, "Columna": null }, "geometry": { "type": "MultiPoint", "coordinates": [ [ -58.78174, -38.162314, 136.218765 ] ] } },
{ "type": "Feature", "properties": { "id": 1295, "tipo": "led", "Potencia": null, "Columna": null }, "geometry": { "type": "MultiPoint", "coordinates": [ [ -58.781513, -38.16209, 136.927902 ] ] } },
{ "type": "Feature", "properties": { "id": 1296, "tipo": "led", "Potencia": null, "Columna": null }, "geometry": { "type": "MultiPoint", "coordinates": [ [ -58.781258, -38.161847, 137.142502 ] ] } },
{ "type": "Feature", "properties": { "id": 1297, "tipo": "led", "Potencia": null, "Columna": null }, "geometry": { "type": "MultiPoint", "coordinates": [ [ -58.7806, -38.161372, 137.12384 ] ] } },
{ "type": "Feature", "properties": { "id": 1298, "tipo": "led", "Potencia": null, "Columna": null }, "geometry": { "type": "MultiPoint", "coordinates": [ [ -58.780221, -38.161097, 137.487747 ] ] } },
{ "type": "Feature", "properties": { "id": 1299, "tipo": "led", "Potencia": null, "Columna": null }, "geometry": { "type": "MultiPoint", "coordinates": [ [ -58.779944, -38.160845, 137.02121 ] ] } },
{ "type": "Feature", "properties": { "id": 1300, "tipo": "led", "Potencia": null, "Columna": null }, "geometry": { "type": "MultiPoint", "coordinates": [ [ -58.779718, -38.160628, 136.843933 ] ] } },
{ "type": "Feature", "properties": { "id": 1301, "tipo": "led", "Potencia": null, "Columna": null }, "geometry": { "type": "MultiPoint", "coordinates": [ [ -58.779374, -38.16038, 137.282471 ] ] } },
{ "type": "Feature", "properties": { "id": 1302, "tipo": "led", "Potencia": null, "Columna": null }, "geometry": { "type": "MultiPoint", "coordinates": [ [ -58.779029, -38.160102, 137.12384 ] ] } },
{ "type": "Feature", "properties": { "id": 1303, "tipo": "led", "Potencia": null, "Columna": null }, "geometry": { "type": "MultiPoint", "coordinates": [ [ -58.778432, -38.15962, 137.515732 ] ] } },
{ "type": "Feature", "properties": { "id": 1304, "tipo": "led", "Potencia": null, "Columna": null }, "geometry": { "type": "MultiPoint", "coordinates": [ [ -58.778123, -38.159352, 137.478409 ] ] } },
{ "type": "Feature", "properties": { "id": 1305, "tipo": "led", "Potencia": null, "Columna": null }, "geometry": { "type": "MultiPoint", "coordinates": [ [ -58.77753, -38.158878, 137.36644 ] ] } },
{ "type": "Feature", "properties": { "id": 1306, "tipo": "led", "Potencia": null, "Columna": null }, "geometry": { "type": "MultiPoint", "coordinates": [ [ -58.777194, -38.158598, 136.99321 ] ] } },
{ "type": "Feature", "properties": { "id": 1307, "tipo": "led", "Potencia": null, "Columna": null }, "geometry": { "type": "MultiPoint", "coordinates": [ [ -58.776904, -38.158356, 137.077194 ] ] } },
{ "type": "Feature", "properties": { "id": 1308, "tipo": "led", "Potencia": null, "Columna": null }, "geometry": { "type": "MultiPoint", "coordinates": [ [ -58.776607, -38.158117, 137.086517 ] ] } },
{ "type": "Feature", "properties": { "id": 1309, "tipo": "led", "Potencia": null, "Columna": null }, "geometry": { "type": "MultiPoint", "coordinates": [ [ -58.776303, -38.157863, 137.086517 ] ] } },
{ "type": "Feature", "properties": { "id": 1310, "tipo": "led", "Potencia": null, "Columna": null }, "geometry": { "type": "MultiPoint", "coordinates": [ [ -58.775979, -38.157608, 137.086517 ] ] } },
{ "type": "Feature", "properties": { "id": 1311, "tipo": "led", "Potencia": null, "Columna": null }, "geometry": { "type": "MultiPoint", "coordinates": [ [ -58.775666, -38.157355, 137.086517 ] ] } },
{ "type": "Feature", "properties": { "id": 1312, "tipo": "led", "Potencia": null, "Columna": null }, "geometry": { "type": "MultiPoint", "coordinates": [ [ -58.775398, -38.157113, 137.086517 ] ] } },
{ "type": "Feature", "properties": { "id": 1313, "tipo": "led", "Potencia": null, "Columna": null }, "geometry": { "type": "MultiPoint", "coordinates": [ [ -58.775089, -38.156869, 137.086517 ] ] } },
{ "type": "Feature", "properties": { "id": 1314, "tipo": "led", "Potencia": null, "Columna": null }, "geometry": { "type": "MultiPoint", "coordinates": [ [ -58.774755, -38.1566, 137.086517 ] ] } },
{ "type": "Feature", "properties": { "id": 1315, "tipo": "led", "Potencia": null, "Columna": null }, "geometry": { "type": "MultiPoint", "coordinates": [ [ -58.774654, -38.15639, 137.086517 ] ] } },
{ "type": "Feature", "properties": { "id": 1316, "tipo": "led", "Potencia": null, "Columna": null }, "geometry": { "type": "MultiPoint", "coordinates": [ [ -58.774863, -38.15626, 137.086517 ] ] } },
{ "type": "Feature", "properties": { "id": 1317, "tipo": "led", "Potencia": null, "Columna": null }, "geometry": { "type": "MultiPoint", "coordinates": [ [ -58.775087, -38.156091, 137.086517 ] ] } },
{ "type": "Feature", "properties": { "id": 1318, "tipo": "led", "Potencia": null, "Columna": null }, "geometry": { "type": "MultiPoint", "coordinates": [ [ -58.775352, -38.155853, 137.086517 ] ] } },
{ "type": "Feature", "properties": { "id": 1319, "tipo": "led", "Potencia": null, "Columna": null }, "geometry": { "type": "MultiPoint", "coordinates": [ [ -58.775593, -38.155653, 137.086517 ] ] } },
{ "type": "Feature", "properties": { "id": 1320, "tipo": "led", "Potencia": null, "Columna": null }, "geometry": { "type": "MultiPoint", "coordinates": [ [ -58.775826, -38.155471, 137.086517 ] ] } },
{ "type": "Feature", "properties": { "id": 1321, "tipo": "led", "Potencia": null, "Columna": null }, "geometry": { "type": "MultiPoint", "coordinates": [ [ -58.776057, -38.155288, 137.086517 ] ] } },
{ "type": "Feature", "properties": { "id": 1322, "tipo": "led", "Potencia": null, "Columna": null }, "geometry": { "type": "MultiPoint", "coordinates": [ [ -58.776286, -38.155121, 137.086517 ] ] } },
{ "type": "Feature", "properties": { "id": 1323, "tipo": "led", "Potencia": null, "Columna": null }, "geometry": { "type": "MultiPoint", "coordinates": [ [ -58.776529, -38.154931, 137.086517 ] ] } },
{ "type": "Feature", "properties": { "id": 1324, "tipo": "led", "Potencia": null, "Columna": null }, "geometry": { "type": "MultiPoint", "coordinates": [ [ -58.776761, -38.154758, 137.086517 ] ] } },
{ "type": "Feature", "properties": { "id": 1325, "tipo": "led", "Potencia": null, "Columna": null }, "geometry": { "type": "MultiPoint", "coordinates": [ [ -58.776989, -38.154586, 137.086517 ] ] } },
{ "type": "Feature", "properties": { "id": 1326, "tipo": "led", "Potencia": null, "Columna": null }, "geometry": { "type": "MultiPoint", "coordinates": [ [ -58.777227, -38.154403, 137.086517 ] ] } },
{ "type": "Feature", "properties": { "id": 1327, "tipo": "led", "Potencia": null, "Columna": null }, "geometry": { "type": "MultiPoint", "coordinates": [ [ -58.777481, -38.154212, 137.077194 ] ] } },
{ "type": "Feature", "properties": { "id": 1328, "tipo": "led", "Potencia": null, "Columna": null }, "geometry": { "type": "MultiPoint", "coordinates": [ [ -58.777729, -38.154033, 137.077194 ] ] } },
{ "type": "Feature", "properties": { "id": 1329, "tipo": "led", "Potencia": null, "Columna": null }, "geometry": { "type": "MultiPoint", "coordinates": [ [ -58.777978, -38.153852, 137.077194 ] ] } },
{ "type": "Feature", "properties": { "id": 1330, "tipo": "led", "Potencia": null, "Columna": null }, "geometry": { "type": "MultiPoint", "coordinates": [ [ -58.778193, -38.153684, 137.077194 ] ] } },
{ "type": "Feature", "properties": { "id": 1331, "tipo": "led", "Potencia": null, "Columna": null }, "geometry": { "type": "MultiPoint", "coordinates": [ [ -58.778435, -38.153502, 137.077194 ] ] } },
{ "type": "Feature", "properties": { "id": 1332, "tipo": "led", "Potencia": null, "Columna": null }, "geometry": { "type": "MultiPoint", "coordinates": [ [ -58.778685, -38.153308, 137.077194 ] ] } },
{ "type": "Feature", "properties": { "id": 1333, "tipo": "led", "Potencia": null, "Columna": null }, "geometry": { "type": "MultiPoint", "coordinates": [ [ -58.778892, -38.153152, 137.077194 ] ] } },
{ "type": "Feature", "properties": { "id": 1334, "tipo": "led", "Potencia": null, "Columna": null }, "geometry": { "type": "MultiPoint", "coordinates": [ [ -58.779146, -38.15298, 137.077194 ] ] } },
{ "type": "Feature", "properties": { "id": 1335, "tipo": null, "Potencia": null, "Columna": null }, "geometry": { "type": "MultiPoint", "coordinates": [ [ -58.779827, -38.152458, 137.077194 ] ] } },
{ "type": "Feature", "properties": { "id": 1336, "tipo": null, "Potencia": null, "Columna": null }, "geometry": { "type": "MultiPoint", "coordinates": [ [ -58.780337, -38.152079, 137.077194 ] ] } },
{ "type": "Feature", "properties": { "id": 1337, "tipo": null, "Potencia": null, "Columna": null }, "geometry": { "type": "MultiPoint", "coordinates": [ [ -58.781274, -38.15136, 137.077194 ] ] } },
{ "type": "Feature", "properties": { "id": 1338, "tipo": null, "Potencia": null, "Columna": null }, "geometry": { "type": "MultiPoint", "coordinates": [ [ -58.782001, -38.150791, 137.077194 ] ] } },
{ "type": "Feature", "properties": { "id": 1339, "tipo": null, "Potencia": null, "Columna": null }, "geometry": { "type": "MultiPoint", "coordinates": [ [ -58.782389, -38.150509, 137.077194 ] ] } },
{ "type": "Feature", "properties": { "id": 1340, "tipo": null, "Potencia": null, "Columna": null }, "geometry": { "type": "MultiPoint", "coordinates": [ [ -58.782761, -38.150224, 137.077194 ] ] } },
{ "type": "Feature", "properties": { "id": 1341, "tipo": null, "Potencia": null, "Columna": null }, "geometry": { "type": "MultiPoint", "coordinates": [ [ -58.783144, -38.149939, 137.077194 ] ] } },
{ "type": "Feature", "properties": { "id": 1342, "tipo": null, "Potencia": null, "Columna": null }, "geometry": { "type": "MultiPoint", "coordinates": [ [ -58.783505, -38.149663, 137.077194 ] ] } },
{ "type": "Feature", "properties": { "id": 1343, "tipo": null, "Potencia": null, "Columna": null }, "geometry": { "type": "MultiPoint", "coordinates": [ [ -58.783917, -38.149342, 137.077194 ] ] } },
{ "type": "Feature", "properties": { "id": 1344, "tipo": null, "Potencia": null, "Columna": null }, "geometry": { "type": "MultiPoint", "coordinates": [ [ -58.784086, -38.149266, 137.077194 ] ] } },
{ "type": "Feature", "properties": { "id": 1345, "tipo": null, "Potencia": null, "Columna": null }, "geometry": { "type": "MultiPoint", "coordinates": [ [ -58.784482, -38.149631, 137.077194 ] ] } },
{ "type": "Feature", "properties": { "id": 1346, "tipo": null, "Potencia": null, "Columna": null }, "geometry": { "type": "MultiPoint", "coordinates": [ [ -58.784669, -38.150476, 137.077194 ] ] } },
{ "type": "Feature", "properties": { "id": 1347, "tipo": null, "Potencia": null, "Columna": null }, "geometry": { "type": "MultiPoint", "coordinates": [ [ -58.784442, -38.15065, 137.077194 ] ] } },
{ "type": "Feature", "properties": { "id": 1348, "tipo": null, "Potencia": null, "Columna": null }, "geometry": { "type": "MultiPoint", "coordinates": [ [ -58.78422, -38.150814, 137.077194 ] ] } },
{ "type": "Feature", "properties": { "id": 1349, "tipo": null, "Potencia": null, "Columna": null }, "geometry": { "type": "MultiPoint", "coordinates": [ [ -58.783836, -38.151114, 134.613892 ] ] } },
{ "type": "Feature", "properties": { "id": 1350, "tipo": null, "Potencia": null, "Columna": null }, "geometry": { "type": "MultiPoint", "coordinates": [ [ -58.783581, -38.151162, 135.369675 ] ] } },
{ "type": "Feature", "properties": { "id": 1351, "tipo": null, "Potencia": null, "Columna": null }, "geometry": { "type": "MultiPoint", "coordinates": [ [ -58.783318, -38.1515, 135.080429 ] ] } },
{ "type": "Feature", "properties": { "id": 1352, "tipo": null, "Potencia": null, "Columna": null }, "geometry": { "type": "MultiPoint", "coordinates": [ [ -58.783126, -38.151677, 135.005783 ] ] } },
{ "type": "Feature", "properties": { "id": 1353, "tipo": null, "Potencia": null, "Columna": null }, "geometry": { "type": "MultiPoint", "coordinates": [ [ -58.782711, -38.151972, 134.781845 ] ] } },
{ "type": "Feature", "properties": { "id": 1354, "tipo": null, "Potencia": null, "Columna": null }, "geometry": { "type": "MultiPoint", "coordinates": [ [ -58.782295, -38.15231, 135.472321 ] ] } },
{ "type": "Feature", "properties": { "id": 1355, "tipo": null, "Potencia": null, "Columna": null }, "geometry": { "type": "MultiPoint", "coordinates": [ [ -58.781638, -38.152608, 135.005783 ] ] } },
{ "type": "Feature", "properties": { "id": 1356, "tipo": null, "Potencia": null, "Columna": null }, "geometry": { "type": "MultiPoint", "coordinates": [ [ -58.781032, -38.153109, 134.819168 ] ] } },
{ "type": "Feature", "properties": { "id": 1357, "tipo": null, "Potencia": null, "Columna": null }, "geometry": { "type": "MultiPoint", "coordinates": [ [ -58.7808, -38.153277, 133.764801 ] ] } },
{ "type": "Feature", "properties": { "id": 1358, "tipo": null, "Potencia": null, "Columna": null }, "geometry": { "type": "MultiPoint", "coordinates": [ [ -58.780599, -38.153432, 136.134796 ] ] } },
{ "type": "Feature", "properties": { "id": 1359, "tipo": null, "Potencia": null, "Columna": null }, "geometry": { "type": "MultiPoint", "coordinates": [ [ -58.780547, -38.153447, 137.534393 ] ] } },
{ "type": "Feature", "properties": { "id": 1360, "tipo": null, "Potencia": null, "Columna": null }, "geometry": { "type": "MultiPoint", "coordinates": [ [ -58.780374, -38.153584, 139.101959 ] ] } },
{ "type": "Feature", "properties": { "id": 1361, "tipo": null, "Potencia": null, "Columna": null }, "geometry": { "type": "MultiPoint", "coordinates": [ [ -58.779776, -38.154047, 135.724243 ] ] } },
{ "type": "Feature", "properties": { "id": 1362, "tipo": null, "Potencia": null, "Columna": null }, "geometry": { "type": "MultiPoint", "coordinates": [ [ -58.779195, -38.154495, 134.166016 ] ] } },
{ "type": "Feature", "properties": { "id": 1363, "tipo": null, "Potencia": null, "Columna": null }, "geometry": { "type": "MultiPoint", "coordinates": [ [ -58.778424, -38.155135, 135.052429 ] ] } },
{ "type": "Feature", "properties": { "id": 1364, "tipo": null, "Potencia": null, "Columna": null }, "geometry": { "type": "MultiPoint", "coordinates": [ [ -58.778059, -38.155497, 133.802124 ] ] } },
{ "type": "Feature", "properties": { "id": 1365, "tipo": null, "Potencia": null, "Columna": null }, "geometry": { "type": "MultiPoint", "coordinates": [ [ -58.777436, -38.155986, 132.617126 ] ] } },
{ "type": "Feature", "properties": { "id": 1366, "tipo": null, "Potencia": null, "Columna": null }, "geometry": { "type": "MultiPoint", "coordinates": [ [ -58.776959, -38.156362, 134.026062 ] ] } },
{ "type": "Feature", "properties": { "id": 1367, "tipo": null, "Potencia": 150, "Columna": "alta" }, "geometry": { "type": "MultiPoint", "coordinates": [ [ -58.776373, -38.156687, 133.643494 ] ] } },
{ "type": "Feature", "properties": { "id": 1368, "tipo": null, "Potencia": 150, "Columna": "alta" }, "geometry": { "type": "MultiPoint", "coordinates": [ [ -58.776187, -38.15691, 133.84877 ] ] } },
{ "type": "Feature", "properties": { "id": 1369, "tipo": null, "Potencia": 150, "Columna": "alta" }, "geometry": { "type": "MultiPoint", "coordinates": [ [ -58.775889, -38.157041, 133.578186 ] ] } },
{ "type": "Feature", "properties": { "id": 1370, "tipo": null, "Potencia": 150, "Columna": "alta" }, "geometry": { "type": "MultiPoint", "coordinates": [ [ -58.775717, -38.157268, 133.578186 ] ] } },
{ "type": "Feature", "properties": { "id": 1371, "tipo": null, "Potencia": null, "Columna": null }, "geometry": { "type": "MultiPoint", "coordinates": [ [ -58.776143, -38.156201, 133.578186 ] ] } },
{ "type": "Feature", "properties": { "id": 1372, "tipo": null, "Potencia": 120, "Columna": "baja" }, "geometry": { "type": "MultiPoint", "coordinates": [ [ -58.776606, -38.156622, 133.578186 ] ] } },
{ "type": "Feature", "properties": { "id": 1373, "tipo": null, "Potencia": 120, "Columna": "baja" }, "geometry": { "type": "MultiPoint", "coordinates": [ [ -58.776855, -38.156823, 133.578186 ] ] } },
{ "type": "Feature", "properties": { "id": 1374, "tipo": null, "Potencia": 120, "Columna": "baja" }, "geometry": { "type": "MultiPoint", "coordinates": [ [ -58.777066, -38.156984, 133.578186 ] ] } },
{ "type": "Feature", "properties": { "id": 1375, "tipo": null, "Potencia": 120, "Columna": "baja" }, "geometry": { "type": "MultiPoint", "coordinates": [ [ -58.777283, -38.157174, 133.578186 ] ] } },
{ "type": "Feature", "properties": { "id": 1376, "tipo": null, "Potencia": 120, "Columna": "baja" }, "geometry": { "type": "MultiPoint", "coordinates": [ [ -58.777499, -38.157344, 133.578186 ] ] } },
{ "type": "Feature", "properties": { "id": 1377, "tipo": null, "Potencia": 150, "Columna": "alta" }, "geometry": { "type": "MultiPoint", "coordinates": [ [ -58.777647, -38.157572, 133.578186 ] ] } },
{ "type": "Feature", "properties": { "id": 1378, "tipo": null, "Potencia": 150, "Columna": "alta" }, "geometry": { "type": "MultiPoint", "coordinates": [ [ -58.777889, -38.157687, 133.578186 ] ] } },
{ "type": "Feature", "properties": { "id": 1379, "tipo": null, "Potencia": 150, "Columna": "alta" }, "geometry": { "type": "MultiPoint", "coordinates": [ [ -58.778064, -38.157918, 132.859726 ] ] } },
{ "type": "Feature", "properties": { "id": 1380, "tipo": null, "Potencia": 150, "Columna": "alta" }, "geometry": { "type": "MultiPoint", "coordinates": [ [ -58.778346, -38.158032, 134.529907 ] ] } },
{ "type": "Feature", "properties": { "id": 1381, "tipo": null, "Potencia": 150, "Columna": "alta" }, "geometry": { "type": "MultiPoint", "coordinates": [ [ -58.778499, -38.158279, 133.923416 ] ] } },
{ "type": "Feature", "properties": { "id": 1382, "tipo": null, "Potencia": 150, "Columna": "alta" }, "geometry": { "type": "MultiPoint", "coordinates": [ [ -58.778741, -38.158475, 133.615509 ] ] } },
{ "type": "Feature", "properties": { "id": 1383, "tipo": null, "Potencia": 150, "Columna": "alta" }, "geometry": { "type": "MultiPoint", "coordinates": [ [ -58.779051, -38.158607, 135.052429 ] ] } },
{ "type": "Feature", "properties": { "id": 1384, "tipo": null, "Potencia": 150, "Columna": "alta" }, "geometry": { "type": "MultiPoint", "coordinates": [ [ -58.779292, -38.158896, 135.92952 ] ] } },
{ "type": "Feature", "properties": { "id": 1385, "tipo": null, "Potencia": 150, "Columna": "alta" }, "geometry": { "type": "MultiPoint", "coordinates": [ [ -58.779615, -38.159068, 134.343307 ] ] } },
{ "type": "Feature", "properties": { "id": 1386, "tipo": null, "Potencia": 150, "Columna": "alta" }, "geometry": { "type": "MultiPoint", "coordinates": [ [ -58.779792, -38.159315, 135.155075 ] ] } },
{ "type": "Feature", "properties": { "id": 1387, "tipo": null, "Potencia": 150, "Columna": "alta" }, "geometry": { "type": "MultiPoint", "coordinates": [ [ -58.780119, -38.159466, 136.797272 ] ] } },
{ "type": "Feature", "properties": { "id": 1388, "tipo": null, "Potencia": 150, "Columna": "alta" }, "geometry": { "type": "MultiPoint", "coordinates": [ [ -58.780289, -38.159711, 135.789551 ] ] } },
{ "type": "Feature", "properties": { "id": 1389, "tipo": null, "Potencia": 150, "Columna": "alta" }, "geometry": { "type": "MultiPoint", "coordinates": [ [ -58.780698, -38.159966, 134.875153 ] ] } },
{ "type": "Feature", "properties": { "id": 1390, "tipo": "led", "Potencia": null, "Columna": null }, "geometry": { "type": "MultiPoint", "coordinates": [ [ -58.780851, -38.160185, 135.798889 ] ] } },
{ "type": "Feature", "properties": { "id": 1391, "tipo": "led", "Potencia": null, "Columna": null }, "geometry": { "type": "MultiPoint", "coordinates": [ [ -58.781195, -38.160355, 135.351013 ] ] } },
{ "type": "Feature", "properties": { "id": 1392, "tipo": "led", "Potencia": null, "Columna": null }, "geometry": { "type": "MultiPoint", "coordinates": [ [ -58.781457, -38.16065, 133.942078 ] ] } },
{ "type": "Feature", "properties": { "id": 1393, "tipo": "led", "Potencia": null, "Columna": null }, "geometry": { "type": "MultiPoint", "coordinates": [ [ -58.781746, -38.160811, 135.528305 ] ] } },
{ "type": "Feature", "properties": { "id": 1394, "tipo": "led", "Potencia": null, "Columna": null }, "geometry": { "type": "MultiPoint", "coordinates": [ [ -58.781917, -38.161036, 135.528305 ] ] } },
{ "type": "Feature", "properties": { "id": 1395, "tipo": "led", "Potencia": null, "Columna": null }, "geometry": { "type": "MultiPoint", "coordinates": [ [ -58.782204, -38.161173, 136.452042 ] ] } },
{ "type": "Feature", "properties": { "id": 1396, "tipo": "led", "Potencia": null, "Columna": null }, "geometry": { "type": "MultiPoint", "coordinates": [ [ -58.782347, -38.161403, 135.920181 ] ] } },
{ "type": "Feature", "properties": { "id": 1397, "tipo": "led", "Potencia": null, "Columna": null }, "geometry": { "type": "MultiPoint", "coordinates": [ [ -58.782651, -38.161554, 134.763184 ] ] } },
{ "type": "Feature", "properties": { "id": 1398, "tipo": "led", "Potencia": null, "Columna": null }, "geometry": { "type": "MultiPoint", "coordinates": [ [ -58.782778, -38.161764, 135.145737 ] ] } },
{ "type": "Feature", "properties": { "id": 1399, "tipo": "led", "Potencia": null, "Columna": null }, "geometry": { "type": "MultiPoint", "coordinates": [ [ -58.783085, -38.161861, 135.21106 ] ] } },
{ "type": "Feature", "properties": { "id": 1400, "tipo": "led", "Potencia": null, "Columna": null }, "geometry": { "type": "MultiPoint", "coordinates": [ [ -58.783225, -38.162068, 135.630936 ] ] } },
{ "type": "Feature", "properties": { "id": 1401, "tipo": "led", "Potencia": null, "Columna": null }, "geometry": { "type": "MultiPoint", "coordinates": [ [ -58.783513, -38.162179, 135.416336 ] ] } },
{ "type": "Feature", "properties": { "id": 1402, "tipo": "led", "Potencia": null, "Columna": null }, "geometry": { "type": "MultiPoint", "coordinates": [ [ -58.783658, -38.162418, 137.273132 ] ] } },
{ "type": "Feature", "properties": { "id": 1403, "tipo": "led", "Potencia": null, "Columna": null }, "geometry": { "type": "MultiPoint", "coordinates": [ [ -58.78389, -38.162486, 137.273132 ] ] } },
{ "type": "Feature", "properties": { "id": 1404, "tipo": "led", "Potencia": null, "Columna": null }, "geometry": { "type": "MultiPoint", "coordinates": [ [ -58.777863, -38.159132, 136.946564 ] ] } },
{ "type": "Feature", "properties": { "id": 1405, "tipo": "led", "Potencia": null, "Columna": null }, "geometry": { "type": "MultiPoint", "coordinates": [ [ -58.778748, -38.159861, 136.881241 ] ] } },
{ "type": "Feature", "properties": { "id": 1406, "tipo": "led", "Potencia": null, "Columna": null }, "geometry": { "type": "MultiPoint", "coordinates": [ [ -58.780895, -38.161622, 136.843933 ] ] } },
{ "type": "Feature", "properties": { "id": 1407, "tipo": "led", "Potencia": null, "Columna": null }, "geometry": { "type": "MultiPoint", "coordinates": [ [ -58.784722, -38.161652, 66.546494 ] ] } },
{ "type": "Feature", "properties": { "id": 1408, "tipo": "led", "Potencia": null, "Columna": null }, "geometry": { "type": "MultiPoint", "coordinates": [ [ -58.784449, -38.161514, 66.546494 ] ] } },
{ "type": "Feature", "properties": { "id": 1409, "tipo": "led", "Potencia": null, "Columna": null }, "geometry": { "type": "MultiPoint", "coordinates": [ [ -58.784345, -38.161381, 66.546494 ] ] } },
{ "type": "Feature", "properties": { "id": 1410, "tipo": "led", "Potencia": null, "Columna": null }, "geometry": { "type": "MultiPoint", "coordinates": [ [ -58.78414, -38.161359, 66.546494 ] ] } },
{ "type": "Feature", "properties": { "id": 1411, "tipo": "led", "Potencia": null, "Columna": null }, "geometry": { "type": "MultiPoint", "coordinates": [ [ -58.784008, -38.161177, 66.546494 ] ] } },
{ "type": "Feature", "properties": { "id": 1412, "tipo": "led", "Potencia": null, "Columna": null }, "geometry": { "type": "MultiPoint", "coordinates": [ [ -58.783745, -38.161054, 66.546494 ] ] } },
{ "type": "Feature", "properties": { "id": 1413, "tipo": "led", "Potencia": null, "Columna": null }, "geometry": { "type": "MultiPoint", "coordinates": [ [ -58.783536, -38.160766, 66.546494 ] ] } },
{ "type": "Feature", "properties": { "id": 1414, "tipo": "led", "Potencia": null, "Columna": null }, "geometry": { "type": "MultiPoint", "coordinates": [ [ -58.7832, -38.160615, 66.546494 ] ] } },
{ "type": "Feature", "properties": { "id": 1415, "tipo": "led", "Potencia": null, "Columna": null }, "geometry": { "type": "MultiPoint", "coordinates": [ [ -58.782984, -38.160331, 66.546494 ] ] } },
{ "type": "Feature", "properties": { "id": 1416, "tipo": "led", "Potencia": null, "Columna": null }, "geometry": { "type": "MultiPoint", "coordinates": [ [ -58.782606, -38.160117, 66.546494 ] ] } },
{ "type": "Feature", "properties": { "id": 1417, "tipo": "led", "Potencia": null, "Columna": null }, "geometry": { "type": "MultiPoint", "coordinates": [ [ -58.782425, -38.159873, 66.546494 ] ] } },
{ "type": "Feature", "properties": { "id": 1418, "tipo": "led", "Potencia": null, "Columna": null }, "geometry": { "type": "MultiPoint", "coordinates": [ [ -58.782098, -38.159721, 66.546494 ] ] } },
{ "type": "Feature", "properties": { "id": 1419, "tipo": "led", "Potencia": null, "Columna": null }, "geometry": { "type": "MultiPoint", "coordinates": [ [ -58.781929, -38.159463, 65.081573 ] ] } },
{ "type": "Feature", "properties": { "id": 1420, "tipo": null, "Potencia": null, "Columna": null }, "geometry": { "type": "MultiPoint", "coordinates": [ [ -58.781526, -38.159243, 64.503075 ] ] } },
{ "type": "Feature", "properties": { "id": 1421, "tipo": null, "Potencia": null, "Columna": null }, "geometry": { "type": "MultiPoint", "coordinates": [ [ -58.781331, -38.158993, 63.336735 ] ] } },
{ "type": "Feature", "properties": { "id": 1422, "tipo": null, "Potencia": null, "Columna": null }, "geometry": { "type": "MultiPoint", "coordinates": [ [ -58.781035, -38.15885, 63.859253 ] ] } },
{ "type": "Feature", "properties": { "id": 1423, "tipo": null, "Potencia": null, "Columna": null }, "geometry": { "type": "MultiPoint", "coordinates": [ [ -58.780845, -38.158581, 63.551342 ] ] } },
{ "type": "Feature", "properties": { "id": 1424, "tipo": null, "Potencia": null, "Columna": null }, "geometry": { "type": "MultiPoint", "coordinates": [ [ -58.780613, -38.158386, 63.551342 ] ] } },
{ "type": "Feature", "properties": { "id": 1425, "tipo": null, "Potencia": null, "Columna": null }, "geometry": { "type": "MultiPoint", "coordinates": [ [ -58.78028, -38.158213, 63.551342 ] ] } },
{ "type": "Feature", "properties": { "id": 1426, "tipo": null, "Potencia": null, "Columna": null }, "geometry": { "type": "MultiPoint", "coordinates": [ [ -58.780071, -38.157949, 63.551342 ] ] } },
{ "type": "Feature", "properties": { "id": 1427, "tipo": null, "Potencia": null, "Columna": null }, "geometry": { "type": "MultiPoint", "coordinates": [ [ -58.779703, -38.15776, 62.916855 ] ] } },
{ "type": "Feature", "properties": { "id": 1428, "tipo": null, "Potencia": null, "Columna": null }, "geometry": { "type": "MultiPoint", "coordinates": [ [ -58.779266, -38.157414, 62.991501 ] ] } },
{ "type": "Feature", "properties": { "id": 1429, "tipo": null, "Potencia": null, "Columna": null }, "geometry": { "type": "MultiPoint", "coordinates": [ [ -58.779086, -38.157105, 63.038155 ] ] } },
{ "type": "Feature", "properties": { "id": 1430, "tipo": null, "Potencia": null, "Columna": null }, "geometry": { "type": "MultiPoint", "coordinates": [ [ -58.778667, -38.156938, 62.692917 ] ] } },
{ "type": "Feature", "properties": { "id": 1431, "tipo": null, "Potencia": null, "Columna": null }, "geometry": { "type": "MultiPoint", "coordinates": [ [ -58.778109, -38.156313, 62.226383 ] ] } },
{ "type": "Feature", "properties": { "id": 1432, "tipo": null, "Potencia": null, "Columna": null }, "geometry": { "type": "MultiPoint", "coordinates": [ [ -58.777842, -38.15462, 62.403667 ] ] } },
{ "type": "Feature", "properties": { "id": 1433, "tipo": null, "Potencia": null, "Columna": null }, "geometry": { "type": "MultiPoint", "coordinates": [ [ -58.778568, -38.155234, 62.403667 ] ] } },
{ "type": "Feature", "properties": { "id": 1434, "tipo": null, "Potencia": null, "Columna": null }, "geometry": { "type": "MultiPoint", "coordinates": [ [ -58.778905, -38.155642, 62.403667 ] ] } },
{ "type": "Feature", "properties": { "id": 1435, "tipo": null, "Potencia": null, "Columna": null }, "geometry": { "type": "MultiPoint", "coordinates": [ [ -58.779379, -38.155882, 62.403667 ] ] } },
{ "type": "Feature", "properties": { "id": 1436, "tipo": null, "Potencia": null, "Columna": null }, "geometry": { "type": "MultiPoint", "coordinates": [ [ -58.779438, -38.156009, 62.403667 ] ] } },
{ "type": "Feature", "properties": { "id": 1437, "tipo": "led", "Potencia": null, "Columna": null }, "geometry": { "type": "MultiPoint", "coordinates": [ [ -58.77959, -38.155973, 62.403667 ] ] } },
{ "type": "Feature", "properties": { "id": 1438, "tipo": "led", "Potencia": null, "Columna": null }, "geometry": { "type": "MultiPoint", "coordinates": [ [ -58.779793, -38.155818, 62.403667 ] ] } },
{ "type": "Feature", "properties": { "id": 1439, "tipo": "led", "Potencia": null, "Columna": null }, "geometry": { "type": "MultiPoint", "coordinates": [ [ -58.780053, -38.155615, 62.403667 ] ] } },
{ "type": "Feature", "properties": { "id": 1440, "tipo": "led", "Potencia": null, "Columna": null }, "geometry": { "type": "MultiPoint", "coordinates": [ [ -58.780332, -38.155399, 62.403667 ] ] } },
{ "type": "Feature", "properties": { "id": 1441, "tipo": "led", "Potencia": null, "Columna": null }, "geometry": { "type": "MultiPoint", "coordinates": [ [ -58.78039, -38.155295, 62.403667 ] ] } },
{ "type": "Feature", "properties": { "id": 1442, "tipo": "led", "Potencia": null, "Columna": null }, "geometry": { "type": "MultiPoint", "coordinates": [ [ -58.780538, -38.155241, 62.403667 ] ] } },
{ "type": "Feature", "properties": { "id": 1443, "tipo": "led", "Potencia": null, "Columna": null }, "geometry": { "type": "MultiPoint", "coordinates": [ [ -58.78077, -38.155069, 62.403667 ] ] } },
{ "type": "Feature", "properties": { "id": 1444, "tipo": "led", "Potencia": null, "Columna": null }, "geometry": { "type": "MultiPoint", "coordinates": [ [ -58.780987, -38.154907, 62.403667 ] ] } },
{ "type": "Feature", "properties": { "id": 1445, "tipo": "led", "Potencia": null, "Columna": null }, "geometry": { "type": "MultiPoint", "coordinates": [ [ -58.781283, -38.154681, 62.403667 ] ] } },
{ "type": "Feature", "properties": { "id": 1446, "tipo": "led", "Potencia": null, "Columna": null }, "geometry": { "type": "MultiPoint", "coordinates": [ [ -58.781513, -38.154504, 62.403667 ] ] } },
{ "type": "Feature", "properties": { "id": 1447, "tipo": "led", "Potencia": null, "Columna": null }, "geometry": { "type": "MultiPoint", "coordinates": [ [ -58.781736, -38.154337, 62.403667 ] ] } },
{ "type": "Feature", "properties": { "id": 1448, "tipo": "led", "Potencia": null, "Columna": null }, "geometry": { "type": "MultiPoint", "coordinates": [ [ -58.781959, -38.154167, 62.403667 ] ] } },
{ "type": "Feature", "properties": { "id": 1449, "tipo": "led", "Potencia": null, "Columna": null }, "geometry": { "type": "MultiPoint", "coordinates": [ [ -58.78219, -38.153987, 62.403667 ] ] } },
{ "type": "Feature", "properties": { "id": 1450, "tipo": "led", "Potencia": null, "Columna": null }, "geometry": { "type": "MultiPoint", "coordinates": [ [ -58.782448, -38.153789, 62.403667 ] ] } },
{ "type": "Feature", "properties": { "id": 1451, "tipo": "led", "Potencia": null, "Columna": null }, "geometry": { "type": "MultiPoint", "coordinates": [ [ -58.782656, -38.153625, 62.394337 ] ] } },
{ "type": "Feature", "properties": { "id": 1452, "tipo": "led", "Potencia": null, "Columna": null }, "geometry": { "type": "MultiPoint", "coordinates": [ [ -58.782898, -38.153442, 62.403667 ] ] } },
{ "type": "Feature", "properties": { "id": 1453, "tipo": "led", "Potencia": null, "Columna": null }, "geometry": { "type": "MultiPoint", "coordinates": [ [ -58.783138, -38.15326, 62.403667 ] ] } },
{ "type": "Feature", "properties": { "id": 1454, "tipo": null, "Potencia": null, "Columna": null }, "geometry": { "type": "MultiPoint", "coordinates": [ [ -58.783867, -38.152748, 62.403667 ] ] } },
{ "type": "Feature", "properties": { "id": 1455, "tipo": null, "Potencia": null, "Columna": null }, "geometry": { "type": "MultiPoint", "coordinates": [ [ -58.784157, -38.152533, 62.403667 ] ] } },
{ "type": "Feature", "properties": { "id": 1456, "tipo": null, "Potencia": null, "Columna": null }, "geometry": { "type": "MultiPoint", "coordinates": [ [ -58.784694, -38.152103, 62.403667 ] ] } },
{ "type": "Feature", "properties": { "id": 1457, "tipo": null, "Potencia": null, "Columna": null }, "geometry": { "type": "MultiPoint", "coordinates": [ [ -58.785249, -38.151701, 62.403667 ] ] } },
{ "type": "Feature", "properties": { "id": 1458, "tipo": null, "Potencia": null, "Columna": null }, "geometry": { "type": "MultiPoint", "coordinates": [ [ -58.785693, -38.151365, 62.403667 ] ] } },
{ "type": "Feature", "properties": { "id": 1459, "tipo": null, "Potencia": null, "Columna": null }, "geometry": { "type": "MultiPoint", "coordinates": [ [ -58.786017, -38.151088, 62.403667 ] ] } },
{ "type": "Feature", "properties": { "id": 1464, "tipo": null, "Potencia": null, "Columna": null }, "geometry": { "type": "MultiPoint", "coordinates": [ [ -58.787426, -38.153434, 62.021107 ] ] } },
{ "type": "Feature", "properties": { "id": 1465, "tipo": null, "Potencia": null, "Columna": null }, "geometry": { "type": "MultiPoint", "coordinates": [ [ -58.786971, -38.153777, 60.481544 ] ] } },
{ "type": "Feature", "properties": { "id": 1466, "tipo": null, "Potencia": null, "Columna": null }, "geometry": { "type": "MultiPoint", "coordinates": [ [ -58.785887, -38.153742, 59.651112 ] ] } },
{ "type": "Feature", "properties": { "id": 1467, "tipo": null, "Potencia": null, "Columna": null }, "geometry": { "type": "MultiPoint", "coordinates": [ [ -58.784545, -38.153774, 59.613789 ] ] } },
{ "type": "Feature", "properties": { "id": 1468, "tipo": null, "Potencia": null, "Columna": null }, "geometry": { "type": "MultiPoint", "coordinates": [ [ -58.784158, -38.154093, 59.231232 ] ] } },
{ "type": "Feature", "properties": { "id": 1469, "tipo": null, "Potencia": null, "Columna": null }, "geometry": { "type": "MultiPoint", "coordinates": [ [ -58.784138, -38.154076, 57.775642 ] ] } },
{ "type": "Feature", "properties": { "id": 1470, "tipo": null, "Potencia": null, "Columna": null }, "geometry": { "type": "MultiPoint", "coordinates": [ [ -58.783936, -38.154263, 60.733471 ] ] } },
{ "type": "Feature", "properties": { "id": 1471, "tipo": null, "Potencia": null, "Columna": null }, "geometry": { "type": "MultiPoint", "coordinates": [ [ -58.783884, -38.154416, 60.518867 ] ] } },
{ "type": "Feature", "properties": { "id": 1472, "tipo": null, "Potencia": null, "Columna": null }, "geometry": { "type": "MultiPoint", "coordinates": [ [ -58.783666, -38.154466, 58.867336 ] ] } },
{ "type": "Feature", "properties": { "id": 1473, "tipo": null, "Potencia": null, "Columna": null }, "geometry": { "type": "MultiPoint", "coordinates": [ [ -58.783423, -38.154645, 58.79269 ] ] } },
{ "type": "Feature", "properties": { "id": 1474, "tipo": null, "Potencia": 120, "Columna": "baja" }, "geometry": { "type": "MultiPoint", "coordinates": [ [ -58.783218, -38.154772, 58.79269 ] ] } },
{ "type": "Feature", "properties": { "id": 1475, "tipo": null, "Potencia": 120, "Columna": "baja" }, "geometry": { "type": "MultiPoint", "coordinates": [ [ -58.783209, -38.154795, 58.79269 ] ] } },
{ "type": "Feature", "properties": { "id": 1476, "tipo": null, "Potencia": 120, "Columna": "baja" }, "geometry": { "type": "MultiPoint", "coordinates": [ [ -58.782942, -38.155012, 58.802021 ] ] } },
{ "type": "Feature", "properties": { "id": 1477, "tipo": null, "Potencia": 120, "Columna": "baja" }, "geometry": { "type": "MultiPoint", "coordinates": [ [ -58.782719, -38.15519, 58.802021 ] ] } },
{ "type": "Feature", "properties": { "id": 1478, "tipo": null, "Potencia": 120, "Columna": "baja" }, "geometry": { "type": "MultiPoint", "coordinates": [ [ -58.782698, -38.155179, 58.802021 ] ] } },
{ "type": "Feature", "properties": { "id": 1479, "tipo": null, "Potencia": 120, "Columna": "baja" }, "geometry": { "type": "MultiPoint", "coordinates": [ [ -58.782528, -38.155291, 58.802021 ] ] } },
{ "type": "Feature", "properties": { "id": 1480, "tipo": "led 14va", "Potencia": 120, "Columna": "baja" }, "geometry": { "type": "MultiPoint", "coordinates": [ [ -58.782273, -38.155509, 58.802021 ] ] } },
{ "type": "Feature", "properties": { "id": 1481, "tipo": "led 14va", "Potencia": 120, "Columna": "baja" }, "geometry": { "type": "MultiPoint", "coordinates": [ [ -58.782058, -38.155667, 58.802021 ] ] } },
{ "type": "Feature", "properties": { "id": 1482, "tipo": "led 14va", "Potencia": 120, "Columna": "baja" }, "geometry": { "type": "MultiPoint", "coordinates": [ [ -58.781853, -38.155824, 58.802021 ] ] } },
{ "type": "Feature", "properties": { "id": 1483, "tipo": "led 14va", "Potencia": 120, "Columna": "baja" }, "geometry": { "type": "MultiPoint", "coordinates": [ [ -58.781609, -38.156013, 58.802021 ] ] } },
{ "type": "Feature", "properties": { "id": 1484, "tipo": null, "Potencia": 120, "Columna": "baja" }, "geometry": { "type": "MultiPoint", "coordinates": [ [ -58.781332, -38.156225, 58.802021 ] ] } },
{ "type": "Feature", "properties": { "id": 1485, "tipo": null, "Potencia": 120, "Columna": "baja" }, "geometry": { "type": "MultiPoint", "coordinates": [ [ -58.781112, -38.156371, 58.802021 ] ] } },
{ "type": "Feature", "properties": { "id": 1486, "tipo": null, "Potencia": 120, "Columna": "baja" }, "geometry": { "type": "MultiPoint", "coordinates": [ [ -58.780896, -38.156562, 58.802021 ] ] } },
{ "type": "Feature", "properties": { "id": 1487, "tipo": null, "Potencia": 120, "Columna": "baja" }, "geometry": { "type": "MultiPoint", "coordinates": [ [ -58.780662, -38.156737, 58.802021 ] ] } },
{ "type": "Feature", "properties": { "id": 1488, "tipo": null, "Potencia": 120, "Columna": "baja" }, "geometry": { "type": "MultiPoint", "coordinates": [ [ -58.780412, -38.156932, 58.802021 ] ] } },
{ "type": "Feature", "properties": { "id": 1489, "tipo": null, "Potencia": 120, "Columna": "baja" }, "geometry": { "type": "MultiPoint", "coordinates": [ [ -58.780197, -38.1571, 58.802021 ] ] } },
{ "type": "Feature", "properties": { "id": 1490, "tipo": null, "Potencia": 120, "Columna": "baja" }, "geometry": { "type": "MultiPoint", "coordinates": [ [ -58.779945, -38.157286, 58.802021 ] ] } },
{ "type": "Feature", "properties": { "id": 1491, "tipo": null, "Potencia": 120, "Columna": "baja" }, "geometry": { "type": "MultiPoint", "coordinates": [ [ -58.779711, -38.15746, 58.802021 ] ] } },
{ "type": "Feature", "properties": { "id": 1492, "tipo": null, "Potencia": 150, "Columna": "alta" }, "geometry": { "type": "MultiPoint", "coordinates": [ [ -58.779507, -38.157716, 58.802021 ] ] } },
{ "type": "Feature", "properties": { "id": 1493, "tipo": null, "Potencia": 150, "Columna": "alta" }, "geometry": { "type": "MultiPoint", "coordinates": [ [ -58.779221, -38.157836, 58.802021 ] ] } },
{ "type": "Feature", "properties": { "id": 1494, "tipo": null, "Potencia": 150, "Columna": "alta" }, "geometry": { "type": "MultiPoint", "coordinates": [ [ -58.779017, -38.158095, 58.811352 ] ] } },
{ "type": "Feature", "properties": { "id": 1495, "tipo": null, "Potencia": 150, "Columna": "alta" }, "geometry": { "type": "MultiPoint", "coordinates": [ [ -58.778736, -38.158206, 55.722893 ] ] } },
{ "type": "Feature", "properties": { "id": 1496, "tipo": null, "Potencia": 150, "Columna": "alta" }, "geometry": { "type": "MultiPoint", "coordinates": [ [ -58.778551, -38.158443, 56.609306 ] ] } },
{ "type": "Feature", "properties": { "id": 1497, "tipo": null, "Potencia": 150, "Columna": "alta" }, "geometry": { "type": "MultiPoint", "coordinates": [ [ -58.778263, -38.158573, 55.368324 ] ] } },
{ "type": "Feature", "properties": { "id": 1498, "tipo": null, "Potencia": 150, "Columna": "alta" }, "geometry": { "type": "MultiPoint", "coordinates": [ [ -58.778121, -38.158787, 55.368324 ] ] } },
{ "type": "Feature", "properties": { "id": 1499, "tipo": null, "Potencia": 150, "Columna": "alta" }, "geometry": { "type": "MultiPoint", "coordinates": [ [ -58.777816, -38.158926, 55.368324 ] ] } },
{ "type": "Feature", "properties": { "id": 1500, "tipo": "led", "Potencia": null, "Columna": null }, "geometry": { "type": "MultiPoint", "coordinates": [ [ -58.776815, -38.158082, 56.245411 ] ] } },
{ "type": "Feature", "properties": { "id": 1501, "tipo": "led", "Potencia": null, "Columna": null }, "geometry": { "type": "MultiPoint", "coordinates": [ [ -58.776967, -38.157852, 55.68557 ] ] } },
{ "type": "Feature", "properties": { "id": 1502, "tipo": "led", "Potencia": null, "Columna": null }, "geometry": { "type": "MultiPoint", "coordinates": [ [ -58.777252, -38.157734, 57.234463 ] ] } },
{ "type": "Feature", "properties": { "id": 1503, "tipo": "led", "Potencia": null, "Columna": null }, "geometry": { "type": "MultiPoint", "coordinates": [ [ -58.777403, -38.157522, 57.094501 ] ] } },
{ "type": "Feature", "properties": { "id": 1504, "tipo": "led", "Potencia": null, "Columna": null }, "geometry": { "type": "MultiPoint", "coordinates": [ [ -58.77768, -38.157412, 57.654343 ] ] } },
{ "type": "Feature", "properties": { "id": 1505, "tipo": "led", "Potencia": null, "Columna": null }, "geometry": { "type": "MultiPoint", "coordinates": [ [ -58.777877, -38.157262, 56.618637 ] ] } },
{ "type": "Feature", "properties": { "id": 1506, "tipo": "led", "Potencia": null, "Columna": null }, "geometry": { "type": "MultiPoint", "coordinates": [ [ -58.778058, -38.157135, 56.553322 ] ] } },
{ "type": "Feature", "properties": { "id": 1507, "tipo": "led", "Potencia": null, "Columna": null }, "geometry": { "type": "MultiPoint", "coordinates": [ [ -58.778125, -38.157073, 56.814583 ] ] } },
{ "type": "Feature", "properties": { "id": 1508, "tipo": "led", "Potencia": null, "Columna": null }, "geometry": { "type": "MultiPoint", "coordinates": [ [ -58.778413, -38.156848, 57.243793 ] ] } },
{ "type": "Feature", "properties": { "id": 1509, "tipo": "led", "Potencia": null, "Columna": null }, "geometry": { "type": "MultiPoint", "coordinates": [ [ -58.77865, -38.156663, 55.760216 ] ] } },
{ "type": "Feature", "properties": { "id": 1510, "tipo": "led", "Potencia": null, "Columna": null }, "geometry": { "type": "MultiPoint", "coordinates": [ [ -58.778871, -38.156499, 55.732224 ] ] } },
{ "type": "Feature", "properties": { "id": 1511, "tipo": "led", "Potencia": null, "Columna": null }, "geometry": { "type": "MultiPoint", "coordinates": [ [ -58.77911, -38.156323, 56.665291 ] ] } },
{ "type": "Feature", "properties": { "id": 1512, "tipo": "led", "Potencia": null, "Columna": null }, "geometry": { "type": "MultiPoint", "coordinates": [ [ -58.779363, -38.156124, 56.805252 ] ] } },
{ "type": "Feature", "properties": { "id": 1513, "tipo": null, "Potencia": null, "Columna": null }, "geometry": { "type": "MultiPoint", "coordinates": [ [ -58.779916, -38.156319, 57.859619 ] ] } },
{ "type": "Feature", "properties": { "id": 1514, "tipo": null, "Potencia": null, "Columna": null }, "geometry": { "type": "MultiPoint", "coordinates": [ [ -58.780015, -38.156561, 57.794304 ] ] } },
{ "type": "Feature", "properties": { "id": 1515, "tipo": null, "Potencia": null, "Columna": null }, "geometry": { "type": "MultiPoint", "coordinates": [ [ -58.780431, -38.156761, 57.645012 ] ] } },
{ "type": "Feature", "properties": { "id": 1516, "tipo": "led 15va", "Potencia": 120, "Columna": "baja" }, "geometry": { "type": "MultiPoint", "coordinates": [ [ -58.780673, -38.156978, 57.719658 ] ] } },
{ "type": "Feature", "properties": { "id": 1517, "tipo": "led 15va", "Potencia": 120, "Columna": "baja" }, "geometry": { "type": "MultiPoint", "coordinates": [ [ -58.780967, -38.157238, 57.831627 ] ] } },
{ "type": "Feature", "properties": { "id": 1518, "tipo": "led 15va", "Potencia": 120, "Columna": "baja" }, "geometry": { "type": "MultiPoint", "coordinates": [ [ -58.781219, -38.157444, 57.159817 ] ] } },
{ "type": "Feature", "properties": { "id": 1519, "tipo": "led 15va", "Potencia": 120, "Columna": "baja" }, "geometry": { "type": "MultiPoint", "coordinates": [ [ -58.781452, -38.157651, 55.377655 ] ] } },
{ "type": "Feature", "properties": { "id": 1520, "tipo": "led 15va", "Potencia": 120, "Columna": "baja" }, "geometry": { "type": "MultiPoint", "coordinates": [ [ -58.781823, -38.157945, 58.139542 ] ] } },
{ "type": "Feature", "properties": { "id": 1521, "tipo": "led 15va", "Potencia": 120, "Columna": "baja" }, "geometry": { "type": "MultiPoint", "coordinates": [ [ -58.782095, -38.158159, 58.139542 ] ] } },
{ "type": "Feature", "properties": { "id": 1522, "tipo": "led 15va", "Potencia": 120, "Columna": "baja" }, "geometry": { "type": "MultiPoint", "coordinates": [ [ -58.782366, -38.158371, 58.139542 ] ] } },
{ "type": "Feature", "properties": { "id": 1523, "tipo": "led 15va", "Potencia": 120, "Columna": "baja" }, "geometry": { "type": "MultiPoint", "coordinates": [ [ -58.782612, -38.158564, 58.139542 ] ] } },
{ "type": "Feature", "properties": { "id": 1524, "tipo": "led", "Potencia": null, "Columna": null }, "geometry": { "type": "MultiPoint", "coordinates": [ [ -58.782824, -38.158737, 58.139542 ] ] } },
{ "type": "Feature", "properties": { "id": 1525, "tipo": "led", "Potencia": null, "Columna": null }, "geometry": { "type": "MultiPoint", "coordinates": [ [ -58.783098, -38.158947, 58.139542 ] ] } },
{ "type": "Feature", "properties": { "id": 1526, "tipo": "led", "Potencia": null, "Columna": null }, "geometry": { "type": "MultiPoint", "coordinates": [ [ -58.783364, -38.159169, 58.139542 ] ] } },
{ "type": "Feature", "properties": { "id": 1527, "tipo": "led", "Potencia": null, "Columna": null }, "geometry": { "type": "MultiPoint", "coordinates": [ [ -58.783592, -38.15938, 58.139542 ] ] } },
{ "type": "Feature", "properties": { "id": 1528, "tipo": "led", "Potencia": null, "Columna": null }, "geometry": { "type": "MultiPoint", "coordinates": [ [ -58.783823, -38.159667, 58.139542 ] ] } },
{ "type": "Feature", "properties": { "id": 1529, "tipo": "led", "Potencia": null, "Columna": null }, "geometry": { "type": "MultiPoint", "coordinates": [ [ -58.784076, -38.159864, 58.139542 ] ] } },
{ "type": "Feature", "properties": { "id": 1530, "tipo": "led", "Potencia": null, "Columna": null }, "geometry": { "type": "MultiPoint", "coordinates": [ [ -58.784356, -38.160114, 58.139542 ] ] } },
{ "type": "Feature", "properties": { "id": 1531, "tipo": "led", "Potencia": null, "Columna": null }, "geometry": { "type": "MultiPoint", "coordinates": [ [ -58.784562, -38.160316, 58.139542 ] ] } },
{ "type": "Feature", "properties": { "id": 1532, "tipo": "led", "Potencia": null, "Columna": null }, "geometry": { "type": "MultiPoint", "coordinates": [ [ -58.78486, -38.160513, 58.139542 ] ] } },
{ "type": "Feature", "properties": { "id": 1533, "tipo": "led", "Potencia": null, "Columna": null }, "geometry": { "type": "MultiPoint", "coordinates": [ [ -58.785067, -38.160661, 58.139542 ] ] } },
{ "type": "Feature", "properties": { "id": 1534, "tipo": "led", "Potencia": null, "Columna": null }, "geometry": { "type": "MultiPoint", "coordinates": [ [ -58.785263, -38.160843, 58.139542 ] ] } },
{ "type": "Feature", "properties": { "id": 1535, "tipo": "led", "Potencia": null, "Columna": null }, "geometry": { "type": "MultiPoint", "coordinates": [ [ -58.785469, -38.161031, 58.139542 ] ] } },
{ "type": "Feature", "properties": { "id": 1536, "tipo": "led", "Potencia": null, "Columna": null }, "geometry": { "type": "MultiPoint", "coordinates": [ [ -58.78568, -38.161214, 58.139542 ] ] } },
{ "type": "Feature", "properties": { "id": 1537, "tipo": "led", "Potencia": null, "Columna": null }, "geometry": { "type": "MultiPoint", "coordinates": [ [ -58.786721, -38.160397, 57.178478 ] ] } },
{ "type": "Feature", "properties": { "id": 1538, "tipo": "led", "Potencia": null, "Columna": null }, "geometry": { "type": "MultiPoint", "coordinates": [ [ -58.786496, -38.160319, 57.178478 ] ] } },
{ "type": "Feature", "properties": { "id": 1539, "tipo": "led", "Potencia": null, "Columna": null }, "geometry": { "type": "MultiPoint", "coordinates": [ [ -58.786346, -38.160085, 57.178478 ] ] } },
{ "type": "Feature", "properties": { "id": 1540, "tipo": "led", "Potencia": null, "Columna": null }, "geometry": { "type": "MultiPoint", "coordinates": [ [ -58.78608, -38.159983, 57.178478 ] ] } },
{ "type": "Feature", "properties": { "id": 1541, "tipo": "led", "Potencia": null, "Columna": null }, "geometry": { "type": "MultiPoint", "coordinates": [ [ -58.785956, -38.159773, 57.178478 ] ] } },
{ "type": "Feature", "properties": { "id": 1542, "tipo": "led 11va", "Potencia": null, "Columna": null }, "geometry": { "type": "MultiPoint", "coordinates": [ [ -58.785615, -38.159606, 57.187809 ] ] } },
{ "type": "Feature", "properties": { "id": 1543, "tipo": "led 11va", "Potencia": null, "Columna": null }, "geometry": { "type": "MultiPoint", "coordinates": [ [ -58.785405, -38.159322, 57.187809 ] ] } },
{ "type": "Feature", "properties": { "id": 1544, "tipo": "led 11va", "Potencia": null, "Columna": null }, "geometry": { "type": "MultiPoint", "coordinates": [ [ -58.785099, -38.15918, 57.187809 ] ] } },
{ "type": "Feature", "properties": { "id": 1545, "tipo": "led 11va", "Potencia": null, "Columna": null }, "geometry": { "type": "MultiPoint", "coordinates": [ [ -58.784915, -38.158915, 57.187809 ] ] } },
{ "type": "Feature", "properties": { "id": 1546, "tipo": "led 11va", "Potencia": null, "Columna": null }, "geometry": { "type": "MultiPoint", "coordinates": [ [ -58.78453, -38.158715, 57.187809 ] ] } },
{ "type": "Feature", "properties": { "id": 1547, "tipo": "led 11va", "Potencia": null, "Columna": null }, "geometry": { "type": "MultiPoint", "coordinates": [ [ -58.784212, -38.158454, 57.187809 ] ] } },
{ "type": "Feature", "properties": { "id": 1548, "tipo": "led 11va", "Potencia": null, "Columna": null }, "geometry": { "type": "MultiPoint", "coordinates": [ [ -58.783989, -38.158279, 57.187809 ] ] } },
{ "type": "Feature", "properties": { "id": 1549, "tipo": "led 11va", "Potencia": null, "Columna": null }, "geometry": { "type": "MultiPoint", "coordinates": [ [ -58.783819, -38.158028, 57.187809 ] ] } },
{ "type": "Feature", "properties": { "id": 1550, "tipo": null, "Potencia": 120, "Columna": "baja" }, "geometry": { "type": "MultiPoint", "coordinates": [ [ -58.783478, -38.157761, 57.187809 ] ] } },
{ "type": "Feature", "properties": { "id": 1551, "tipo": null, "Potencia": 120, "Columna": "baja" }, "geometry": { "type": "MultiPoint", "coordinates": [ [ -58.783155, -38.157597, 57.187809 ] ] } },
{ "type": "Feature", "properties": { "id": 1552, "tipo": null, "Potencia": 120, "Columna": "baja" }, "geometry": { "type": "MultiPoint", "coordinates": [ [ -58.78294, -38.157296, 57.187809 ] ] } },
{ "type": "Feature", "properties": { "id": 1553, "tipo": null, "Potencia": 120, "Columna": "baja" }, "geometry": { "type": "MultiPoint", "coordinates": [ [ -58.782621, -38.157148, 57.187809 ] ] } },
{ "type": "Feature", "properties": { "id": 1554, "tipo": null, "Potencia": 120, "Columna": "baja" }, "geometry": { "type": "MultiPoint", "coordinates": [ [ -58.782438, -38.156895, 57.187809 ] ] } },
{ "type": "Feature", "properties": { "id": 1555, "tipo": null, "Potencia": 120, "Columna": "baja" }, "geometry": { "type": "MultiPoint", "coordinates": [ [ -58.782168, -38.156674, 57.187809 ] ] } },
{ "type": "Feature", "properties": { "id": 1556, "tipo": null, "Potencia": 120, "Columna": "baja" }, "geometry": { "type": "MultiPoint", "coordinates": [ [ -58.781927, -38.156455, 59.613789 ] ] } },
{ "type": "Feature", "properties": { "id": 1557, "tipo": null, "Potencia": 120, "Columna": "baja" }, "geometry": { "type": "MultiPoint", "coordinates": [ [ -58.781687, -38.15627, 57.085171 ] ] } },
{ "type": "Feature", "properties": { "id": 1558, "tipo": null, "Potencia": null, "Columna": null }, "geometry": { "type": "MultiPoint", "coordinates": [ [ -58.781067, -38.155933, 57.225132 ] ] } },
{ "type": "Feature", "properties": { "id": 1559, "tipo": null, "Potencia": null, "Columna": null }, "geometry": { "type": "MultiPoint", "coordinates": [ [ -58.780836, -38.155749, 57.225132 ] ] } },
{ "type": "Feature", "properties": { "id": 1560, "tipo": null, "Potencia": null, "Columna": null }, "geometry": { "type": "MultiPoint", "coordinates": [ [ -58.78072, -38.155454, 55.956158 ] ] } },
{ "type": "Feature", "properties": { "id": 1561, "tipo": null, "Potencia": null, "Columna": null }, "geometry": { "type": "MultiPoint", "coordinates": [ [ -58.780155, -38.155005, 56.973206 ] ] } },
{ "type": "Feature", "properties": { "id": 1562, "tipo": null, "Potencia": null, "Columna": null }, "geometry": { "type": "MultiPoint", "coordinates": [ [ -58.779931, -38.15482, 57.812965 ] ] } },
{ "type": "Feature", "properties": { "id": 1563, "tipo": null, "Potencia": null, "Columna": null }, "geometry": { "type": "MultiPoint", "coordinates": [ [ -58.779732, -38.154651, 57.505054 ] ] } },
{ "type": "Feature", "properties": { "id": 1564, "tipo": null, "Potencia": null, "Columna": null }, "geometry": { "type": "MultiPoint", "coordinates": [ [ -58.779505, -38.154465, 57.505054 ] ] } },
{ "type": "Feature", "properties": { "id": 1565, "tipo": null, "Potencia": null, "Columna": null }, "geometry": { "type": "MultiPoint", "coordinates": [ [ -58.77875, -38.154045, 57.505054 ] ] } },
{ "type": "Feature", "properties": { "id": 1566, "tipo": null, "Potencia": null, "Columna": null }, "geometry": { "type": "MultiPoint", "coordinates": [ [ -58.779311, -38.152953, 57.505054 ] ] } },
{ "type": "Feature", "properties": { "id": 1567, "tipo": null, "Potencia": null, "Columna": null }, "geometry": { "type": "MultiPoint", "coordinates": [ [ -58.779603, -38.153112, 57.505054 ] ] } },
{ "type": "Feature", "properties": { "id": 1568, "tipo": null, "Potencia": null, "Columna": null }, "geometry": { "type": "MultiPoint", "coordinates": [ [ -58.779846, -38.153398, 57.505054 ] ] } },
{ "type": "Feature", "properties": { "id": 1569, "tipo": null, "Potencia": null, "Columna": null }, "geometry": { "type": "MultiPoint", "coordinates": [ [ -58.78017, -38.153559, 57.505054 ] ] } },
{ "type": "Feature", "properties": { "id": 1570, "tipo": "led 11va", "Potencia": null, "Columna": null }, "geometry": { "type": "MultiPoint", "coordinates": [ [ -58.780365, -38.153831, 57.505054 ] ] } },
{ "type": "Feature", "properties": { "id": 1571, "tipo": "led 11va", "Potencia": null, "Columna": null }, "geometry": { "type": "MultiPoint", "coordinates": [ [ -58.780664, -38.153975, 57.505054 ] ] } },
{ "type": "Feature", "properties": { "id": 1572, "tipo": "led 11va", "Potencia": null, "Columna": null }, "geometry": { "type": "MultiPoint", "coordinates": [ [ -58.780909, -38.154286, 57.505054 ] ] } },
{ "type": "Feature", "properties": { "id": 1573, "tipo": "led 11va", "Potencia": null, "Columna": null }, "geometry": { "type": "MultiPoint", "coordinates": [ [ -58.781242, -38.154444, 57.505054 ] ] } },
{ "type": "Feature", "properties": { "id": 1574, "tipo": "led 11va", "Potencia": null, "Columna": null }, "geometry": { "type": "MultiPoint", "coordinates": [ [ -58.781451, -38.154724, 57.505054 ] ] } },
{ "type": "Feature", "properties": { "id": 1575, "tipo": "led 11va", "Potencia": null, "Columna": null }, "geometry": { "type": "MultiPoint", "coordinates": [ [ -58.781739, -38.154852, 57.887611 ] ] } },
{ "type": "Feature", "properties": { "id": 1576, "tipo": "led 11va", "Potencia": null, "Columna": null }, "geometry": { "type": "MultiPoint", "coordinates": [ [ -58.781923, -38.155089, 57.887611 ] ] } },
{ "type": "Feature", "properties": { "id": 1577, "tipo": "led 11va", "Potencia": null, "Columna": null }, "geometry": { "type": "MultiPoint", "coordinates": [ [ -58.782326, -38.155312, 57.887611 ] ] } },
{ "type": "Feature", "properties": { "id": 1578, "tipo": "led 11va", "Potencia": null, "Columna": null }, "geometry": { "type": "MultiPoint", "coordinates": [ [ -58.782522, -38.155604, 54.519234 ] ] } },
{ "type": "Feature", "properties": { "id": 1579, "tipo": "led 11va", "Potencia": null, "Columna": null }, "geometry": { "type": "MultiPoint", "coordinates": [ [ -58.782868, -38.155765, 55.060413 ] ] } },
{ "type": "Feature", "properties": { "id": 1580, "tipo": "led 11va", "Potencia": null, "Columna": null }, "geometry": { "type": "MultiPoint", "coordinates": [ [ -58.783067, -38.156023, 55.526947 ] ] } },
{ "type": "Feature", "properties": { "id": 1581, "tipo": "led 11va", "Potencia": null, "Columna": null }, "geometry": { "type": "MultiPoint", "coordinates": [ [ -58.783363, -38.156136, 55.414978 ] ] } },
{ "type": "Feature", "properties": { "id": 1582, "tipo": null, "Potencia": null, "Columna": null }, "geometry": { "type": "MultiPoint", "coordinates": [ [ -58.783646, -38.156278, 55.769547 ] ] } },
{ "type": "Feature", "properties": { "id": 1583, "tipo": null, "Potencia": null, "Columna": null }, "geometry": { "type": "MultiPoint", "coordinates": [ [ -58.783869, -38.156102, 56.646629 ] ] } },
{ "type": "Feature", "properties": { "id": 1584, "tipo": null, "Potencia": null, "Columna": null }, "geometry": { "type": "MultiPoint", "coordinates": [ [ -58.78413, -38.15592, 56.637299 ] ] } },
{ "type": "Feature", "properties": { "id": 1585, "tipo": null, "Potencia": null, "Columna": null }, "geometry": { "type": "MultiPoint", "coordinates": [ [ -58.784342, -38.155744, 56.637299 ] ] } },
{ "type": "Feature", "properties": { "id": 1586, "tipo": "led", "Potencia": null, "Columna": null }, "geometry": { "type": "MultiPoint", "coordinates": [ [ -58.784557, -38.15558, 56.637299 ] ] } },
{ "type": "Feature", "properties": { "id": 1587, "tipo": "led", "Potencia": null, "Columna": null }, "geometry": { "type": "MultiPoint", "coordinates": [ [ -58.784796, -38.155399, 56.637299 ] ] } },
{ "type": "Feature", "properties": { "id": 1588, "tipo": "led", "Potencia": null, "Columna": null }, "geometry": { "type": "MultiPoint", "coordinates": [ [ -58.785002, -38.155249, 56.637299 ] ] } },
{ "type": "Feature", "properties": { "id": 1589, "tipo": "led", "Potencia": null, "Columna": null }, "geometry": { "type": "MultiPoint", "coordinates": [ [ -58.785234, -38.155063, 56.637299 ] ] } },
{ "type": "Feature", "properties": { "id": 1590, "tipo": "led", "Potencia": null, "Columna": null }, "geometry": { "type": "MultiPoint", "coordinates": [ [ -58.785538, -38.154833, 56.637299 ] ] } },
{ "type": "Feature", "properties": { "id": 1591, "tipo": "led", "Potencia": null, "Columna": null }, "geometry": { "type": "MultiPoint", "coordinates": [ [ -58.785783, -38.154645, 56.637299 ] ] } },
{ "type": "Feature", "properties": { "id": 1592, "tipo": "led", "Potencia": null, "Columna": null }, "geometry": { "type": "MultiPoint", "coordinates": [ [ -58.786004, -38.154492, 56.637299 ] ] } },
{ "type": "Feature", "properties": { "id": 1593, "tipo": "led", "Potencia": null, "Columna": null }, "geometry": { "type": "MultiPoint", "coordinates": [ [ -58.786233, -38.154298, 56.637299 ] ] } },
{ "type": "Feature", "properties": { "id": 1594, "tipo": "led", "Potencia": null, "Columna": null }, "geometry": { "type": "MultiPoint", "coordinates": [ [ -58.786484, -38.154346, 56.637299 ] ] } },
{ "type": "Feature", "properties": { "id": 1595, "tipo": "led", "Potencia": null, "Columna": null }, "geometry": { "type": "MultiPoint", "coordinates": [ [ -58.786745, -38.154548, 56.637299 ] ] } },
{ "type": "Feature", "properties": { "id": 1596, "tipo": "led", "Potencia": null, "Columna": null }, "geometry": { "type": "MultiPoint", "coordinates": [ [ -58.78673, -38.154675, 56.637299 ] ] } },
{ "type": "Feature", "properties": { "id": 1597, "tipo": "led", "Potencia": null, "Columna": null }, "geometry": { "type": "MultiPoint", "coordinates": [ [ -58.786493, -38.154858, 56.637299 ] ] } },
{ "type": "Feature", "properties": { "id": 1598, "tipo": "led", "Potencia": null, "Columna": null }, "geometry": { "type": "MultiPoint", "coordinates": [ [ -58.786257, -38.15502, 56.637299 ] ] } },
{ "type": "Feature", "properties": { "id": 1599, "tipo": "led", "Potencia": null, "Columna": null }, "geometry": { "type": "MultiPoint", "coordinates": [ [ -58.786042, -38.155204, 56.637299 ] ] } },
{ "type": "Feature", "properties": { "id": 1600, "tipo": "led", "Potencia": null, "Columna": null }, "geometry": { "type": "MultiPoint", "coordinates": [ [ -58.785787, -38.155406, 56.637299 ] ] } },
{ "type": "Feature", "properties": { "id": 1601, "tipo": "led", "Potencia": null, "Columna": null }, "geometry": { "type": "MultiPoint", "coordinates": [ [ -58.785557, -38.155577, 56.637299 ] ] } },
{ "type": "Feature", "properties": { "id": 1602, "tipo": "led", "Potencia": null, "Columna": null }, "geometry": { "type": "MultiPoint", "coordinates": [ [ -58.785335, -38.155742, 56.637299 ] ] } },
{ "type": "Feature", "properties": { "id": 1603, "tipo": "led", "Potencia": null, "Columna": null }, "geometry": { "type": "MultiPoint", "coordinates": [ [ -58.785073, -38.155891, 55.592262 ] ] } },
{ "type": "Feature", "properties": { "id": 1604, "tipo": "led", "Potencia": null, "Columna": null }, "geometry": { "type": "MultiPoint", "coordinates": [ [ -58.786945, -38.154717, 56.805252 ] ] } },
{ "type": "Feature", "properties": { "id": 1605, "tipo": "led", "Potencia": null, "Columna": null }, "geometry": { "type": "MultiPoint", "coordinates": [ [ -58.787228, -38.154957, 54.35128 ] ] } },
{ "type": "Feature", "properties": { "id": 1606, "tipo": "led", "Potencia": null, "Columna": null }, "geometry": { "type": "MultiPoint", "coordinates": [ [ -58.787337, -38.155139, 54.35128 ] ] } },
{ "type": "Feature", "properties": { "id": 1607, "tipo": "led", "Potencia": null, "Columna": null }, "geometry": { "type": "MultiPoint", "coordinates": [ [ -58.787064, -38.155356, 54.35128 ] ] } },
{ "type": "Feature", "properties": { "id": 1608, "tipo": "led", "Potencia": null, "Columna": null }, "geometry": { "type": "MultiPoint", "coordinates": [ [ -58.786851, -38.155522, 54.35128 ] ] } },
{ "type": "Feature", "properties": { "id": 1609, "tipo": "led", "Potencia": null, "Columna": null }, "geometry": { "type": "MultiPoint", "coordinates": [ [ -58.786601, -38.155717, 54.35128 ] ] } },
{ "type": "Feature", "properties": { "id": 1610, "tipo": "led", "Potencia": null, "Columna": null }, "geometry": { "type": "MultiPoint", "coordinates": [ [ -58.786395, -38.155866, 54.35128 ] ] } },
{ "type": "Feature", "properties": { "id": 1611, "tipo": "led", "Potencia": null, "Columna": null }, "geometry": { "type": "MultiPoint", "coordinates": [ [ -58.786168, -38.156031, 54.35128 ] ] } },
{ "type": "Feature", "properties": { "id": 1612, "tipo": "led", "Potencia": null, "Columna": null }, "geometry": { "type": "MultiPoint", "coordinates": [ [ -58.785913, -38.156242, 54.35128 ] ] } },
{ "type": "Feature", "properties": { "id": 1613, "tipo": "led", "Potencia": null, "Columna": null }, "geometry": { "type": "MultiPoint", "coordinates": [ [ -58.785678, -38.156423, 54.35128 ] ] } },
{ "type": "Feature", "properties": { "id": 1614, "tipo": "led 15va", "Potencia": 120, "Columna": "baja" }, "geometry": { "type": "MultiPoint", "coordinates": [ [ -58.785333, -38.156573, 54.35128 ] ] } },
{ "type": "Feature", "properties": { "id": 1615, "tipo": "led 15va", "Potencia": 120, "Columna": "baja" }, "geometry": { "type": "MultiPoint", "coordinates": [ [ -58.785107, -38.156752, 54.35128 ] ] } },
{ "type": "Feature", "properties": { "id": 1616, "tipo": "led 15va", "Potencia": 120, "Columna": "baja" }, "geometry": { "type": "MultiPoint", "coordinates": [ [ -58.784884, -38.156918, 54.35128 ] ] } },
{ "type": "Feature", "properties": { "id": 1617, "tipo": "led 15va", "Potencia": 120, "Columna": "baja" }, "geometry": { "type": "MultiPoint", "coordinates": [ [ -58.784681, -38.157078, 54.35128 ] ] } },
{ "type": "Feature", "properties": { "id": 1618, "tipo": "led 15va", "Potencia": 120, "Columna": "baja" }, "geometry": { "type": "MultiPoint", "coordinates": [ [ -58.784352, -38.157322, 54.360611 ] ] } },
{ "type": "Feature", "properties": { "id": 1619, "tipo": "led 15va", "Potencia": 120, "Columna": "baja" }, "geometry": { "type": "MultiPoint", "coordinates": [ [ -58.784173, -38.15746, 54.360611 ] ] } },
{ "type": "Feature", "properties": { "id": 1620, "tipo": "led 15va", "Potencia": 120, "Columna": "baja" }, "geometry": { "type": "MultiPoint", "coordinates": [ [ -58.783953, -38.157625, 54.360611 ] ] } },
{ "type": "Feature", "properties": { "id": 1621, "tipo": "led 15va", "Potencia": 120, "Columna": "baja" }, "geometry": { "type": "MultiPoint", "coordinates": [ [ -58.783699, -38.157802, 54.360611 ] ] } },
{ "type": "Feature", "properties": { "id": 1622, "tipo": "led 11va", "Potencia": null, "Columna": null }, "geometry": { "type": "MultiPoint", "coordinates": [ [ -58.783478, -38.157978, 54.360611 ] ] } },
{ "type": "Feature", "properties": { "id": 1623, "tipo": "led 11va", "Potencia": null, "Columna": null }, "geometry": { "type": "MultiPoint", "coordinates": [ [ -58.783281, -38.158133, 54.360611 ] ] } },
{ "type": "Feature", "properties": { "id": 1624, "tipo": "led 11va", "Potencia": null, "Columna": null }, "geometry": { "type": "MultiPoint", "coordinates": [ [ -58.783052, -38.158293, 54.360611 ] ] } },
{ "type": "Feature", "properties": { "id": 1625, "tipo": "led 11va", "Potencia": null, "Columna": null }, "geometry": { "type": "MultiPoint", "coordinates": [ [ -58.78284, -38.158467, 54.360611 ] ] } },
{ "type": "Feature", "properties": { "id": 1626, "tipo": "led", "Potencia": null, "Columna": null }, "geometry": { "type": "MultiPoint", "coordinates": [ [ -58.782534, -38.158706, 54.360611 ] ] } },
{ "type": "Feature", "properties": { "id": 1627, "tipo": "led", "Potencia": null, "Columna": null }, "geometry": { "type": "MultiPoint", "coordinates": [ [ -58.782317, -38.158863, 54.360611 ] ] } },
{ "type": "Feature", "properties": { "id": 1628, "tipo": "led", "Potencia": null, "Columna": null }, "geometry": { "type": "MultiPoint", "coordinates": [ [ -58.782055, -38.15902, 54.360611 ] ] } },
{ "type": "Feature", "properties": { "id": 1629, "tipo": "led", "Potencia": null, "Columna": null }, "geometry": { "type": "MultiPoint", "coordinates": [ [ -58.781824, -38.159219, 55.247025 ] ] } },
{ "type": "Feature", "properties": { "id": 1630, "tipo": "led", "Potencia": null, "Columna": null }, "geometry": { "type": "MultiPoint", "coordinates": [ [ -58.781591, -38.159433, 52.242542 ] ] } },
{ "type": "Feature", "properties": { "id": 1631, "tipo": "led", "Potencia": null, "Columna": null }, "geometry": { "type": "MultiPoint", "coordinates": [ [ -58.78143, -38.159649, 52.709076 ] ] } },
{ "type": "Feature", "properties": { "id": 1632, "tipo": "led", "Potencia": null, "Columna": null }, "geometry": { "type": "MultiPoint", "coordinates": [ [ -58.781136, -38.159783, 52.606441 ] ] } },
{ "type": "Feature", "properties": { "id": 1633, "tipo": "led", "Potencia": null, "Columna": null }, "geometry": { "type": "MultiPoint", "coordinates": [ [ -58.780956, -38.160018, 52.606441 ] ] } },
{ "type": "Feature", "properties": { "id": 1634, "tipo": "led", "Potencia": null, "Columna": null }, "geometry": { "type": "MultiPoint", "coordinates": [ [ -58.78062, -38.160164, 52.606441 ] ] } },
{ "type": "Feature", "properties": { "id": 1635, "tipo": "led", "Potencia": null, "Columna": null }, "geometry": { "type": "MultiPoint", "coordinates": [ [ -58.780452, -38.16038, 52.615772 ] ] } },
{ "type": "Feature", "properties": { "id": 1636, "tipo": "led", "Potencia": null, "Columna": null }, "geometry": { "type": "MultiPoint", "coordinates": [ [ -58.780191, -38.160499, 52.615772 ] ] } },
{ "type": "Feature", "properties": { "id": 1637, "tipo": "led", "Potencia": null, "Columna": null }, "geometry": { "type": "MultiPoint", "coordinates": [ [ -58.780048, -38.160721, 52.615772 ] ] } },
{ "type": "Feature", "properties": { "id": 1638, "tipo": "led 14va", "Potencia": 150, "Columna": "alta" }, "geometry": { "type": "MultiPoint", "coordinates": [ [ -58.778939, -38.15989, 52.615772 ] ] } },
{ "type": "Feature", "properties": { "id": 1639, "tipo": "led 14va", "Potencia": 150, "Columna": "alta" }, "geometry": { "type": "MultiPoint", "coordinates": [ [ -58.779167, -38.1597, 52.615772 ] ] } },
{ "type": "Feature", "properties": { "id": 1640, "tipo": "led 14va", "Potencia": 150, "Columna": "alta" }, "geometry": { "type": "MultiPoint", "coordinates": [ [ -58.779398, -38.159514, 52.802383 ] ] } },
{ "type": "Feature", "properties": { "id": 1641, "tipo": "led 14va", "Potencia": 150, "Columna": "alta" }, "geometry": { "type": "MultiPoint", "coordinates": [ [ -58.779603, -38.159364, 53.184944 ] ] } },
{ "type": "Feature", "properties": { "id": 1642, "tipo": null, "Potencia": 150, "Columna": "alta" }, "geometry": { "type": "MultiPoint", "coordinates": [ [ -58.779859, -38.159123, 52.858368 ] ] } },
{ "type": "Feature", "properties": { "id": 1643, "tipo": null, "Potencia": 150, "Columna": "alta" }, "geometry": { "type": "MultiPoint", "coordinates": [ [ -58.780093, -38.15895, 52.811714 ] ] } },
{ "type": "Feature", "properties": { "id": 1644, "tipo": null, "Potencia": 150, "Columna": "alta" }, "geometry": { "type": "MultiPoint", "coordinates": [ [ -58.780343, -38.158756, 53.035652 ] ] } },
{ "type": "Feature", "properties": { "id": 1645, "tipo": null, "Potencia": 150, "Columna": "alta" }, "geometry": { "type": "MultiPoint", "coordinates": [ [ -58.780556, -38.158588, 52.438488 ] ] } },
{ "type": "Feature", "properties": { "id": 1646, "tipo": null, "Potencia": 120, "Columna": "baja" }, "geometry": { "type": "MultiPoint", "coordinates": [ [ -58.780773, -38.158307, 52.75573 ] ] } },
{ "type": "Feature", "properties": { "id": 1647, "tipo": null, "Potencia": 120, "Columna": "baja" }, "geometry": { "type": "MultiPoint", "coordinates": [ [ -58.780983, -38.158155, 52.961006 ] ] } },
{ "type": "Feature", "properties": { "id": 1648, "tipo": null, "Potencia": 120, "Columna": "baja" }, "geometry": { "type": "MultiPoint", "coordinates": [ [ -58.781222, -38.157987, 53.912739 ] ] } },
{ "type": "Feature", "properties": { "id": 1649, "tipo": null, "Potencia": 120, "Columna": "baja" }, "geometry": { "type": "MultiPoint", "coordinates": [ [ -58.781427, -38.157837, 52.951675 ] ] } },
{ "type": "Feature", "properties": { "id": 1650, "tipo": null, "Potencia": 120, "Columna": "baja" }, "geometry": { "type": "MultiPoint", "coordinates": [ [ -58.781679, -38.157644, 52.625103 ] ] } },
{ "type": "Feature", "properties": { "id": 1651, "tipo": null, "Potencia": 120, "Columna": "baja" }, "geometry": { "type": "MultiPoint", "coordinates": [ [ -58.781927, -38.157463, 54.780491 ] ] } },
{ "type": "Feature", "properties": { "id": 1652, "tipo": null, "Potencia": 120, "Columna": "baja" }, "geometry": { "type": "MultiPoint", "coordinates": [ [ -58.782145, -38.157291, 53.828762 ] ] } },
{ "type": "Feature", "properties": { "id": 1653, "tipo": null, "Potencia": 120, "Columna": "baja" }, "geometry": { "type": "MultiPoint", "coordinates": [ [ -58.78237, -38.157119, 53.362225 ] ] } },
{ "type": "Feature", "properties": { "id": 1654, "tipo": null, "Potencia": 120, "Columna": "baja" }, "geometry": { "type": "MultiPoint", "coordinates": [ [ -58.782637, -38.156919, 53.287582 ] ] } },
{ "type": "Feature", "properties": { "id": 1655, "tipo": null, "Potencia": 120, "Columna": "baja" }, "geometry": { "type": "MultiPoint", "coordinates": [ [ -58.782922, -38.156809, 54.509903 ] ] } },
{ "type": "Feature", "properties": { "id": 1656, "tipo": null, "Potencia": 120, "Columna": "baja" }, "geometry": { "type": "MultiPoint", "coordinates": [ [ -58.783152, -38.156633, 53.614155 ] ] } },
{ "type": "Feature", "properties": { "id": 1657, "tipo": null, "Potencia": 120, "Columna": "baja" }, "geometry": { "type": "MultiPoint", "coordinates": [ [ -58.78341, -38.156438, 53.399548 ] ] } },
{ "type": "Feature", "properties": { "id": 1658, "tipo": "led 15va", "Potencia": 150, "Columna": "alta" }, "geometry": { "type": "MultiPoint", "coordinates": [ [ -58.783596, -38.15645, 53.651478 ] ] } },
{ "type": "Feature", "properties": { "id": 1659, "tipo": "led 15va", "Potencia": 150, "Columna": "alta" }, "geometry": { "type": "MultiPoint", "coordinates": [ [ -58.783899, -38.156598, 53.296913 ] ] } },
{ "type": "Feature", "properties": { "id": 1660, "tipo": "led 15va", "Potencia": 150, "Columna": "alta" }, "geometry": { "type": "MultiPoint", "coordinates": [ [ -58.784132, -38.156896, 53.912739 ] ] } },
{ "type": "Feature", "properties": { "id": 1661, "tipo": null, "Potencia": 150, "Columna": "alta" }, "geometry": { "type": "MultiPoint", "coordinates": [ [ -58.784458, -38.157041, 53.772778 ] ] } },
{ "type": "Feature", "properties": { "id": 1662, "tipo": "led 15va", "Potencia": 150, "Columna": "alta" }, "geometry": { "type": "MultiPoint", "coordinates": [ [ -58.784671, -38.157337, 54.687183 ] ] } },
{ "type": "Feature", "properties": { "id": 1663, "tipo": "led 15va", "Potencia": 150, "Columna": "alta" }, "geometry": { "type": "MultiPoint", "coordinates": [ [ -58.785022, -38.157501, 53.539509 ] ] } },
{ "type": "Feature", "properties": { "id": 1664, "tipo": "led 15va", "Potencia": 150, "Columna": "alta" }, "geometry": { "type": "MultiPoint", "coordinates": [ [ -58.785226, -38.1578, 53.642147 ] ] } },
{ "type": "Feature", "properties": { "id": 1665, "tipo": "led 15va", "Potencia": 150, "Columna": "alta" }, "geometry": { "type": "MultiPoint", "coordinates": [ [ -58.785543, -38.157962, 53.483524 ] ] } },
{ "type": "Feature", "properties": { "id": 1666, "tipo": "led 15va", "Potencia": 150, "Columna": "alta" }, "geometry": { "type": "MultiPoint", "coordinates": [ [ -58.785773, -38.158247, 52.111912 ] ] } },
{ "type": "Feature", "properties": { "id": 1667, "tipo": "led 15va", "Potencia": 150, "Columna": "alta" }, "geometry": { "type": "MultiPoint", "coordinates": [ [ -58.786029, -38.158368, 54.006042 ] ] } },
{ "type": "Feature", "properties": { "id": 1668, "tipo": "led 15va", "Potencia": 150, "Columna": "alta" }, "geometry": { "type": "MultiPoint", "coordinates": [ [ -58.786267, -38.158689, 53.838093 ] ] } },
{ "type": "Feature", "properties": { "id": 1669, "tipo": "led 15va", "Potencia": 150, "Columna": "alta" }, "geometry": { "type": "MultiPoint", "coordinates": [ [ -58.786595, -38.158824, 54.369942 ] ] } },
{ "type": "Feature", "properties": { "id": 1670, "tipo": "led 12va", "Potencia": null, "Columna": null }, "geometry": { "type": "MultiPoint", "coordinates": [ [ -58.786809, -38.159088, 54.369942 ] ] } },
{ "type": "Feature", "properties": { "id": 1671, "tipo": "led 12va", "Potencia": null, "Columna": null }, "geometry": { "type": "MultiPoint", "coordinates": [ [ -58.787091, -38.159212, 53.539509 ] ] } },
{ "type": "Feature", "properties": { "id": 1672, "tipo": "led 12va", "Potencia": null, "Columna": null }, "geometry": { "type": "MultiPoint", "coordinates": [ [ -58.787234, -38.159438, 55.275017 ] ] } },
{ "type": "Feature", "properties": { "id": 1673, "tipo": "led 12va", "Potencia": null, "Columna": null }, "geometry": { "type": "MultiPoint", "coordinates": [ [ -58.78751, -38.15955, 51.934631 ] ] } },
{ "type": "Feature", "properties": { "id": 1674, "tipo": "led 12va", "Potencia": null, "Columna": null }, "geometry": { "type": "MultiPoint", "coordinates": [ [ -58.787597, -38.159723, 53.567501 ] ] } },
{ "type": "Feature", "properties": { "id": 1675, "tipo": "led", "Potencia": null, "Columna": null }, "geometry": { "type": "MultiPoint", "coordinates": [ [ -58.78856, -38.159058, 60.873432 ] ] } },
{ "type": "Feature", "properties": { "id": 1676, "tipo": "led", "Potencia": null, "Columna": null }, "geometry": { "type": "MultiPoint", "coordinates": [ [ -58.788349, -38.158885, 60.873432 ] ] } },
{ "type": "Feature", "properties": { "id": 1677, "tipo": "led", "Potencia": null, "Columna": null }, "geometry": { "type": "MultiPoint", "coordinates": [ [ -58.788133, -38.158695, 60.873432 ] ] } },
{ "type": "Feature", "properties": { "id": 1678, "tipo": "led", "Potencia": null, "Columna": null }, "geometry": { "type": "MultiPoint", "coordinates": [ [ -58.787894, -38.158522, 60.873432 ] ] } },
{ "type": "Feature", "properties": { "id": 1679, "tipo": "led", "Potencia": null, "Columna": null }, "geometry": { "type": "MultiPoint", "coordinates": [ [ -58.787742, -38.158345, 60.873432 ] ] } },
{ "type": "Feature", "properties": { "id": 1680, "tipo": "led", "Potencia": null, "Columna": null }, "geometry": { "type": "MultiPoint", "coordinates": [ [ -58.787479, -38.158133, 60.873432 ] ] } },
{ "type": "Feature", "properties": { "id": 1681, "tipo": "led", "Potencia": null, "Columna": null }, "geometry": { "type": "MultiPoint", "coordinates": [ [ -58.787214, -38.157926, 57.74765 ] ] } },
{ "type": "Feature", "properties": { "id": 1682, "tipo": "led", "Potencia": null, "Columna": null }, "geometry": { "type": "MultiPoint", "coordinates": [ [ -58.786959, -38.157709, 60.97607 ] ] } },
{ "type": "Feature", "properties": { "id": 1683, "tipo": "led", "Potencia": null, "Columna": null }, "geometry": { "type": "MultiPoint", "coordinates": [ [ -58.786681, -38.157486, 60.873432 ] ] } },
{ "type": "Feature", "properties": { "id": 1684, "tipo": "led", "Potencia": null, "Columna": null }, "geometry": { "type": "MultiPoint", "coordinates": [ [ -58.786544, -38.157237, 61.63855 ] ] } },
{ "type": "Feature", "properties": { "id": 1685, "tipo": "led", "Potencia": null, "Columna": null }, "geometry": { "type": "MultiPoint", "coordinates": [ [ -58.786173, -38.157084, 61.106701 ] ] } },
{ "type": "Feature", "properties": { "id": 1686, "tipo": "led", "Potencia": null, "Columna": null }, "geometry": { "type": "MultiPoint", "coordinates": [ [ -58.785986, -38.156796, 61.106701 ] ] } },
{ "type": "Feature", "properties": { "id": 1687, "tipo": "led", "Potencia": null, "Columna": null }, "geometry": { "type": "MultiPoint", "coordinates": [ [ -58.78567, -38.156558, 61.106701 ] ] } },
{ "type": "Feature", "properties": { "id": 1688, "tipo": "led", "Potencia": null, "Columna": null }, "geometry": { "type": "MultiPoint", "coordinates": [ [ -58.785443, -38.156344, 61.106701 ] ] } },
{ "type": "Feature", "properties": { "id": 1689, "tipo": "led", "Potencia": null, "Columna": null }, "geometry": { "type": "MultiPoint", "coordinates": [ [ -58.78515, -38.156106, 61.106701 ] ] } },
{ "type": "Feature", "properties": { "id": 1690, "tipo": "led", "Potencia": null, "Columna": null }, "geometry": { "type": "MultiPoint", "coordinates": [ [ -58.784909, -38.155925, 61.106701 ] ] } },
{ "type": "Feature", "properties": { "id": 1691, "tipo": "led", "Potencia": null, "Columna": null }, "geometry": { "type": "MultiPoint", "coordinates": [ [ -58.784642, -38.155706, 61.106701 ] ] } },
{ "type": "Feature", "properties": { "id": 1692, "tipo": null, "Potencia": 120, "Columna": "baja" }, "geometry": { "type": "MultiPoint", "coordinates": [ [ -58.784291, -38.155532, 61.106701 ] ] } },
{ "type": "Feature", "properties": { "id": 1693, "tipo": null, "Potencia": 120, "Columna": "baja" }, "geometry": { "type": "MultiPoint", "coordinates": [ [ -58.784036, -38.155325, 61.106701 ] ] } },
{ "type": "Feature", "properties": { "id": 1694, "tipo": null, "Potencia": 120, "Columna": "baja" }, "geometry": { "type": "MultiPoint", "coordinates": [ [ -58.783825, -38.155152, 61.106701 ] ] } },
{ "type": "Feature", "properties": { "id": 1695, "tipo": null, "Potencia": 120, "Columna": "baja" }, "geometry": { "type": "MultiPoint", "coordinates": [ [ -58.783548, -38.15493, 61.106701 ] ] } },
{ "type": "Feature", "properties": { "id": 1696, "tipo": null, "Potencia": 120, "Columna": "baja" }, "geometry": { "type": "MultiPoint", "coordinates": [ [ -58.783246, -38.154685, 61.106701 ] ] } },
{ "type": "Feature", "properties": { "id": 1697, "tipo": null, "Potencia": 120, "Columna": "baja" }, "geometry": { "type": "MultiPoint", "coordinates": [ [ -58.78298, -38.154472, 61.116032 ] ] } },
{ "type": "Feature", "properties": { "id": 1698, "tipo": null, "Potencia": 120, "Columna": "baja" }, "geometry": { "type": "MultiPoint", "coordinates": [ [ -58.782729, -38.154276, 61.116032 ] ] } },
{ "type": "Feature", "properties": { "id": 1699, "tipo": null, "Potencia": 120, "Columna": "baja" }, "geometry": { "type": "MultiPoint", "coordinates": [ [ -58.782405, -38.154023, 61.116032 ] ] } },
{ "type": "Feature", "properties": { "id": 1700, "tipo": "led 14va", "Potencia": 120, "Columna": "baja" }, "geometry": { "type": "MultiPoint", "coordinates": [ [ -58.782215, -38.153757, 61.116032 ] ] } },
{ "type": "Feature", "properties": { "id": 1701, "tipo": "led 14va", "Potencia": 120, "Columna": "baja" }, "geometry": { "type": "MultiPoint", "coordinates": [ [ -58.78199, -38.153569, 61.116032 ] ] } },
{ "type": "Feature", "properties": { "id": 1702, "tipo": "led 14va", "Potencia": 120, "Columna": "baja" }, "geometry": { "type": "MultiPoint", "coordinates": [ [ -58.781798, -38.153409, 61.116032 ] ] } },
{ "type": "Feature", "properties": { "id": 1703, "tipo": "led 14va", "Potencia": 120, "Columna": "baja" }, "geometry": { "type": "MultiPoint", "coordinates": [ [ -58.78162, -38.153274, 61.116032 ] ] } },
{ "type": "Feature", "properties": { "id": 1704, "tipo": "led 14va", "Potencia": 120, "Columna": "baja" }, "geometry": { "type": "MultiPoint", "coordinates": [ [ -58.781404, -38.153104, 61.116032 ] ] } },
{ "type": "Feature", "properties": { "id": 1705, "tipo": null, "Potencia": null, "Columna": null }, "geometry": { "type": "MultiPoint", "coordinates": [ [ -58.78106, -38.152929, 61.116032 ] ] } },
{ "type": "Feature", "properties": { "id": 1706, "tipo": null, "Potencia": null, "Columna": null }, "geometry": { "type": "MultiPoint", "coordinates": [ [ -58.780892, -38.152797, 61.116032 ] ] } },
{ "type": "Feature", "properties": { "id": 1707, "tipo": null, "Potencia": null, "Columna": null }, "geometry": { "type": "MultiPoint", "coordinates": [ [ -58.780513, -38.152498, 61.843826 ] ] } },
{ "type": "Feature", "properties": { "id": 1708, "tipo": null, "Potencia": null, "Columna": null }, "geometry": { "type": "MultiPoint", "coordinates": [ [ -58.780203, -38.152252, 59.352531 ] ] } },
{ "type": "Feature", "properties": { "id": 1709, "tipo": null, "Potencia": null, "Columna": null }, "geometry": { "type": "MultiPoint", "coordinates": [ [ -58.781399, -38.151561, 62.60894 ] ] } },
{ "type": "Feature", "properties": { "id": 1710, "tipo": null, "Potencia": null, "Columna": null }, "geometry": { "type": "MultiPoint", "coordinates": [ [ -58.781644, -38.151939, 62.98217 ] ] } },
{ "type": "Feature", "properties": { "id": 1711, "tipo": null, "Potencia": null, "Columna": null }, "geometry": { "type": "MultiPoint", "coordinates": [ [ -58.782014, -38.152082, 62.972839 ] ] } },
{ "type": "Feature", "properties": { "id": 1712, "tipo": null, "Potencia": null, "Columna": null }, "geometry": { "type": "MultiPoint", "coordinates": [ [ -58.782278, -38.152293, 62.972839 ] ] } },
{ "type": "Feature", "properties": { "id": 1713, "tipo": null, "Potencia": null, "Columna": null }, "geometry": { "type": "MultiPoint", "coordinates": [ [ -58.782495, -38.152628, 62.972839 ] ] } },
{ "type": "Feature", "properties": { "id": 1714, "tipo": null, "Potencia": null, "Columna": null }, "geometry": { "type": "MultiPoint", "coordinates": [ [ -58.782951, -38.152833, 62.972839 ] ] } },
{ "type": "Feature", "properties": { "id": 1715, "tipo": null, "Potencia": null, "Columna": null }, "geometry": { "type": "MultiPoint", "coordinates": [ [ -58.783258, -38.153244, 62.972839 ] ] } },
{ "type": "Feature", "properties": { "id": 1716, "tipo": null, "Potencia": null, "Columna": null }, "geometry": { "type": "MultiPoint", "coordinates": [ [ -58.783584, -38.153342, 60.612175 ] ] } },
{ "type": "Feature", "properties": { "id": 1717, "tipo": null, "Potencia": null, "Columna": null }, "geometry": { "type": "MultiPoint", "coordinates": [ [ -58.78382, -38.153535, 60.024342 ] ] } },
{ "type": "Feature", "properties": { "id": 1718, "tipo": null, "Potencia": null, "Columna": null }, "geometry": { "type": "MultiPoint", "coordinates": [ [ -58.78406, -38.153734, 60.602844 ] ] } },
{ "type": "Feature", "properties": { "id": 1719, "tipo": null, "Potencia": null, "Columna": null }, "geometry": { "type": "MultiPoint", "coordinates": [ [ -58.784447, -38.154058, 60.210953 ] ] } },
{ "type": "Feature", "properties": { "id": 1720, "tipo": null, "Potencia": null, "Columna": null }, "geometry": { "type": "MultiPoint", "coordinates": [ [ -58.784821, -38.154356, 61.21867 ] ] } },
{ "type": "Feature", "properties": { "id": 1721, "tipo": null, "Potencia": null, "Columna": null }, "geometry": { "type": "MultiPoint", "coordinates": [ [ -58.78499, -38.154667, 61.21867 ] ] } },
{ "type": "Feature", "properties": { "id": 1722, "tipo": "led", "Potencia": null, "Columna": null }, "geometry": { "type": "MultiPoint", "coordinates": [ [ -58.785496, -38.155027, 61.21867 ] ] } },
{ "type": "Feature", "properties": { "id": 1723, "tipo": "led", "Potencia": null, "Columna": null }, "geometry": { "type": "MultiPoint", "coordinates": [ [ -58.785835, -38.155205, 61.461266 ] ] } },
{ "type": "Feature", "properties": { "id": 1724, "tipo": "led", "Potencia": null, "Columna": null }, "geometry": { "type": "MultiPoint", "coordinates": [ [ -58.786004, -38.15545, 61.060047 ] ] } },
{ "type": "Feature", "properties": { "id": 1725, "tipo": "led", "Potencia": null, "Columna": null }, "geometry": { "type": "MultiPoint", "coordinates": [ [ -58.786351, -38.155635, 60.910755 ] ] } },
{ "type": "Feature", "properties": { "id": 1726, "tipo": "led", "Potencia": null, "Columna": null }, "geometry": { "type": "MultiPoint", "coordinates": [ [ -58.786531, -38.155886, 60.910755 ] ] } },
{ "type": "Feature", "properties": { "id": 1727, "tipo": "led", "Potencia": null, "Columna": null }, "geometry": { "type": "MultiPoint", "coordinates": [ [ -58.786892, -38.156076, 60.910755 ] ] } },
{ "type": "Feature", "properties": { "id": 1728, "tipo": "led", "Potencia": null, "Columna": null }, "geometry": { "type": "MultiPoint", "coordinates": [ [ -58.787048, -38.156109, 60.910755 ] ] } },
{ "type": "Feature", "properties": { "id": 1729, "tipo": "led", "Potencia": null, "Columna": null }, "geometry": { "type": "MultiPoint", "coordinates": [ [ -58.787297, -38.155904, 60.910755 ] ] } },
{ "type": "Feature", "properties": { "id": 1730, "tipo": "led", "Potencia": null, "Columna": null }, "geometry": { "type": "MultiPoint", "coordinates": [ [ -58.787476, -38.155756, 60.910755 ] ] } },
{ "type": "Feature", "properties": { "id": 1731, "tipo": "led", "Potencia": null, "Columna": null }, "geometry": { "type": "MultiPoint", "coordinates": [ [ -58.787744, -38.155569, 60.910755 ] ] } },
{ "type": "Feature", "properties": { "id": 1732, "tipo": "led", "Potencia": null, "Columna": null }, "geometry": { "type": "MultiPoint", "coordinates": [ [ -58.78686, -38.15626, 61.172016 ] ] } },
{ "type": "Feature", "properties": { "id": 1733, "tipo": "led", "Potencia": null, "Columna": null }, "geometry": { "type": "MultiPoint", "coordinates": [ [ -58.78665, -38.156392, 60.96674 ] ] } },
{ "type": "Feature", "properties": { "id": 1734, "tipo": "led", "Potencia": null, "Columna": null }, "geometry": { "type": "MultiPoint", "coordinates": [ [ -58.786419, -38.156587, 60.612175 ] ] } },
{ "type": "Feature", "properties": { "id": 1735, "tipo": "led", "Potencia": null, "Columna": null }, "geometry": { "type": "MultiPoint", "coordinates": [ [ -58.786161, -38.156788, 60.500206 ] ] } },
{ "type": "Feature", "properties": { "id": 1736, "tipo": "led", "Potencia": null, "Columna": null }, "geometry": { "type": "MultiPoint", "coordinates": [ [ -58.787149, -38.156284, 61.63855 ] ] } },
{ "type": "Feature", "properties": { "id": 1737, "tipo": "led", "Potencia": null, "Columna": null }, "geometry": { "type": "MultiPoint", "coordinates": [ [ -58.787382, -38.156458, 61.479927 ] ] } },
{ "type": "Feature", "properties": { "id": 1738, "tipo": "led", "Potencia": null, "Columna": null }, "geometry": { "type": "MultiPoint", "coordinates": [ [ -58.787395, -38.156764, 60.97607 ] ] } },
{ "type": "Feature", "properties": { "id": 1739, "tipo": "led", "Potencia": null, "Columna": null }, "geometry": { "type": "MultiPoint", "coordinates": [ [ -58.787085, -38.15704, 60.97607 ] ] } },
{ "type": "Feature", "properties": { "id": 1740, "tipo": "led", "Potencia": null, "Columna": null }, "geometry": { "type": "MultiPoint", "coordinates": [ [ -58.786767, -38.157253, 60.97607 ] ] } },
{ "type": "Feature", "properties": { "id": 1741, "tipo": "led", "Potencia": null, "Columna": null }, "geometry": { "type": "MultiPoint", "coordinates": [ [ -58.786387, -38.157441, 60.97607 ] ] } },
{ "type": "Feature", "properties": { "id": 1742, "tipo": "led", "Potencia": null, "Columna": null }, "geometry": { "type": "MultiPoint", "coordinates": [ [ -58.786139, -38.157726, 60.97607 ] ] } },
{ "type": "Feature", "properties": { "id": 1743, "tipo": "led", "Potencia": null, "Columna": null }, "geometry": { "type": "MultiPoint", "coordinates": [ [ -58.785771, -38.157898, 60.97607 ] ] } },
{ "type": "Feature", "properties": { "id": 1744, "tipo": null, "Potencia": 150, "Columna": "alta" }, "geometry": { "type": "MultiPoint", "coordinates": [ [ -58.785476, -38.15822, 60.97607 ] ] } },
{ "type": "Feature", "properties": { "id": 1745, "tipo": null, "Potencia": 150, "Columna": "alta" }, "geometry": { "type": "MultiPoint", "coordinates": [ [ -58.785095, -38.158432, 60.985401 ] ] } },
{ "type": "Feature", "properties": { "id": 1746, "tipo": null, "Potencia": 150, "Columna": "alta" }, "geometry": { "type": "MultiPoint", "coordinates": [ [ -58.784875, -38.158682, 60.985401 ] ] } },
{ "type": "Feature", "properties": { "id": 1747, "tipo": "led 11va", "Potencia": null, "Columna": null }, "geometry": { "type": "MultiPoint", "coordinates": [ [ -58.784525, -38.158889, 60.985401 ] ] } },
{ "type": "Feature", "properties": { "id": 1748, "tipo": "led 11va", "Potencia": null, "Columna": null }, "geometry": { "type": "MultiPoint", "coordinates": [ [ -58.784225, -38.159206, 60.985401 ] ] } },
{ "type": "Feature", "properties": { "id": 1749, "tipo": "led 11va", "Potencia": null, "Columna": null }, "geometry": { "type": "MultiPoint", "coordinates": [ [ -58.783884, -38.159364, 60.985401 ] ] } },
{ "type": "Feature", "properties": { "id": 1750, "tipo": "led", "Potencia": null, "Columna": null }, "geometry": { "type": "MultiPoint", "coordinates": [ [ -58.783625, -38.159657, 60.985401 ] ] } },
{ "type": "Feature", "properties": { "id": 1751, "tipo": "led", "Potencia": null, "Columna": null }, "geometry": { "type": "MultiPoint", "coordinates": [ [ -58.783251, -38.15983, 60.985401 ] ] } },
{ "type": "Feature", "properties": { "id": 1752, "tipo": "led", "Potencia": null, "Columna": null }, "geometry": { "type": "MultiPoint", "coordinates": [ [ -58.782967, -38.16015, 60.985401 ] ] } },
{ "type": "Feature", "properties": { "id": 1753, "tipo": "led", "Potencia": null, "Columna": null }, "geometry": { "type": "MultiPoint", "coordinates": [ [ -58.782622, -38.1603, 59.399185 ] ] } },
{ "type": "Feature", "properties": { "id": 1754, "tipo": "led", "Potencia": null, "Columna": null }, "geometry": { "type": "MultiPoint", "coordinates": [ [ -58.782497, -38.160503, 59.63245 ] ] } },
{ "type": "Feature", "properties": { "id": 1755, "tipo": "led", "Potencia": null, "Columna": null }, "geometry": { "type": "MultiPoint", "coordinates": [ [ -58.782194, -38.160657, 59.287216 ] ] } },
{ "type": "Feature", "properties": { "id": 1756, "tipo": "led", "Potencia": null, "Columna": null }, "geometry": { "type": "MultiPoint", "coordinates": [ [ -58.782003, -38.160894, 58.690052 ] ] } },
{ "type": "Feature", "properties": { "id": 1757, "tipo": "led", "Potencia": null, "Columna": null }, "geometry": { "type": "MultiPoint", "coordinates": [ [ -58.781704, -38.161011, 60.360245 ] ] } },
{ "type": "Feature", "properties": { "id": 1758, "tipo": "led", "Potencia": null, "Columna": null }, "geometry": { "type": "MultiPoint", "coordinates": [ [ -58.781521, -38.161236, 60.052334 ] ] } },
{ "type": "Feature", "properties": { "id": 1759, "tipo": "led", "Potencia": null, "Columna": null }, "geometry": { "type": "MultiPoint", "coordinates": [ [ -58.781223, -38.161367, 61.442604 ] ] } },
{ "type": "Feature", "properties": { "id": 1760, "tipo": "led", "Potencia": null, "Columna": null }, "geometry": { "type": "MultiPoint", "coordinates": [ [ -58.781092, -38.161557, 59.940365 ] ] } },
{ "type": "Feature", "properties": { "id": 1761, "tipo": "led", "Potencia": null, "Columna": null }, "geometry": { "type": "MultiPoint", "coordinates": [ [ -58.782208, -38.162381, 59.660442 ] ] } },
{ "type": "Feature", "properties": { "id": 1762, "tipo": "led", "Potencia": null, "Columna": null }, "geometry": { "type": "MultiPoint", "coordinates": [ [ -58.782327, -38.16217, 60.985401 ] ] } },
{ "type": "Feature", "properties": { "id": 1763, "tipo": "led", "Potencia": null, "Columna": null }, "geometry": { "type": "MultiPoint", "coordinates": [ [ -58.782588, -38.162106, 59.417847 ] ] } },
{ "type": "Feature", "properties": { "id": 1764, "tipo": "led", "Potencia": null, "Columna": null }, "geometry": { "type": "MultiPoint", "coordinates": [ [ -58.782752, -38.161903, 60.696152 ] ] } },
{ "type": "Feature", "properties": { "id": 1765, "tipo": "led", "Potencia": null, "Columna": null }, "geometry": { "type": "MultiPoint", "coordinates": [ [ -58.783012, -38.161766, 61.106701 ] ] } },
{ "type": "Feature", "properties": { "id": 1766, "tipo": "led", "Potencia": null, "Columna": null }, "geometry": { "type": "MultiPoint", "coordinates": [ [ -58.783183, -38.161537, 61.442604 ] ] } },
{ "type": "Feature", "properties": { "id": 1767, "tipo": "led", "Potencia": null, "Columna": null }, "geometry": { "type": "MultiPoint", "coordinates": [ [ -58.783438, -38.16141, 60.808117 ] ] } },
{ "type": "Feature", "properties": { "id": 1768, "tipo": "led", "Potencia": null, "Columna": null }, "geometry": { "type": "MultiPoint", "coordinates": [ [ -58.783654, -38.161177, 60.808117 ] ] } },
{ "type": "Feature", "properties": { "id": 1769, "tipo": "led", "Potencia": null, "Columna": null }, "geometry": { "type": "MultiPoint", "coordinates": [ [ -58.783978, -38.161029, 60.808117 ] ] } },
{ "type": "Feature", "properties": { "id": 1770, "tipo": "led", "Potencia": null, "Columna": null }, "geometry": { "type": "MultiPoint", "coordinates": [ [ -58.78412, -38.16083, 60.808117 ] ] } },
{ "type": "Feature", "properties": { "id": 1771, "tipo": "led", "Potencia": null, "Columna": null }, "geometry": { "type": "MultiPoint", "coordinates": [ [ -58.784447, -38.160701, 60.808117 ] ] } },
{ "type": "Feature", "properties": { "id": 1772, "tipo": "led", "Potencia": null, "Columna": null }, "geometry": { "type": "MultiPoint", "coordinates": [ [ -58.78468, -38.160504, 61.125362 ] ] } },
{ "type": "Feature", "properties": { "id": 1773, "tipo": "led", "Potencia": null, "Columna": null }, "geometry": { "type": "MultiPoint", "coordinates": [ [ -58.784927, -38.160332, 59.856388 ] ] } },
{ "type": "Feature", "properties": { "id": 1774, "tipo": "led", "Potencia": null, "Columna": null }, "geometry": { "type": "MultiPoint", "coordinates": [ [ -58.785155, -38.160164, 60.994732 ] ] } },
{ "type": "Feature", "properties": { "id": 1775, "tipo": "led", "Potencia": null, "Columna": null }, "geometry": { "type": "MultiPoint", "coordinates": [ [ -58.785393, -38.159977, 60.490875 ] ] } },
{ "type": "Feature", "properties": { "id": 1776, "tipo": "led", "Potencia": null, "Columna": null }, "geometry": { "type": "MultiPoint", "coordinates": [ [ -58.785596, -38.159794, 58.680721 ] ] } },
{ "type": "Feature", "properties": { "id": 1777, "tipo": "led 12va", "Potencia": null, "Columna": null }, "geometry": { "type": "MultiPoint", "coordinates": [ [ -58.78587, -38.15961, 58.671391 ] ] } },
{ "type": "Feature", "properties": { "id": 1778, "tipo": "led 12va", "Potencia": null, "Columna": null }, "geometry": { "type": "MultiPoint", "coordinates": [ [ -58.786138, -38.159395, 58.671391 ] ] } },
{ "type": "Feature", "properties": { "id": 1779, "tipo": "led 12va", "Potencia": null, "Columna": null }, "geometry": { "type": "MultiPoint", "coordinates": [ [ -58.786322, -38.159255, 58.671391 ] ] } },
{ "type": "Feature", "properties": { "id": 1780, "tipo": "led 12va", "Potencia": null, "Columna": null }, "geometry": { "type": "MultiPoint", "coordinates": [ [ -58.786571, -38.159062, 58.671391 ] ] } },
{ "type": "Feature", "properties": { "id": 1781, "tipo": null, "Potencia": null, "Columna": null }, "geometry": { "type": "MultiPoint", "coordinates": [ [ -58.786857, -38.158846, 58.671391 ] ] } },
{ "type": "Feature", "properties": { "id": 1782, "tipo": null, "Potencia": null, "Columna": null }, "geometry": { "type": "MultiPoint", "coordinates": [ [ -58.787006, -38.158742, 58.671391 ] ] } },
{ "type": "Feature", "properties": { "id": 1783, "tipo": null, "Potencia": null, "Columna": null }, "geometry": { "type": "MultiPoint", "coordinates": [ [ -58.787295, -38.158515, 58.671391 ] ] } },
{ "type": "Feature", "properties": { "id": 1784, "tipo": null, "Potencia": null, "Columna": null }, "geometry": { "type": "MultiPoint", "coordinates": [ [ -58.787483, -38.158368, 58.671391 ] ] } },
{ "type": "Feature", "properties": { "id": 1785, "tipo": null, "Potencia": null, "Columna": null }, "geometry": { "type": "MultiPoint", "coordinates": [ [ -58.788134, -38.157749, 58.671391 ] ] } },
{ "type": "Feature", "properties": { "id": 1786, "tipo": null, "Potencia": null, "Columna": null }, "geometry": { "type": "MultiPoint", "coordinates": [ [ -58.788547, -38.157521, 58.671391 ] ] } },
{ "type": "Feature", "properties": { "id": 1787, "tipo": null, "Potencia": null, "Columna": null }, "geometry": { "type": "MultiPoint", "coordinates": [ [ -58.789396, -38.156834, 58.671391 ] ] } },
{ "type": "Feature", "properties": { "id": 1788, "tipo": "led", "Potencia": null, "Columna": null }, "geometry": { "type": "MultiPoint", "coordinates": [ [ -58.788292, -38.155966, 58.671391 ] ] } },
{ "type": "Feature", "properties": { "id": 1789, "tipo": "led", "Potencia": null, "Columna": null }, "geometry": { "type": "MultiPoint", "coordinates": [ [ -58.788078, -38.156128, 58.671391 ] ] } },
{ "type": "Feature", "properties": { "id": 1790, "tipo": "led", "Potencia": null, "Columna": null }, "geometry": { "type": "MultiPoint", "coordinates": [ [ -58.787837, -38.156311, 58.671391 ] ] } },
{ "type": "Feature", "properties": { "id": 1791, "tipo": "led", "Potencia": null, "Columna": null }, "geometry": { "type": "MultiPoint", "coordinates": [ [ -58.787594, -38.156493, 60.714813 ] ] } },
{ "type": "Feature", "properties": { "id": 1792, "tipo": "led", "Potencia": null, "Columna": null }, "geometry": { "type": "MultiPoint", "coordinates": [ [ -58.78767, -38.156792, 61.741188 ] ] } },
{ "type": "Feature", "properties": { "id": 1793, "tipo": "led", "Potencia": null, "Columna": null }, "geometry": { "type": "MultiPoint", "coordinates": [ [ -58.787921, -38.157002, 61.610558 ] ] } },
{ "type": "Feature", "properties": { "id": 1794, "tipo": "led", "Potencia": null, "Columna": null }, "geometry": { "type": "MultiPoint", "coordinates": [ [ -58.788175, -38.157209, 60.584183 ] ] } },
{ "type": "Feature", "properties": { "id": 1795, "tipo": "led", "Potencia": null, "Columna": null }, "geometry": { "type": "MultiPoint", "coordinates": [ [ -58.78842, -38.157413, 58.820683 ] ] } },
{ "type": "Feature", "properties": { "id": 1796, "tipo": null, "Potencia": null, "Columna": null }, "geometry": { "type": "MultiPoint", "coordinates": [ [ -58.788788, -38.15624, 58.671391 ] ] } },
{ "type": "Feature", "properties": { "id": 1797, "tipo": "led", "Potencia": null, "Columna": null }, "geometry": { "type": "MultiPoint", "coordinates": [ [ -58.783267, -38.163335, 161.159714 ] ] } },
{ "type": "Feature", "properties": { "id": 1798, "tipo": "led", "Potencia": null, "Columna": null }, "geometry": { "type": "MultiPoint", "coordinates": [ [ -58.783497, -38.163078, 161.159714 ] ] } },
{ "type": "Feature", "properties": { "id": 1799, "tipo": "led", "Potencia": null, "Columna": null }, "geometry": { "type": "MultiPoint", "coordinates": [ [ -58.783875, -38.16276, 161.159714 ] ] } },
{ "type": "Feature", "properties": { "id": 1800, "tipo": "led", "Potencia": null, "Columna": null }, "geometry": { "type": "MultiPoint", "coordinates": [ [ -58.784158, -38.162525, 161.159714 ] ] } },
{ "type": "Feature", "properties": { "id": 1801, "tipo": "led", "Potencia": null, "Columna": null }, "geometry": { "type": "MultiPoint", "coordinates": [ [ -58.784477, -38.162287, 161.159714 ] ] } },
{ "type": "Feature", "properties": { "id": 1802, "tipo": "led", "Potencia": null, "Columna": null }, "geometry": { "type": "MultiPoint", "coordinates": [ [ -58.78477, -38.162036, 161.159714 ] ] } },
{ "type": "Feature", "properties": { "id": 1803, "tipo": "led", "Potencia": null, "Columna": null }, "geometry": { "type": "MultiPoint", "coordinates": [ [ -58.785114, -38.161806, 161.159714 ] ] } },
{ "type": "Feature", "properties": { "id": 1804, "tipo": "led", "Potencia": null, "Columna": null }, "geometry": { "type": "MultiPoint", "coordinates": [ [ -58.78544, -38.161553, 162.344711 ] ] } },
{ "type": "Feature", "properties": { "id": 1805, "tipo": "led", "Potencia": null, "Columna": null }, "geometry": { "type": "MultiPoint", "coordinates": [ [ -58.78575, -38.161312, 163.455063 ] ] } },
{ "type": "Feature", "properties": { "id": 1806, "tipo": "led", "Potencia": null, "Columna": null }, "geometry": { "type": "MultiPoint", "coordinates": [ [ -58.786034, -38.161075, 163.455063 ] ] } },
{ "type": "Feature", "properties": { "id": 1807, "tipo": "led", "Potencia": null, "Columna": null }, "geometry": { "type": "MultiPoint", "coordinates": [ [ -58.786365, -38.160832, 163.455063 ] ] } },
{ "type": "Feature", "properties": { "id": 1808, "tipo": "led", "Potencia": null, "Columna": null }, "geometry": { "type": "MultiPoint", "coordinates": [ [ -58.786683, -38.160589, 163.445724 ] ] } },
{ "type": "Feature", "properties": { "id": 1809, "tipo": "led", "Potencia": null, "Columna": null }, "geometry": { "type": "MultiPoint", "coordinates": [ [ -58.787003, -38.16035, 163.445724 ] ] } },
{ "type": "Feature", "properties": { "id": 1810, "tipo": "led", "Potencia": null, "Columna": null }, "geometry": { "type": "MultiPoint", "coordinates": [ [ -58.787308, -38.160101, 163.445724 ] ] } },
{ "type": "Feature", "properties": { "id": 1811, "tipo": "led", "Potencia": null, "Columna": null }, "geometry": { "type": "MultiPoint", "coordinates": [ [ -58.787631, -38.159859, 163.445724 ] ] } },
{ "type": "Feature", "properties": { "id": 1812, "tipo": "led", "Potencia": null, "Columna": null }, "geometry": { "type": "MultiPoint", "coordinates": [ [ -58.787955, -38.159609, 162.932541 ] ] } },
{ "type": "Feature", "properties": { "id": 1813, "tipo": "led", "Potencia": null, "Columna": null }, "geometry": { "type": "MultiPoint", "coordinates": [ [ -58.788261, -38.159376, 162.633957 ] ] } },
{ "type": "Feature", "properties": { "id": 1814, "tipo": "led", "Potencia": null, "Columna": null }, "geometry": { "type": "MultiPoint", "coordinates": [ [ -58.788532, -38.159181, 162.736603 ] ] } },
{ "type": "Feature", "properties": { "id": 1815, "tipo": "led", "Potencia": null, "Columna": null }, "geometry": { "type": "MultiPoint", "coordinates": [ [ -58.788864, -38.159062, 163.76297 ] ] } },
{ "type": "Feature", "properties": { "id": 1816, "tipo": "led", "Potencia": null, "Columna": null }, "geometry": { "type": "MultiPoint", "coordinates": [ [ -58.789118, -38.158885, 163.287109 ] ] } },
{ "type": "Feature", "properties": { "id": 1817, "tipo": "led", "Potencia": null, "Columna": null }, "geometry": { "type": "MultiPoint", "coordinates": [ [ -58.789354, -38.158694, 163.287109 ] ] } },
{ "type": "Feature", "properties": { "id": 1818, "tipo": "led", "Potencia": null, "Columna": null }, "geometry": { "type": "MultiPoint", "coordinates": [ [ -58.789601, -38.158501, 163.287109 ] ] } },
{ "type": "Feature", "properties": { "id": 1819, "tipo": "led", "Potencia": null, "Columna": null }, "geometry": { "type": "MultiPoint", "coordinates": [ [ -58.789819, -38.158333, 163.287109 ] ] } },
{ "type": "Feature", "properties": { "id": 1820, "tipo": "led", "Potencia": null, "Columna": null }, "geometry": { "type": "MultiPoint", "coordinates": [ [ -58.790055, -38.158155, 160.525223 ] ] } },
{ "type": "Feature", "properties": { "id": 1821, "tipo": "led", "Potencia": null, "Columna": null }, "geometry": { "type": "MultiPoint", "coordinates": [ [ -58.790299, -38.15797, 163.268448 ] ] } },
{ "type": "Feature", "properties": { "id": 1822, "tipo": "led", "Potencia": null, "Columna": null }, "geometry": { "type": "MultiPoint", "coordinates": [ [ -58.790516, -38.157801, 163.184464 ] ] } },
{ "type": "Feature", "properties": { "id": 1823, "tipo": "led", "Potencia": null, "Columna": null }, "geometry": { "type": "MultiPoint", "coordinates": [ [ -58.790753, -38.157625, 162.32605 ] ] } },
{ "type": "Feature", "properties": { "id": 1824, "tipo": "led", "Potencia": null, "Columna": null }, "geometry": { "type": "MultiPoint", "coordinates": [ [ -58.790983, -38.157448, 162.997849 ] ] } },
{ "type": "Feature", "properties": { "id": 1825, "tipo": "led", "Potencia": null, "Columna": null }, "geometry": { "type": "MultiPoint", "coordinates": [ [ -58.791217, -38.157273, 163.184464 ] ] } },
{ "type": "Feature", "properties": { "id": 1826, "tipo": "led", "Potencia": null, "Columna": null }, "geometry": { "type": "MultiPoint", "coordinates": [ [ -58.791471, -38.157081, 163.623016 ] ] } },
{ "type": "Feature", "properties": { "id": 1827, "tipo": "led", "Potencia": null, "Columna": null }, "geometry": { "type": "MultiPoint", "coordinates": [ [ -58.791709, -38.156902, 163.38974 ] ] } },
{ "type": "Feature", "properties": { "id": 1828, "tipo": "led", "Potencia": null, "Columna": null }, "geometry": { "type": "MultiPoint", "coordinates": [ [ -58.791938, -38.156724, 163.706985 ] ] } },
{ "type": "Feature", "properties": { "id": 1829, "tipo": "led", "Potencia": null, "Columna": null }, "geometry": { "type": "MultiPoint", "coordinates": [ [ -58.792173, -38.156549, 164.332138 ] ] } },
{ "type": "Feature", "properties": { "id": 1830, "tipo": "led", "Potencia": null, "Columna": null }, "geometry": { "type": "MultiPoint", "coordinates": [ [ -58.792409, -38.156365, 164.537415 ] ] } },
{ "type": "Feature", "properties": { "id": 1831, "tipo": "led", "Potencia": null, "Columna": null }, "geometry": { "type": "MultiPoint", "coordinates": [ [ -58.792642, -38.156179, 164.714706 ] ] } },
{ "type": "Feature", "properties": { "id": 1832, "tipo": "led", "Potencia": null, "Columna": null }, "geometry": { "type": "MultiPoint", "coordinates": [ [ -58.792886, -38.155999, 165.666428 ] ] } },
{ "type": "Feature", "properties": { "id": 1833, "tipo": "led", "Potencia": null, "Columna": null }, "geometry": { "type": "MultiPoint", "coordinates": [ [ -58.793136, -38.155816, 166.468872 ] ] } },
{ "type": "Feature", "properties": { "id": 1834, "tipo": "led", "Potencia": null, "Columna": null }, "geometry": { "type": "MultiPoint", "coordinates": [ [ -58.793356, -38.155646, 165.489151 ] ] } },
{ "type": "Feature", "properties": { "id": 1835, "tipo": "led", "Potencia": null, "Columna": null }, "geometry": { "type": "MultiPoint", "coordinates": [ [ -58.793596, -38.155464, 164.947968 ] ] } },
{ "type": "Feature", "properties": { "id": 1836, "tipo": "led", "Potencia": null, "Columna": null }, "geometry": { "type": "MultiPoint", "coordinates": [ [ -58.793854, -38.155279, 165.81572 ] ] } },
{ "type": "Feature", "properties": { "id": 1837, "tipo": "led", "Potencia": null, "Columna": null }, "geometry": { "type": "MultiPoint", "coordinates": [ [ -58.794088, -38.155104, 165.797058 ] ] } },
{ "type": "Feature", "properties": { "id": 1838, "tipo": "led", "Potencia": null, "Columna": null }, "geometry": { "type": "MultiPoint", "coordinates": [ [ -58.794327, -38.154921, 166.384903 ] ] } },
{ "type": "Feature", "properties": { "id": 1839, "tipo": "led", "Potencia": null, "Columna": null }, "geometry": { "type": "MultiPoint", "coordinates": [ [ -58.793177, -38.153978, 166.142303 ] ] } },
{ "type": "Feature", "properties": { "id": 1840, "tipo": "led", "Potencia": null, "Columna": null }, "geometry": { "type": "MultiPoint", "coordinates": [ [ -58.793004, -38.15411, 165.703751 ] ] } },
{ "type": "Feature", "properties": { "id": 1841, "tipo": "led", "Potencia": null, "Columna": null }, "geometry": { "type": "MultiPoint", "coordinates": [ [ -58.792767, -38.154289, 165.358521 ] ] } },
{ "type": "Feature", "properties": { "id": 1842, "tipo": "led", "Potencia": null, "Columna": null }, "geometry": { "type": "MultiPoint", "coordinates": [ [ -58.792545, -38.154457, 164.826675 ] ] } },
{ "type": "Feature", "properties": { "id": 1843, "tipo": "led", "Potencia": null, "Columna": null }, "geometry": { "type": "MultiPoint", "coordinates": [ [ -58.792339, -38.154622, 164.957306 ] ] } },
{ "type": "Feature", "properties": { "id": 1844, "tipo": "led", "Potencia": null, "Columna": null }, "geometry": { "type": "MultiPoint", "coordinates": [ [ -58.792146, -38.154766, 164.490768 ] ] } },
{ "type": "Feature", "properties": { "id": 1845, "tipo": null, "Potencia": null, "Columna": null }, "geometry": { "type": "MultiPoint", "coordinates": [ [ -58.791807, -38.155143, 164.098877 ] ] } },
{ "type": "Feature", "properties": { "id": 1846, "tipo": null, "Potencia": null, "Columna": null }, "geometry": { "type": "MultiPoint", "coordinates": [ [ -58.791195, -38.153892, 166.039658 ] ] } },
{ "type": "Feature", "properties": { "id": 1847, "tipo": null, "Potencia": null, "Columna": null }, "geometry": { "type": "MultiPoint", "coordinates": [ [ -58.791379, -38.153749, 166.039658 ] ] } },
{ "type": "Feature", "properties": { "id": 1848, "tipo": null, "Potencia": null, "Columna": null }, "geometry": { "type": "MultiPoint", "coordinates": [ [ -58.791567, -38.153609, 166.039658 ] ] } },
{ "type": "Feature", "properties": { "id": 1849, "tipo": null, "Potencia": null, "Columna": null }, "geometry": { "type": "MultiPoint", "coordinates": [ [ -58.791987, -38.153285, 165.535797 ] ] } },
{ "type": "Feature", "properties": { "id": 1850, "tipo": null, "Potencia": null, "Columna": null }, "geometry": { "type": "MultiPoint", "coordinates": [ [ -58.792201, -38.153126, 164.089539 ] ] } },
{ "type": "Feature", "properties": { "id": 1851, "tipo": null, "Potencia": null, "Columna": null }, "geometry": { "type": "MultiPoint", "coordinates": [ [ -58.792363, -38.153173, 163.04451 ] ] } },
{ "type": "Feature", "properties": { "id": 1852, "tipo": null, "Potencia": null, "Columna": null }, "geometry": { "type": "MultiPoint", "coordinates": [ [ -58.792603, -38.153373, 164.173523 ] ] } },
{ "type": "Feature", "properties": { "id": 1853, "tipo": null, "Potencia": null, "Columna": null }, "geometry": { "type": "MultiPoint", "coordinates": [ [ -58.792864, -38.153586, 163.837616 ] ] } },
{ "type": "Feature", "properties": { "id": 1854, "tipo": null, "Potencia": null, "Columna": null }, "geometry": { "type": "MultiPoint", "coordinates": [ [ -58.79319, -38.153841, 163.651001 ] ] } },
{ "type": "Feature", "properties": { "id": 1855, "tipo": null, "Potencia": null, "Columna": null }, "geometry": { "type": "MultiPoint", "coordinates": [ [ -58.793386, -38.154007, 165.769073 ] ] } },
{ "type": "Feature", "properties": { "id": 1856, "tipo": null, "Potencia": null, "Columna": null }, "geometry": { "type": "MultiPoint", "coordinates": [ [ -58.793592, -38.154182, 165.787735 ] ] } },
{ "type": "Feature", "properties": { "id": 1857, "tipo": null, "Potencia": null, "Columna": null }, "geometry": { "type": "MultiPoint", "coordinates": [ [ -58.793806, -38.15436, 164.621399 ] ] } },
{ "type": "Feature", "properties": { "id": 1858, "tipo": null, "Potencia": null, "Columna": null }, "geometry": { "type": "MultiPoint", "coordinates": [ [ -58.794008, -38.154536, 165.171906 ] ] } },
{ "type": "Feature", "properties": { "id": 1859, "tipo": null, "Potencia": null, "Columna": null }, "geometry": { "type": "MultiPoint", "coordinates": [ [ -58.794228, -38.1547, 165.619781 ] ] } },
{ "type": "Feature", "properties": { "id": 1860, "tipo": null, "Potencia": null, "Columna": null }, "geometry": { "type": "MultiPoint", "coordinates": [ [ -58.793559, -38.155052, 165.619781 ] ] } },
{ "type": "Feature", "properties": { "id": 1861, "tipo": null, "Potencia": null, "Columna": null }, "geometry": { "type": "MultiPoint", "coordinates": [ [ -58.793332, -38.154846, 165.619781 ] ] } },
{ "type": "Feature", "properties": { "id": 1862, "tipo": null, "Potencia": null, "Columna": null }, "geometry": { "type": "MultiPoint", "coordinates": [ [ -58.793147, -38.154684, 165.619781 ] ] } },
{ "type": "Feature", "properties": { "id": 1863, "tipo": null, "Potencia": null, "Columna": null }, "geometry": { "type": "MultiPoint", "coordinates": [ [ -58.792913, -38.154495, 165.619781 ] ] } },
{ "type": "Feature", "properties": { "id": 1864, "tipo": null, "Potencia": null, "Columna": null }, "geometry": { "type": "MultiPoint", "coordinates": [ [ -58.792655, -38.154294, 165.619781 ] ] } },
{ "type": "Feature", "properties": { "id": 1865, "tipo": null, "Potencia": null, "Columna": null }, "geometry": { "type": "MultiPoint", "coordinates": [ [ -58.792427, -38.154103, 165.619781 ] ] } },
{ "type": "Feature", "properties": { "id": 1866, "tipo": null, "Potencia": null, "Columna": null }, "geometry": { "type": "MultiPoint", "coordinates": [ [ -58.792198, -38.15392, 165.619781 ] ] } },
{ "type": "Feature", "properties": { "id": 1867, "tipo": null, "Potencia": null, "Columna": null }, "geometry": { "type": "MultiPoint", "coordinates": [ [ -58.79198, -38.153739, 165.619781 ] ] } },
{ "type": "Feature", "properties": { "id": 1868, "tipo": null, "Potencia": null, "Columna": null }, "geometry": { "type": "MultiPoint", "coordinates": [ [ -58.791747, -38.15354, 161.523605 ] ] } },
{ "type": "Feature", "properties": { "id": 1869, "tipo": null, "Potencia": null, "Columna": null }, "geometry": { "type": "MultiPoint", "coordinates": [ [ -58.7911, -38.154014, 164.696045 ] ] } },
{ "type": "Feature", "properties": { "id": 1870, "tipo": null, "Potencia": null, "Columna": null }, "geometry": { "type": "MultiPoint", "coordinates": [ [ -58.791307, -38.154187, 164.72403 ] ] } },
{ "type": "Feature", "properties": { "id": 1871, "tipo": null, "Potencia": null, "Columna": null }, "geometry": { "type": "MultiPoint", "coordinates": [ [ -58.791532, -38.154358, 164.770691 ] ] } },
{ "type": "Feature", "properties": { "id": 1872, "tipo": null, "Potencia": null, "Columna": null }, "geometry": { "type": "MultiPoint", "coordinates": [ [ -58.791793, -38.154586, 165.311859 ] ] } },
{ "type": "Feature", "properties": { "id": 1873, "tipo": null, "Potencia": null, "Columna": null }, "geometry": { "type": "MultiPoint", "coordinates": [ [ -58.792021, -38.154776, 163.940262 ] ] } },
{ "type": "Feature", "properties": { "id": 1874, "tipo": null, "Potencia": null, "Columna": null }, "geometry": { "type": "MultiPoint", "coordinates": [ [ -58.792216, -38.155041, 165.283875 ] ] } },
{ "type": "Feature", "properties": { "id": 1875, "tipo": null, "Potencia": null, "Columna": null }, "geometry": { "type": "MultiPoint", "coordinates": [ [ -58.79247, -38.155255, 165.09726 ] ] } },
{ "type": "Feature", "properties": { "id": 1876, "tipo": null, "Potencia": null, "Columna": null }, "geometry": { "type": "MultiPoint", "coordinates": [ [ -58.792734, -38.155478, 165.451828 ] ] } },
{ "type": "Feature", "properties": { "id": 1877, "tipo": null, "Potencia": null, "Columna": null }, "geometry": { "type": "MultiPoint", "coordinates": [ [ -58.789846, -38.154801, 161.859512 ] ] } },
{ "type": "Feature", "properties": { "id": 1878, "tipo": null, "Potencia": null, "Columna": null }, "geometry": { "type": "MultiPoint", "coordinates": [ [ -58.789823, -38.154135, 164.164185 ] ] } },
{ "type": "Feature", "properties": { "id": 1879, "tipo": null, "Potencia": null, "Columna": null }, "geometry": { "type": "MultiPoint", "coordinates": [ [ -58.788742, -38.152399, 164.966629 ] ] } },
{ "type": "Feature", "properties": { "id": 1880, "tipo": null, "Potencia": null, "Columna": null }, "geometry": { "type": "MultiPoint", "coordinates": [ [ -58.787756, -38.153923, 165.237213 ] ] } },
{ "type": "Feature", "properties": { "id": 1881, "tipo": null, "Potencia": null, "Columna": null }, "geometry": { "type": "MultiPoint", "coordinates": [ [ -58.788261, -38.154186, 165.237213 ] ] } },
{ "type": "Feature", "properties": { "id": 1882, "tipo": null, "Potencia": null, "Columna": null }, "geometry": { "type": "MultiPoint", "coordinates": [ [ -58.788363, -38.154437, 165.237213 ] ] } },
{ "type": "Feature", "properties": { "id": 1883, "tipo": null, "Potencia": null, "Columna": null }, "geometry": { "type": "MultiPoint", "coordinates": [ [ -58.788771, -38.154768, 165.237213 ] ] } },
{ "type": "Feature", "properties": { "id": 1884, "tipo": null, "Potencia": null, "Columna": null }, "geometry": { "type": "MultiPoint", "coordinates": [ [ -58.789451, -38.155306, 165.22789 ] ] } },
{ "type": "Feature", "properties": { "id": 1885, "tipo": null, "Potencia": null, "Columna": null }, "geometry": { "type": "MultiPoint", "coordinates": [ [ -58.790625, -38.15608, 165.22789 ] ] } },
{ "type": "Feature", "properties": { "id": 1886, "tipo": null, "Potencia": null, "Columna": null }, "geometry": { "type": "MultiPoint", "coordinates": [ [ -58.791045, -38.156435, 165.22789 ] ] } },
{ "type": "Feature", "properties": { "id": 1887, "tipo": "led", "Potencia": null, "Columna": null }, "geometry": { "type": "MultiPoint", "coordinates": [ [ -58.788295, -38.159638, 163.324432 ] ] } },
{ "type": "Feature", "properties": { "id": 1888, "tipo": "led", "Potencia": null, "Columna": null }, "geometry": { "type": "MultiPoint", "coordinates": [ [ -58.787994, -38.159884, 163.949585 ] ] } },
{ "type": "Feature", "properties": { "id": 1889, "tipo": "led", "Potencia": null, "Columna": null }, "geometry": { "type": "MultiPoint", "coordinates": [ [ -58.78771, -38.160102, 165.386505 ] ] } },
{ "type": "Feature", "properties": { "id": 1890, "tipo": "led", "Potencia": null, "Columna": null }, "geometry": { "type": "MultiPoint", "coordinates": [ [ -58.787373, -38.160352, 164.696045 ] ] } },
{ "type": "Feature", "properties": { "id": 1891, "tipo": "led", "Potencia": null, "Columna": null }, "geometry": { "type": "MultiPoint", "coordinates": [ [ -58.78705, -38.160609, 164.322815 ] ] } },
{ "type": "Feature", "properties": { "id": 1892, "tipo": "led", "Potencia": null, "Columna": null }, "geometry": { "type": "MultiPoint", "coordinates": [ [ -58.786757, -38.160821, 164.341476 ] ] } },
{ "type": "Feature", "properties": { "id": 1893, "tipo": "led", "Potencia": null, "Columna": null }, "geometry": { "type": "MultiPoint", "coordinates": [ [ -58.786463, -38.161046, 166.114304 ] ] } },
{ "type": "Feature", "properties": { "id": 1894, "tipo": "led", "Potencia": null, "Columna": null }, "geometry": { "type": "MultiPoint", "coordinates": [ [ -58.786103, -38.161318, 165.834381 ] ] } },
{ "type": "Feature", "properties": { "id": 1895, "tipo": "led", "Potencia": null, "Columna": null }, "geometry": { "type": "MultiPoint", "coordinates": [ [ -58.785818, -38.161539, 165.918365 ] ] } },
{ "type": "Feature", "properties": { "id": 1896, "tipo": "led", "Potencia": null, "Columna": null }, "geometry": { "type": "MultiPoint", "coordinates": [ [ -58.785529, -38.161789, 166.10498 ] ] } },
{ "type": "Feature", "properties": { "id": 1897, "tipo": "led", "Potencia": null, "Columna": null }, "geometry": { "type": "MultiPoint", "coordinates": [ [ -58.785172, -38.162037, 166.450211 ] ] } },
{ "type": "Feature", "properties": { "id": 1898, "tipo": "led", "Potencia": null, "Columna": null }, "geometry": { "type": "MultiPoint", "coordinates": [ [ -58.784852, -38.16226, 165.787735 ] ] } },
{ "type": "Feature", "properties": { "id": 1899, "tipo": "led", "Potencia": null, "Columna": null }, "geometry": { "type": "MultiPoint", "coordinates": [ [ -58.784573, -38.162489, 164.929306 ] ] } },
{ "type": "Feature", "properties": { "id": 1900, "tipo": "led", "Potencia": null, "Columna": null }, "geometry": { "type": "MultiPoint", "coordinates": [ [ -58.784203, -38.16275, 165.489151 ] ] } },
{ "type": "Feature", "properties": { "id": 1901, "tipo": "led", "Potencia": null, "Columna": null }, "geometry": { "type": "MultiPoint", "coordinates": [ [ -58.783939, -38.162988, 165.274536 ] ] } },
{ "type": "Feature", "properties": { "id": 1902, "tipo": "led", "Potencia": null, "Columna": null }, "geometry": { "type": "MultiPoint", "coordinates": [ [ -58.783686, -38.163229, 165.657104 ] ] } },
{ "type": "Feature", "properties": { "id": 1903, "tipo": "led", "Potencia": null, "Columna": null }, "geometry": { "type": "MultiPoint", "coordinates": [ [ -58.783312, -38.163493, 166.067657 ] ] } },
{ "type": "Feature", "properties": { "id": 1904, "tipo": "led", "Potencia": null, "Columna": null }, "geometry": { "type": "MultiPoint", "coordinates": [ [ -58.783416, -38.16381, 108.413307 ] ] } },
{ "type": "Feature", "properties": { "id": 1905, "tipo": "led", "Potencia": null, "Columna": null }, "geometry": { "type": "MultiPoint", "coordinates": [ [ -58.783713, -38.163979, 108.413307 ] ] } },
{ "type": "Feature", "properties": { "id": 1906, "tipo": "led", "Potencia": null, "Columna": null }, "geometry": { "type": "MultiPoint", "coordinates": [ [ -58.784028, -38.164262, 108.413307 ] ] } },
{ "type": "Feature", "properties": { "id": 1907, "tipo": "led", "Potencia": null, "Columna": null }, "geometry": { "type": "MultiPoint", "coordinates": [ [ -58.784322, -38.164497, 108.413307 ] ] } },
{ "type": "Feature", "properties": { "id": 1908, "tipo": "led", "Potencia": null, "Columna": null }, "geometry": { "type": "MultiPoint", "coordinates": [ [ -58.784631, -38.16471, 108.413307 ] ] } },
{ "type": "Feature", "properties": { "id": 1909, "tipo": "led", "Potencia": null, "Columna": null }, "geometry": { "type": "MultiPoint", "coordinates": [ [ -58.784937, -38.16495, 108.413307 ] ] } },
{ "type": "Feature", "properties": { "id": 1910, "tipo": "led", "Potencia": null, "Columna": null }, "geometry": { "type": "MultiPoint", "coordinates": [ [ -58.785258, -38.165219, 107.844139 ] ] } },
{ "type": "Feature", "properties": { "id": 1911, "tipo": "led", "Potencia": null, "Columna": null }, "geometry": { "type": "MultiPoint", "coordinates": [ [ -58.785553, -38.165465, 108.403976 ] ] } },
{ "type": "Feature", "properties": { "id": 1912, "tipo": "led", "Potencia": null, "Columna": null }, "geometry": { "type": "MultiPoint", "coordinates": [ [ -58.785856, -38.165755, 108.581261 ] ] } },
{ "type": "Feature", "properties": { "id": 1913, "tipo": "led", "Potencia": null, "Columna": null }, "geometry": { "type": "MultiPoint", "coordinates": [ [ -58.786195, -38.166, 108.469292 ] ] } },
{ "type": "Feature", "properties": { "id": 1914, "tipo": "led", "Potencia": null, "Columna": null }, "geometry": { "type": "MultiPoint", "coordinates": [ [ -58.786486, -38.166225, 108.963821 ] ] } },
{ "type": "Feature", "properties": { "id": 1915, "tipo": "led", "Potencia": null, "Columna": null }, "geometry": { "type": "MultiPoint", "coordinates": [ [ -58.786785, -38.166469, 108.879845 ] ] } },
{ "type": "Feature", "properties": { "id": 1916, "tipo": "led", "Potencia": null, "Columna": null }, "geometry": { "type": "MultiPoint", "coordinates": [ [ -58.78709, -38.166728, 109.439682 ] ] } },
{ "type": "Feature", "properties": { "id": 1917, "tipo": "led", "Potencia": null, "Columna": null }, "geometry": { "type": "MultiPoint", "coordinates": [ [ -58.787411, -38.167006, 109.579643 ] ] } },
{ "type": "Feature", "properties": { "id": 1918, "tipo": "led", "Potencia": null, "Columna": null }, "geometry": { "type": "MultiPoint", "coordinates": [ [ -58.787686, -38.167223, 109.579643 ] ] } },
{ "type": "Feature", "properties": { "id": 1919, "tipo": "led", "Potencia": null, "Columna": null }, "geometry": { "type": "MultiPoint", "coordinates": [ [ -58.788127, -38.16756, 109.579643 ] ] } },
{ "type": "Feature", "properties": { "id": 1920, "tipo": "led", "Potencia": null, "Columna": null }, "geometry": { "type": "MultiPoint", "coordinates": [ [ -58.788327, -38.16772, 109.579643 ] ] } },
{ "type": "Feature", "properties": { "id": 1921, "tipo": null, "Potencia": null, "Columna": null }, "geometry": { "type": "MultiPoint", "coordinates": [ [ -58.788745, -38.167655, 109.579643 ] ] } },
{ "type": "Feature", "properties": { "id": 1922, "tipo": null, "Potencia": null, "Columna": null }, "geometry": { "type": "MultiPoint", "coordinates": [ [ -58.788963, -38.167495, 109.579643 ] ] } },
{ "type": "Feature", "properties": { "id": 1923, "tipo": null, "Potencia": null, "Columna": null }, "geometry": { "type": "MultiPoint", "coordinates": [ [ -58.789226, -38.167289, 109.579643 ] ] } },
{ "type": "Feature", "properties": { "id": 1924, "tipo": null, "Potencia": null, "Columna": null }, "geometry": { "type": "MultiPoint", "coordinates": [ [ -58.7895, -38.167069, 109.579643 ] ] } },
{ "type": "Feature", "properties": { "id": 1925, "tipo": null, "Potencia": null, "Columna": null }, "geometry": { "type": "MultiPoint", "coordinates": [ [ -58.789707, -38.166914, 109.579643 ] ] } },
{ "type": "Feature", "properties": { "id": 1926, "tipo": null, "Potencia": null, "Columna": null }, "geometry": { "type": "MultiPoint", "coordinates": [ [ -58.789957, -38.166712, 109.570312 ] ] } },
{ "type": "Feature", "properties": { "id": 1927, "tipo": null, "Potencia": null, "Columna": null }, "geometry": { "type": "MultiPoint", "coordinates": [ [ -58.790222, -38.166507, 109.570312 ] ] } },
{ "type": "Feature", "properties": { "id": 1928, "tipo": null, "Potencia": null, "Columna": null }, "geometry": { "type": "MultiPoint", "coordinates": [ [ -58.791384, -38.16563, 109.570312 ] ] } },
{ "type": "Feature", "properties": { "id": 1929, "tipo": null, "Potencia": null, "Columna": null }, "geometry": { "type": "MultiPoint", "coordinates": [ [ -58.791786, -38.165331, 109.570312 ] ] } },
{ "type": "Feature", "properties": { "id": 1930, "tipo": null, "Potencia": null, "Columna": null }, "geometry": { "type": "MultiPoint", "coordinates": [ [ -58.792189, -38.164988, 109.570312 ] ] } },
{ "type": "Feature", "properties": { "id": 1931, "tipo": null, "Potencia": null, "Columna": null }, "geometry": { "type": "MultiPoint", "coordinates": [ [ -58.791886, -38.164741, 109.570312 ] ] } },
{ "type": "Feature", "properties": { "id": 1932, "tipo": null, "Potencia": null, "Columna": null }, "geometry": { "type": "MultiPoint", "coordinates": [ [ -58.791318, -38.164275, 109.570312 ] ] } },
{ "type": "Feature", "properties": { "id": 1933, "tipo": null, "Potencia": null, "Columna": null }, "geometry": { "type": "MultiPoint", "coordinates": [ [ -58.791216, -38.164128, 109.570312 ] ] } },
{ "type": "Feature", "properties": { "id": 1934, "tipo": null, "Potencia": null, "Columna": null }, "geometry": { "type": "MultiPoint", "coordinates": [ [ -58.791664, -38.163714, 109.570312 ] ] } },
{ "type": "Feature", "properties": { "id": 1935, "tipo": null, "Potencia": null, "Columna": null }, "geometry": { "type": "MultiPoint", "coordinates": [ [ -58.792164, -38.163407, 109.570312 ] ] } },
{ "type": "Feature", "properties": { "id": 1936, "tipo": "led", "Potencia": null, "Columna": null }, "geometry": { "type": "MultiPoint", "coordinates": [ [ -58.793081, -38.162699, 109.570312 ] ] } },
{ "type": "Feature", "properties": { "id": 1937, "tipo": "led", "Potencia": null, "Columna": null }, "geometry": { "type": "MultiPoint", "coordinates": [ [ -58.793431, -38.16252, 109.560982 ] ] } },
{ "type": "Feature", "properties": { "id": 1938, "tipo": "led", "Potencia": null, "Columna": null }, "geometry": { "type": "MultiPoint", "coordinates": [ [ -58.793656, -38.162359, 109.560982 ] ] } },
{ "type": "Feature", "properties": { "id": 1939, "tipo": "led", "Potencia": null, "Columna": null }, "geometry": { "type": "MultiPoint", "coordinates": [ [ -58.793896, -38.162189, 109.570312 ] ] } },
{ "type": "Feature", "properties": { "id": 1940, "tipo": "led", "Potencia": null, "Columna": null }, "geometry": { "type": "MultiPoint", "coordinates": [ [ -58.794341, -38.16185, 109.570312 ] ] } },
{ "type": "Feature", "properties": { "id": 1941, "tipo": "led", "Potencia": null, "Columna": null }, "geometry": { "type": "MultiPoint", "coordinates": [ [ -58.794521, -38.161719, 109.570312 ] ] } },
{ "type": "Feature", "properties": { "id": 1942, "tipo": "led", "Potencia": null, "Columna": null }, "geometry": { "type": "MultiPoint", "coordinates": [ [ -58.794709, -38.161572, 109.570312 ] ] } },
{ "type": "Feature", "properties": { "id": 1943, "tipo": "led", "Potencia": null, "Columna": null }, "geometry": { "type": "MultiPoint", "coordinates": [ [ -58.795024, -38.16137, 109.570312 ] ] } },
{ "type": "Feature", "properties": { "id": 1944, "tipo": null, "Potencia": null, "Columna": null }, "geometry": { "type": "MultiPoint", "coordinates": [ [ -58.796603, -38.160133, 109.570312 ] ] } },
{ "type": "Feature", "properties": { "id": 1945, "tipo": null, "Potencia": null, "Columna": null }, "geometry": { "type": "MultiPoint", "coordinates": [ [ -58.797028, -38.159804, 109.570312 ] ] } },
{ "type": "Feature", "properties": { "id": 1946, "tipo": null, "Potencia": null, "Columna": null }, "geometry": { "type": "MultiPoint", "coordinates": [ [ -58.796812, -38.163217, 110.99791 ] ] } },
{ "type": "Feature", "properties": { "id": 1947, "tipo": null, "Potencia": null, "Columna": null }, "geometry": { "type": "MultiPoint", "coordinates": [ [ -58.795831, -38.164113, 110.662003 ] ] } },
{ "type": "Feature", "properties": { "id": 1948, "tipo": null, "Potencia": null, "Columna": null }, "geometry": { "type": "MultiPoint", "coordinates": [ [ -58.795123, -38.164439, 110.689995 ] ] } },
{ "type": "Feature", "properties": { "id": 1949, "tipo": null, "Potencia": null, "Columna": null }, "geometry": { "type": "MultiPoint", "coordinates": [ [ -58.794586, -38.165006, 111.24984 ] ] } },
{ "type": "Feature", "properties": { "id": 1950, "tipo": null, "Potencia": null, "Columna": null }, "geometry": { "type": "MultiPoint", "coordinates": [ [ -58.793286, -38.165722, 109.309052 ] ] } },
{ "type": "Feature", "properties": { "id": 1951, "tipo": null, "Potencia": null, "Columna": null }, "geometry": { "type": "MultiPoint", "coordinates": [ [ -58.792978, -38.166254, 109.570312 ] ] } },
{ "type": "Feature", "properties": { "id": 1952, "tipo": null, "Potencia": null, "Columna": null }, "geometry": { "type": "MultiPoint", "coordinates": [ [ -58.791511, -38.167256, 109.06646 ] ] } },
{ "type": "Feature", "properties": { "id": 1953, "tipo": null, "Potencia": null, "Columna": null }, "geometry": { "type": "MultiPoint", "coordinates": [ [ -58.788127, -38.167252, 110.195473 ] ] } },
{ "type": "Feature", "properties": { "id": 1954, "tipo": null, "Potencia": null, "Columna": null }, "geometry": { "type": "MultiPoint", "coordinates": [ [ -58.788398, -38.167041, 110.195473 ] ] } },
{ "type": "Feature", "properties": { "id": 1955, "tipo": null, "Potencia": null, "Columna": null }, "geometry": { "type": "MultiPoint", "coordinates": [ [ -58.788667, -38.166837, 110.195473 ] ] } },
{ "type": "Feature", "properties": { "id": 1956, "tipo": null, "Potencia": null, "Columna": null }, "geometry": { "type": "MultiPoint", "coordinates": [ [ -58.789275, -38.166948, 111.688377 ] ] } },
{ "type": "Feature", "properties": { "id": 1957, "tipo": null, "Potencia": null, "Columna": null }, "geometry": { "type": "MultiPoint", "coordinates": [ [ -58.789084, -38.166777, 110.16748 ] ] } },
{ "type": "Feature", "properties": { "id": 1958, "tipo": null, "Potencia": null, "Columna": null }, "geometry": { "type": "MultiPoint", "coordinates": [ [ -58.788839, -38.166591, 110.783302 ] ] } },
{ "type": "Feature", "properties": { "id": 1959, "tipo": null, "Potencia": null, "Columna": null }, "geometry": { "type": "MultiPoint", "coordinates": [ [ -58.788596, -38.166407, 110.671333 ] ] } },
{ "type": "Feature", "properties": { "id": 1960, "tipo": null, "Potencia": null, "Columna": null }, "geometry": { "type": "MultiPoint", "coordinates": [ [ -58.78907, -38.166631, 111.613731 ] ] } },
{ "type": "Feature", "properties": { "id": 1961, "tipo": null, "Potencia": null, "Columna": null }, "geometry": { "type": "MultiPoint", "coordinates": [ [ -58.78928, -38.166475, 111.772354 ] ] } },
{ "type": "Feature", "properties": { "id": 1962, "tipo": null, "Potencia": null, "Columna": null }, "geometry": { "type": "MultiPoint", "coordinates": [ [ -58.789516, -38.166294, 109.812912 ] ] } },
{ "type": "Feature", "properties": { "id": 1963, "tipo": null, "Potencia": null, "Columna": null }, "geometry": { "type": "MultiPoint", "coordinates": [ [ -58.789746, -38.166121, 110.512711 ] ] } },
{ "type": "Feature", "properties": { "id": 1964, "tipo": null, "Potencia": null, "Columna": null }, "geometry": { "type": "MultiPoint", "coordinates": [ [ -58.789352, -38.165559, 111.00724 ] ] } },
{ "type": "Feature", "properties": { "id": 1965, "tipo": null, "Potencia": null, "Columna": null }, "geometry": { "type": "MultiPoint", "coordinates": [ [ -58.789857, -38.165253, 109.467674 ] ] } },
{ "type": "Feature", "properties": { "id": 1966, "tipo": null, "Potencia": null, "Columna": null }, "geometry": { "type": "MultiPoint", "coordinates": [ [ -58.790113, -38.165064, 111.00724 ] ] } },
{ "type": "Feature", "properties": { "id": 1967, "tipo": null, "Potencia": null, "Columna": null }, "geometry": { "type": "MultiPoint", "coordinates": [ [ -58.790661, -38.164685, 111.00724 ] ] } },
{ "type": "Feature", "properties": { "id": 1968, "tipo": null, "Potencia": null, "Columna": null }, "geometry": { "type": "MultiPoint", "coordinates": [ [ -58.7903, -38.164758, 111.00724 ] ] } },
{ "type": "Feature", "properties": { "id": 1969, "tipo": null, "Potencia": 120, "Columna": "baja" }, "geometry": { "type": "MultiPoint", "coordinates": [ [ -58.789235, -38.165678, 111.00724 ] ] } },
{ "type": "Feature", "properties": { "id": 1970, "tipo": null, "Potencia": 120, "Columna": "baja" }, "geometry": { "type": "MultiPoint", "coordinates": [ [ -58.789004, -38.165861, 111.016571 ] ] } },
{ "type": "Feature", "properties": { "id": 1971, "tipo": null, "Potencia": 120, "Columna": "baja" }, "geometry": { "type": "MultiPoint", "coordinates": [ [ -58.788805, -38.166023, 111.016571 ] ] } },
{ "type": "Feature", "properties": { "id": 1972, "tipo": null, "Potencia": 120, "Columna": "baja" }, "geometry": { "type": "MultiPoint", "coordinates": [ [ -58.788561, -38.166205, 111.016571 ] ] } },
{ "type": "Feature", "properties": { "id": 1973, "tipo": "led 11va", "Potencia": null, "Columna": null }, "geometry": { "type": "MultiPoint", "coordinates": [ [ -58.788316, -38.166386, 111.016571 ] ] } },
{ "type": "Feature", "properties": { "id": 1974, "tipo": "led 11va", "Potencia": null, "Columna": null }, "geometry": { "type": "MultiPoint", "coordinates": [ [ -58.788087, -38.166571, 111.016571 ] ] } },
{ "type": "Feature", "properties": { "id": 1975, "tipo": "led 11va", "Potencia": null, "Columna": null }, "geometry": { "type": "MultiPoint", "coordinates": [ [ -58.787872, -38.166734, 111.016571 ] ] } },
{ "type": "Feature", "properties": { "id": 1976, "tipo": "led 11va", "Potencia": null, "Columna": null }, "geometry": { "type": "MultiPoint", "coordinates": [ [ -58.787661, -38.166897, 111.016571 ] ] } },
{ "type": "Feature", "properties": { "id": 1977, "tipo": null, "Potencia": 150, "Columna": "alta" }, "geometry": { "type": "MultiPoint", "coordinates": [ [ -58.788251, -38.166212, 111.016571 ] ] } },
{ "type": "Feature", "properties": { "id": 1978, "tipo": null, "Potencia": 150, "Columna": "alta" }, "geometry": { "type": "MultiPoint", "coordinates": [ [ -58.787996, -38.165901, 111.016571 ] ] } },
{ "type": "Feature", "properties": { "id": 1979, "tipo": null, "Potencia": 150, "Columna": "alta" }, "geometry": { "type": "MultiPoint", "coordinates": [ [ -58.787675, -38.165751, 111.016571 ] ] } },
{ "type": "Feature", "properties": { "id": 1980, "tipo": null, "Potencia": 150, "Columna": "alta" }, "geometry": { "type": "MultiPoint", "coordinates": [ [ -58.78749, -38.165491, 111.016571 ] ] } },
{ "type": "Feature", "properties": { "id": 1981, "tipo": "led 11va", "Potencia": null, "Columna": null }, "geometry": { "type": "MultiPoint", "coordinates": [ [ -58.787153, -38.165349, 111.016571 ] ] } },
{ "type": "Feature", "properties": { "id": 1982, "tipo": "led 11va", "Potencia": null, "Columna": null }, "geometry": { "type": "MultiPoint", "coordinates": [ [ -58.78698, -38.165107, 112.798737 ] ] } },
{ "type": "Feature", "properties": { "id": 1983, "tipo": "led 11va", "Potencia": null, "Columna": null }, "geometry": { "type": "MultiPoint", "coordinates": [ [ -58.78662, -38.164889, 113.004005 ] ] } },
{ "type": "Feature", "properties": { "id": 1984, "tipo": "led 11va", "Potencia": null, "Columna": null }, "geometry": { "type": "MultiPoint", "coordinates": [ [ -58.786425, -38.164643, 113.004005 ] ] } },
{ "type": "Feature", "properties": { "id": 1985, "tipo": "led", "Potencia": null, "Columna": null }, "geometry": { "type": "MultiPoint", "coordinates": [ [ -58.78615, -38.164531, 113.004005 ] ] } },
{ "type": "Feature", "properties": { "id": 1986, "tipo": "led", "Potencia": null, "Columna": null }, "geometry": { "type": "MultiPoint", "coordinates": [ [ -58.785894, -38.164213, 113.004005 ] ] } },
{ "type": "Feature", "properties": { "id": 1987, "tipo": "led", "Potencia": null, "Columna": null }, "geometry": { "type": "MultiPoint", "coordinates": [ [ -58.785563, -38.164041, 113.004005 ] ] } },
{ "type": "Feature", "properties": { "id": 1988, "tipo": "led", "Potencia": null, "Columna": null }, "geometry": { "type": "MultiPoint", "coordinates": [ [ -58.78539, -38.163747, 113.004005 ] ] } },
{ "type": "Feature", "properties": { "id": 1989, "tipo": "led", "Potencia": null, "Columna": null }, "geometry": { "type": "MultiPoint", "coordinates": [ [ -58.785051, -38.163633, 113.004005 ] ] } },
{ "type": "Feature", "properties": { "id": 1990, "tipo": "led", "Potencia": null, "Columna": null }, "geometry": { "type": "MultiPoint", "coordinates": [ [ -58.784916, -38.163365, 113.004005 ] ] } },
{ "type": "Feature", "properties": { "id": 1991, "tipo": "led", "Potencia": null, "Columna": null }, "geometry": { "type": "MultiPoint", "coordinates": [ [ -58.784617, -38.163285, 113.004005 ] ] } },
{ "type": "Feature", "properties": { "id": 1992, "tipo": "led", "Potencia": null, "Columna": null }, "geometry": { "type": "MultiPoint", "coordinates": [ [ -58.784521, -38.163089, 113.004005 ] ] } },
{ "type": "Feature", "properties": { "id": 1993, "tipo": "led", "Potencia": null, "Columna": null }, "geometry": { "type": "MultiPoint", "coordinates": [ [ -58.784214, -38.162955, 113.004005 ] ] } },
{ "type": "Feature", "properties": { "id": 1994, "tipo": "led", "Potencia": null, "Columna": null }, "geometry": { "type": "MultiPoint", "coordinates": [ [ -58.785014, -38.161803, 110.848618 ] ] } },
{ "type": "Feature", "properties": { "id": 1995, "tipo": "led", "Potencia": null, "Columna": null }, "geometry": { "type": "MultiPoint", "coordinates": [ [ -58.785211, -38.162151, 110.848618 ] ] } },
{ "type": "Feature", "properties": { "id": 1996, "tipo": "led", "Potencia": null, "Columna": null }, "geometry": { "type": "MultiPoint", "coordinates": [ [ -58.785535, -38.162505, 110.848618 ] ] } },
{ "type": "Feature", "properties": { "id": 1997, "tipo": "led", "Potencia": null, "Columna": null }, "geometry": { "type": "MultiPoint", "coordinates": [ [ -58.785813, -38.162687, 110.848618 ] ] } },
{ "type": "Feature", "properties": { "id": 1998, "tipo": "led", "Potencia": null, "Columna": null }, "geometry": { "type": "MultiPoint", "coordinates": [ [ -58.785984, -38.162846, 110.400742 ] ] } },
{ "type": "Feature", "properties": { "id": 1999, "tipo": "led", "Potencia": null, "Columna": null }, "geometry": { "type": "MultiPoint", "coordinates": [ [ -58.786302, -38.163044, 109.579643 ] ] } },
{ "type": "Feature", "properties": { "id": 2000, "tipo": "led", "Potencia": null, "Columna": null }, "geometry": { "type": "MultiPoint", "coordinates": [ [ -58.786441, -38.163285, 110.232796 ] ] } },
{ "type": "Feature", "properties": { "id": 2001, "tipo": "led", "Potencia": null, "Columna": null }, "geometry": { "type": "MultiPoint", "coordinates": [ [ -58.786844, -38.16347, 110.232796 ] ] } },
{ "type": "Feature", "properties": { "id": 2002, "tipo": "led", "Potencia": null, "Columna": null }, "geometry": { "type": "MultiPoint", "coordinates": [ [ -58.786995, -38.163746, 110.232796 ] ] } },
{ "type": "Feature", "properties": { "id": 2003, "tipo": "led 14va", "Potencia": 150, "Columna": "alta" }, "geometry": { "type": "MultiPoint", "coordinates": [ [ -58.787333, -38.163883, 110.232796 ] ] } },
{ "type": "Feature", "properties": { "id": 2004, "tipo": "led 14va", "Potencia": 150, "Columna": "alta" }, "geometry": { "type": "MultiPoint", "coordinates": [ [ -58.787544, -38.164152, 110.232796 ] ] } },
{ "type": "Feature", "properties": { "id": 2005, "tipo": "led 14va", "Potencia": 150, "Columna": "alta" }, "geometry": { "type": "MultiPoint", "coordinates": [ [ -58.78784, -38.164285, 109.421021 ] ] } },
{ "type": "Feature", "properties": { "id": 2006, "tipo": "led 14va", "Potencia": 150, "Columna": "alta" }, "geometry": { "type": "MultiPoint", "coordinates": [ [ -58.788117, -38.164596, 110.148819 ] ] } },
{ "type": "Feature", "properties": { "id": 2007, "tipo": null, "Potencia": 120, "Columna": "baja" }, "geometry": { "type": "MultiPoint", "coordinates": [ [ -58.788562, -38.164844, 110.270119 ] ] } },
{ "type": "Feature", "properties": { "id": 2008, "tipo": null, "Potencia": 120, "Columna": "baja" }, "geometry": { "type": "MultiPoint", "coordinates": [ [ -58.78875, -38.165136, 109.728935 ] ] } },
{ "type": "Feature", "properties": { "id": 2009, "tipo": null, "Potencia": 120, "Columna": "baja" }, "geometry": { "type": "MultiPoint", "coordinates": [ [ -58.789011, -38.16522, 109.850235 ] ] } },
{ "type": "Feature", "properties": { "id": 2010, "tipo": null, "Potencia": null, "Columna": null }, "geometry": { "type": "MultiPoint", "coordinates": [ [ -58.789436, -38.165704, 109.738266 ] ] } },
{ "type": "Feature", "properties": { "id": 2011, "tipo": null, "Potencia": null, "Columna": null }, "geometry": { "type": "MultiPoint", "coordinates": [ [ -58.789665, -38.16589, 109.738266 ] ] } },
{ "type": "Feature", "properties": { "id": 2012, "tipo": null, "Potencia": null, "Columna": null }, "geometry": { "type": "MultiPoint", "coordinates": [ [ -58.789955, -38.166117, 109.738266 ] ] } },
{ "type": "Feature", "properties": { "id": 2013, "tipo": null, "Potencia": null, "Columna": null }, "geometry": { "type": "MultiPoint", "coordinates": [ [ -58.79015, -38.16627, 109.738266 ] ] } },
{ "type": "Feature", "properties": { "id": 2014, "tipo": null, "Potencia": null, "Columna": null }, "geometry": { "type": "MultiPoint", "coordinates": [ [ -58.790898, -38.165243, 109.738266 ] ] } },
{ "type": "Feature", "properties": { "id": 2015, "tipo": null, "Potencia": null, "Columna": null }, "geometry": { "type": "MultiPoint", "coordinates": [ [ -58.79002, -38.164719, 107.60154 ] ] } },
{ "type": "Feature", "properties": { "id": 2016, "tipo": null, "Potencia": null, "Columna": null }, "geometry": { "type": "MultiPoint", "coordinates": [ [ -58.789718, -38.164475, 110.559364 ] ] } },
{ "type": "Feature", "properties": { "id": 2017, "tipo": null, "Potencia": null, "Columna": null }, "geometry": { "type": "MultiPoint", "coordinates": [ [ -58.789384, -38.164017, 109.775589 ] ] } },
{ "type": "Feature", "properties": { "id": 2018, "tipo": null, "Potencia": null, "Columna": null }, "geometry": { "type": "MultiPoint", "coordinates": [ [ -58.789265, -38.163989, 109.775589 ] ] } },
{ "type": "Feature", "properties": { "id": 2019, "tipo": null, "Potencia": null, "Columna": null }, "geometry": { "type": "MultiPoint", "coordinates": [ [ -58.789518, -38.163688, 109.775589 ] ] } },
{ "type": "Feature", "properties": { "id": 2020, "tipo": null, "Potencia": null, "Columna": null }, "geometry": { "type": "MultiPoint", "coordinates": [ [ -58.790039, -38.163243, 109.775589 ] ] } },
{ "type": "Feature", "properties": { "id": 2021, "tipo": null, "Potencia": null, "Columna": null }, "geometry": { "type": "MultiPoint", "coordinates": [ [ -58.790987, -38.162492, 109.775589 ] ] } },
{ "type": "Feature", "properties": { "id": 2022, "tipo": null, "Potencia": null, "Columna": null }, "geometry": { "type": "MultiPoint", "coordinates": [ [ -58.791233, -38.162515, 109.775589 ] ] } },
{ "type": "Feature", "properties": { "id": 2023, "tipo": null, "Potencia": null, "Columna": null }, "geometry": { "type": "MultiPoint", "coordinates": [ [ -58.791437, -38.162372, 109.635628 ] ] } },
{ "type": "Feature", "properties": { "id": 2024, "tipo": null, "Potencia": null, "Columna": null }, "geometry": { "type": "MultiPoint", "coordinates": [ [ -58.791689, -38.162177, 109.477005 ] ] } },
{ "type": "Feature", "properties": { "id": 2025, "tipo": null, "Potencia": null, "Columna": null }, "geometry": { "type": "MultiPoint", "coordinates": [ [ -58.791876, -38.16204, 109.831573 ] ] } },
{ "type": "Feature", "properties": { "id": 2026, "tipo": null, "Potencia": null, "Columna": null }, "geometry": { "type": "MultiPoint", "coordinates": [ [ -58.791024, -38.160839, 108.002754 ] ] } },
{ "type": "Feature", "properties": { "id": 2027, "tipo": null, "Potencia": null, "Columna": null }, "geometry": { "type": "MultiPoint", "coordinates": [ [ -58.791295, -38.160623, 109.383698 ] ] } },
{ "type": "Feature", "properties": { "id": 2028, "tipo": null, "Potencia": null, "Columna": null }, "geometry": { "type": "MultiPoint", "coordinates": [ [ -58.791501, -38.160466, 110.689995 ] ] } },
{ "type": "Feature", "properties": { "id": 2029, "tipo": null, "Potencia": null, "Columna": null }, "geometry": { "type": "MultiPoint", "coordinates": [ [ -58.791707, -38.160311, 109.990196 ] ] } },
{ "type": "Feature", "properties": { "id": 2030, "tipo": null, "Potencia": null, "Columna": null }, "geometry": { "type": "MultiPoint", "coordinates": [ [ -58.794209, -38.158395, 106.453865 ] ] } },
{ "type": "Feature", "properties": { "id": 2031, "tipo": null, "Potencia": null, "Columna": null }, "geometry": { "type": "MultiPoint", "coordinates": [ [ -58.794729, -38.158158, 110.773972 ] ] } },
{ "type": "Feature", "properties": { "id": 2032, "tipo": null, "Potencia": null, "Columna": null }, "geometry": { "type": "MultiPoint", "coordinates": [ [ -58.795212, -38.157652, 111.361809 ] ] } },
{ "type": "Feature", "properties": { "id": 2033, "tipo": null, "Potencia": null, "Columna": null }, "geometry": { "type": "MultiPoint", "coordinates": [ [ -58.795822, -38.157542, 112.556137 ] ] } },
{ "type": "Feature", "properties": { "id": 2034, "tipo": null, "Potencia": null, "Columna": null }, "geometry": { "type": "MultiPoint", "coordinates": [ [ -58.796388, -38.157816, 111.809677 ] ] } },
{ "type": "Feature", "properties": { "id": 2035, "tipo": null, "Potencia": null, "Columna": null }, "geometry": { "type": "MultiPoint", "coordinates": [ [ -58.795624, -38.157347, 112.332199 ] ] } },
{ "type": "Feature", "properties": { "id": 2036, "tipo": null, "Potencia": null, "Columna": null }, "geometry": { "type": "MultiPoint", "coordinates": [ [ -58.796115, -38.15714, 112.322868 ] ] } },
{ "type": "Feature", "properties": { "id": 2037, "tipo": null, "Potencia": null, "Columna": null }, "geometry": { "type": "MultiPoint", "coordinates": [ [ -58.79635, -38.156947, 112.322868 ] ] } },
{ "type": "Feature", "properties": { "id": 2038, "tipo": null, "Potencia": null, "Columna": null }, "geometry": { "type": "MultiPoint", "coordinates": [ [ -58.796784, -38.156621, 112.322868 ] ] } },
{ "type": "Feature", "properties": { "id": 2039, "tipo": null, "Potencia": null, "Columna": null }, "geometry": { "type": "MultiPoint", "coordinates": [ [ -58.791252, -38.159822, 112.34153 ] ] } },
{ "type": "Feature", "properties": { "id": 2040, "tipo": null, "Potencia": null, "Columna": null }, "geometry": { "type": "MultiPoint", "coordinates": [ [ -58.791001, -38.160023, 112.34153 ] ] } },
{ "type": "Feature", "properties": { "id": 2041, "tipo": null, "Potencia": null, "Columna": null }, "geometry": { "type": "MultiPoint", "coordinates": [ [ -58.790751, -38.160229, 112.34153 ] ] } },
{ "type": "Feature", "properties": { "id": 2042, "tipo": null, "Potencia": null, "Columna": null }, "geometry": { "type": "MultiPoint", "coordinates": [ [ -58.79051, -38.160417, 112.34153 ] ] } },
{ "type": "Feature", "properties": { "id": 2043, "tipo": null, "Potencia": 120, "Columna": "baja" }, "geometry": { "type": "MultiPoint", "coordinates": [ [ -58.790264, -38.160603, 112.34153 ] ] } },
{ "type": "Feature", "properties": { "id": 2044, "tipo": null, "Potencia": 120, "Columna": "baja" }, "geometry": { "type": "MultiPoint", "coordinates": [ [ -58.790061, -38.160754, 112.34153 ] ] } },
{ "type": "Feature", "properties": { "id": 2045, "tipo": null, "Potencia": 120, "Columna": "baja" }, "geometry": { "type": "MultiPoint", "coordinates": [ [ -58.789827, -38.160941, 112.34153 ] ] } },
{ "type": "Feature", "properties": { "id": 2046, "tipo": null, "Potencia": 120, "Columna": "baja" }, "geometry": { "type": "MultiPoint", "coordinates": [ [ -58.789568, -38.161139, 112.34153 ] ] } },
{ "type": "Feature", "properties": { "id": 2047, "tipo": null, "Potencia": 120, "Columna": "baja" }, "geometry": { "type": "MultiPoint", "coordinates": [ [ -58.790747, -38.161066, 112.34153 ] ] } },
{ "type": "Feature", "properties": { "id": 2048, "tipo": null, "Potencia": 120, "Columna": "baja" }, "geometry": { "type": "MultiPoint", "coordinates": [ [ -58.790554, -38.161211, 112.34153 ] ] } },
{ "type": "Feature", "properties": { "id": 2049, "tipo": null, "Potencia": 120, "Columna": "baja" }, "geometry": { "type": "MultiPoint", "coordinates": [ [ -58.790362, -38.161359, 112.34153 ] ] } },
{ "type": "Feature", "properties": { "id": 2050, "tipo": null, "Potencia": 120, "Columna": "baja" }, "geometry": { "type": "MultiPoint", "coordinates": [ [ -58.79015, -38.161534, 112.34153 ] ] } },
{ "type": "Feature", "properties": { "id": 2051, "tipo": null, "Potencia": 120, "Columna": "baja" }, "geometry": { "type": "MultiPoint", "coordinates": [ [ -58.789687, -38.161848, 112.34153 ] ] } },
{ "type": "Feature", "properties": { "id": 2052, "tipo": "led", "Potencia": null, "Columna": null }, "geometry": { "type": "MultiPoint", "coordinates": [ [ -58.789107, -38.1625, 112.34153 ] ] } },
{ "type": "Feature", "properties": { "id": 2053, "tipo": "led", "Potencia": null, "Columna": null }, "geometry": { "type": "MultiPoint", "coordinates": [ [ -58.788679, -38.162796, 112.34153 ] ] } },
{ "type": "Feature", "properties": { "id": 2054, "tipo": "led", "Potencia": null, "Columna": null }, "geometry": { "type": "MultiPoint", "coordinates": [ [ -58.78847, -38.162948, 112.34153 ] ] } },
{ "type": "Feature", "properties": { "id": 2055, "tipo": "led", "Potencia": null, "Columna": null }, "geometry": { "type": "MultiPoint", "coordinates": [ [ -58.788013, -38.163271, 112.34153 ] ] } },
{ "type": "Feature", "properties": { "id": 2056, "tipo": "led", "Potencia": null, "Columna": null }, "geometry": { "type": "MultiPoint", "coordinates": [ [ -58.787646, -38.163449, 112.34153 ] ] } },
{ "type": "Feature", "properties": { "id": 2057, "tipo": "led", "Potencia": null, "Columna": null }, "geometry": { "type": "MultiPoint", "coordinates": [ [ -58.787409, -38.163737, 112.34153 ] ] } },
{ "type": "Feature", "properties": { "id": 2058, "tipo": "led", "Potencia": null, "Columna": null }, "geometry": { "type": "MultiPoint", "coordinates": [ [ -58.787085, -38.163886, 112.34153 ] ] } },
{ "type": "Feature", "properties": { "id": 2059, "tipo": "led", "Potencia": null, "Columna": null }, "geometry": { "type": "MultiPoint", "coordinates": [ [ -58.786902, -38.16411, 112.34153 ] ] } },
{ "type": "Feature", "properties": { "id": 2060, "tipo": "led", "Potencia": null, "Columna": null }, "geometry": { "type": "MultiPoint", "coordinates": [ [ -58.786616, -38.164228, 112.34153 ] ] } },
{ "type": "Feature", "properties": { "id": 2061, "tipo": "led", "Potencia": null, "Columna": null }, "geometry": { "type": "MultiPoint", "coordinates": [ [ -58.786413, -38.164462, 112.34153 ] ] } },
{ "type": "Feature", "properties": { "id": 2062, "tipo": "led", "Potencia": null, "Columna": null }, "geometry": { "type": "MultiPoint", "coordinates": [ [ -58.786094, -38.164604, 112.34153 ] ] } },
{ "type": "Feature", "properties": { "id": 2063, "tipo": "led", "Potencia": null, "Columna": null }, "geometry": { "type": "MultiPoint", "coordinates": [ [ -58.785945, -38.164845, 112.34153 ] ] } },
{ "type": "Feature", "properties": { "id": 2064, "tipo": "led", "Potencia": null, "Columna": null }, "geometry": { "type": "MultiPoint", "coordinates": [ [ -58.785658, -38.164948, 112.34153 ] ] } },
{ "type": "Feature", "properties": { "id": 2065, "tipo": "led", "Potencia": null, "Columna": null }, "geometry": { "type": "MultiPoint", "coordinates": [ [ -58.785487, -38.165185, 112.34153 ] ] } },
{ "type": "Feature", "properties": { "id": 2066, "tipo": "led 11va", "Potencia": null, "Columna": null }, "geometry": { "type": "MultiPoint", "coordinates": [ [ -58.786524, -38.166082, 113.171959 ] ] } },
{ "type": "Feature", "properties": { "id": 2067, "tipo": "led 11va", "Potencia": null, "Columna": null }, "geometry": { "type": "MultiPoint", "coordinates": [ [ -58.786663, -38.165894, 112.117592 ] ] } },
{ "type": "Feature", "properties": { "id": 2068, "tipo": "led 11va", "Potencia": null, "Columna": null }, "geometry": { "type": "MultiPoint", "coordinates": [ [ -58.786969, -38.16575, 111.996292 ] ] } },
{ "type": "Feature", "properties": { "id": 2069, "tipo": "led 11va", "Potencia": null, "Columna": null }, "geometry": { "type": "MultiPoint", "coordinates": [ [ -58.78713, -38.165513, 112.360191 ] ] } },
{ "type": "Feature", "properties": { "id": 2070, "tipo": null, "Potencia": 150, "Columna": "alta" }, "geometry": { "type": "MultiPoint", "coordinates": [ [ -58.787462, -38.165358, 112.360191 ] ] } },
{ "type": "Feature", "properties": { "id": 2071, "tipo": null, "Potencia": 150, "Columna": "alta" }, "geometry": { "type": "MultiPoint", "coordinates": [ [ -58.787633, -38.165121, 112.360191 ] ] } },
{ "type": "Feature", "properties": { "id": 2072, "tipo": null, "Potencia": 150, "Columna": "alta" }, "geometry": { "type": "MultiPoint", "coordinates": [ [ -58.787978, -38.164966, 112.360191 ] ] } },
{ "type": "Feature", "properties": { "id": 2073, "tipo": null, "Potencia": 150, "Columna": "alta" }, "geometry": { "type": "MultiPoint", "coordinates": [ [ -58.788106, -38.164774, 112.360191 ] ] } },
{ "type": "Feature", "properties": { "id": 2074, "tipo": null, "Potencia": 150, "Columna": "alta" }, "geometry": { "type": "MultiPoint", "coordinates": [ [ -58.788429, -38.164625, 112.360191 ] ] } },
{ "type": "Feature", "properties": { "id": 2075, "tipo": null, "Potencia": 150, "Columna": "alta" }, "geometry": { "type": "MultiPoint", "coordinates": [ [ -58.788718, -38.164398, 112.350861 ] ] } },
{ "type": "Feature", "properties": { "id": 2076, "tipo": null, "Potencia": 150, "Columna": "alta" }, "geometry": { "type": "MultiPoint", "coordinates": [ [ -58.789057, -38.164144, 112.350861 ] ] } },
{ "type": "Feature", "properties": { "id": 2077, "tipo": null, "Potencia": 150, "Columna": "alta" }, "geometry": { "type": "MultiPoint", "coordinates": [ [ -58.789038, -38.163901, 112.350861 ] ] } },
{ "type": "Feature", "properties": { "id": 2078, "tipo": null, "Potencia": 150, "Columna": "alta" }, "geometry": { "type": "MultiPoint", "coordinates": [ [ -58.788837, -38.163753, 112.350861 ] ] } },
{ "type": "Feature", "properties": { "id": 2079, "tipo": null, "Potencia": 150, "Columna": "alta" }, "geometry": { "type": "MultiPoint", "coordinates": [ [ -58.788525, -38.1635, 112.350861 ] ] } },
{ "type": "Feature", "properties": { "id": 2080, "tipo": null, "Potencia": 150, "Columna": "alta" }, "geometry": { "type": "MultiPoint", "coordinates": [ [ -58.78821, -38.16324, 112.350861 ] ] } },
{ "type": "Feature", "properties": { "id": 2081, "tipo": "led", "Potencia": null, "Columna": null }, "geometry": { "type": "MultiPoint", "coordinates": [ [ -58.78797, -38.163033, 112.350861 ] ] } },
{ "type": "Feature", "properties": { "id": 2082, "tipo": "led", "Potencia": null, "Columna": null }, "geometry": { "type": "MultiPoint", "coordinates": [ [ -58.787775, -38.162849, 112.350861 ] ] } },
{ "type": "Feature", "properties": { "id": 2083, "tipo": "led", "Potencia": null, "Columna": null }, "geometry": { "type": "MultiPoint", "coordinates": [ [ -58.787429, -38.162601, 112.360191 ] ] } },
{ "type": "Feature", "properties": { "id": 2084, "tipo": "led", "Potencia": null, "Columna": null }, "geometry": { "type": "MultiPoint", "coordinates": [ [ -58.787183, -38.162355, 112.360191 ] ] } },
{ "type": "Feature", "properties": { "id": 2085, "tipo": "led", "Potencia": null, "Columna": null }, "geometry": { "type": "MultiPoint", "coordinates": [ [ -58.786922, -38.162143, 112.360191 ] ] } },
{ "type": "Feature", "properties": { "id": 2086, "tipo": "led", "Potencia": null, "Columna": null }, "geometry": { "type": "MultiPoint", "coordinates": [ [ -58.786709, -38.16198, 112.360191 ] ] } },
{ "type": "Feature", "properties": { "id": 2087, "tipo": "led", "Potencia": null, "Columna": null }, "geometry": { "type": "MultiPoint", "coordinates": [ [ -58.786509, -38.161822, 112.360191 ] ] } },
{ "type": "Feature", "properties": { "id": 2088, "tipo": "led", "Potencia": null, "Columna": null }, "geometry": { "type": "MultiPoint", "coordinates": [ [ -58.786302, -38.161655, 112.360191 ] ] } },
{ "type": "Feature", "properties": { "id": 2089, "tipo": "led", "Potencia": null, "Columna": null }, "geometry": { "type": "MultiPoint", "coordinates": [ [ -58.786069, -38.161472, 112.360191 ] ] } },
{ "type": "Feature", "properties": { "id": 2090, "tipo": "led", "Potencia": null, "Columna": null }, "geometry": { "type": "MultiPoint", "coordinates": [ [ -58.787051, -38.160887, 100.239624 ] ] } },
{ "type": "Feature", "properties": { "id": 2091, "tipo": "led", "Potencia": null, "Columna": null }, "geometry": { "type": "MultiPoint", "coordinates": [ [ -58.787373, -38.160871, 100.239624 ] ] } },
{ "type": "Feature", "properties": { "id": 2092, "tipo": "led", "Potencia": null, "Columna": null }, "geometry": { "type": "MultiPoint", "coordinates": [ [ -58.787479, -38.161078, 100.239624 ] ] } },
{ "type": "Feature", "properties": { "id": 2093, "tipo": "led", "Potencia": null, "Columna": null }, "geometry": { "type": "MultiPoint", "coordinates": [ [ -58.787735, -38.161232, 100.239624 ] ] } },
{ "type": "Feature", "properties": { "id": 2094, "tipo": "led", "Potencia": null, "Columna": null }, "geometry": { "type": "MultiPoint", "coordinates": [ [ -58.787851, -38.161424, 100.239624 ] ] } },
{ "type": "Feature", "properties": { "id": 2095, "tipo": "led", "Potencia": null, "Columna": null }, "geometry": { "type": "MultiPoint", "coordinates": [ [ -58.788325, -38.161851, 100.239624 ] ] } },
{ "type": "Feature", "properties": { "id": 2096, "tipo": "led", "Potencia": null, "Columna": null }, "geometry": { "type": "MultiPoint", "coordinates": [ [ -58.788566, -38.161884, 100.239624 ] ] } },
{ "type": "Feature", "properties": { "id": 2097, "tipo": "led", "Potencia": null, "Columna": null }, "geometry": { "type": "MultiPoint", "coordinates": [ [ -58.78865, -38.162125, 100.239624 ] ] } },
{ "type": "Feature", "properties": { "id": 2098, "tipo": "led", "Potencia": null, "Columna": null }, "geometry": { "type": "MultiPoint", "coordinates": [ [ -58.788865, -38.162302, 100.239624 ] ] } },
{ "type": "Feature", "properties": { "id": 2099, "tipo": "led", "Potencia": null, "Columna": null }, "geometry": { "type": "MultiPoint", "coordinates": [ [ -58.788927, -38.162638, 96.899231 ] ] } },
{ "type": "Feature", "properties": { "id": 2100, "tipo": null, "Potencia": null, "Columna": null }, "geometry": { "type": "MultiPoint", "coordinates": [ [ -58.78938, -38.162719, 94.314629 ] ] } },
{ "type": "Feature", "properties": { "id": 2101, "tipo": null, "Potencia": null, "Columna": null }, "geometry": { "type": "MultiPoint", "coordinates": [ [ -58.789639, -38.162926, 96.936554 ] ] } },
{ "type": "Feature", "properties": { "id": 2102, "tipo": null, "Potencia": null, "Columna": null }, "geometry": { "type": "MultiPoint", "coordinates": [ [ -58.79002, -38.163245, 96.871239 ] ] } },
{ "type": "Feature", "properties": { "id": 2103, "tipo": null, "Potencia": null, "Columna": null }, "geometry": { "type": "MultiPoint", "coordinates": [ [ -58.79079, -38.163862, 96.871239 ] ] } },
{ "type": "Feature", "properties": { "id": 2104, "tipo": null, "Potencia": null, "Columna": null }, "geometry": { "type": "MultiPoint", "coordinates": [ [ -58.791839, -38.163207, 98.662735 ] ] } },
{ "type": "Feature", "properties": { "id": 2105, "tipo": null, "Potencia": null, "Columna": null }, "geometry": { "type": "MultiPoint", "coordinates": [ [ -58.791622, -38.16303, 98.252182 ] ] } },
{ "type": "Feature", "properties": { "id": 2106, "tipo": null, "Potencia": null, "Columna": null }, "geometry": { "type": "MultiPoint", "coordinates": [ [ -58.791505, -38.162769, 97.897621 ] ] } },
{ "type": "Feature", "properties": { "id": 2107, "tipo": null, "Potencia": null, "Columna": null }, "geometry": { "type": "MultiPoint", "coordinates": [ [ -58.791153, -38.162654, 97.169823 ] ] } },
{ "type": "Feature", "properties": { "id": 2108, "tipo": null, "Potencia": null, "Columna": null }, "geometry": { "type": "MultiPoint", "coordinates": [ [ -58.79087, -38.162249, 96.236755 ] ] } },
{ "type": "Feature", "properties": { "id": 2109, "tipo": null, "Potencia": null, "Columna": null }, "geometry": { "type": "MultiPoint", "coordinates": [ [ -58.790498, -38.16213, 96.41404 ] ] } },
{ "type": "Feature", "properties": { "id": 2110, "tipo": null, "Potencia": null, "Columna": null }, "geometry": { "type": "MultiPoint", "coordinates": [ [ -58.790287, -38.161953, 98.140213 ] ] } },
{ "type": "Feature", "properties": { "id": 2111, "tipo": null, "Potencia": null, "Columna": null }, "geometry": { "type": "MultiPoint", "coordinates": [ [ -58.790086, -38.161792, 98.140213 ] ] } },
{ "type": "Feature", "properties": { "id": 2112, "tipo": null, "Potencia": 120, "Columna": "baja" }, "geometry": { "type": "MultiPoint", "coordinates": [ [ -58.789915, -38.161618, 98.140213 ] ] } },
{ "type": "Feature", "properties": { "id": 2113, "tipo": null, "Potencia": 120, "Columna": "baja" }, "geometry": { "type": "MultiPoint", "coordinates": [ [ -58.789774, -38.161414, 98.140213 ] ] } },
{ "type": "Feature", "properties": { "id": 2114, "tipo": null, "Potencia": 120, "Columna": "baja" }, "geometry": { "type": "MultiPoint", "coordinates": [ [ -58.789468, -38.161257, 98.140213 ] ] } },
{ "type": "Feature", "properties": { "id": 2115, "tipo": null, "Potencia": 120, "Columna": "baja" }, "geometry": { "type": "MultiPoint", "coordinates": [ [ -58.789298, -38.161009, 98.140213 ] ] } },
{ "type": "Feature", "properties": { "id": 2116, "tipo": null, "Potencia": 120, "Columna": "baja" }, "geometry": { "type": "MultiPoint", "coordinates": [ [ -58.78914, -38.160969, 98.140213 ] ] } },
{ "type": "Feature", "properties": { "id": 2117, "tipo": "led 11va", "Potencia": null, "Columna": null }, "geometry": { "type": "MultiPoint", "coordinates": [ [ -58.788869, -38.160657, 98.140213 ] ] } },
{ "type": "Feature", "properties": { "id": 2118, "tipo": "led 11va", "Potencia": null, "Columna": null }, "geometry": { "type": "MultiPoint", "coordinates": [ [ -58.788547, -38.160508, 98.140213 ] ] } },
{ "type": "Feature", "properties": { "id": 2119, "tipo": "led 11va", "Potencia": null, "Columna": null }, "geometry": { "type": "MultiPoint", "coordinates": [ [ -58.788378, -38.160264, 98.140213 ] ] } },
{ "type": "Feature", "properties": { "id": 2120, "tipo": "led 11va", "Potencia": null, "Columna": null }, "geometry": { "type": "MultiPoint", "coordinates": [ [ -58.788104, -38.160038, 98.140213 ] ] } },
{ "type": "Feature", "properties": { "id": 2121, "tipo": "led", "Potencia": null, "Columna": null }, "geometry": { "type": "MultiPoint", "coordinates": [ [ -58.788977, -38.159266, 98.140213 ] ] } },
{ "type": "Feature", "properties": { "id": 2122, "tipo": "led", "Potencia": null, "Columna": null }, "geometry": { "type": "MultiPoint", "coordinates": [ [ -58.78931, -38.159523, 98.140213 ] ] } },
{ "type": "Feature", "properties": { "id": 2123, "tipo": "led", "Potencia": null, "Columna": null }, "geometry": { "type": "MultiPoint", "coordinates": [ [ -58.789561, -38.159741, 98.140213 ] ] } },
{ "type": "Feature", "properties": { "id": 2124, "tipo": "led", "Potencia": null, "Columna": null }, "geometry": { "type": "MultiPoint", "coordinates": [ [ -58.789805, -38.159946, 98.140213 ] ] } },
{ "type": "Feature", "properties": { "id": 2125, "tipo": "led", "Potencia": null, "Columna": null }, "geometry": { "type": "MultiPoint", "coordinates": [ [ -58.790104, -38.160209, 92.924362 ] ] } },
{ "type": "Feature", "properties": { "id": 2126, "tipo": "led", "Potencia": null, "Columna": null }, "geometry": { "type": "MultiPoint", "coordinates": [ [ -58.790316, -38.160383, 97.804314 ] ] } },
{ "type": "Feature", "properties": { "id": 2127, "tipo": "led", "Potencia": null, "Columna": null }, "geometry": { "type": "MultiPoint", "coordinates": [ [ -58.790528, -38.160547, 97.421753 ] ] } },
{ "type": "Feature", "properties": { "id": 2128, "tipo": "led", "Potencia": null, "Columna": null }, "geometry": { "type": "MultiPoint", "coordinates": [ [ -58.790788, -38.160752, 97.533722 ] ] } },
{ "type": "Feature", "properties": { "id": 2129, "tipo": "led", "Potencia": null, "Columna": null }, "geometry": { "type": "MultiPoint", "coordinates": [ [ -58.791035, -38.161101, 96.973877 ] ] } },
{ "type": "Feature", "properties": { "id": 2130, "tipo": "led", "Potencia": null, "Columna": null }, "geometry": { "type": "MultiPoint", "coordinates": [ [ -58.791596, -38.161549, 96.973877 ] ] } },
{ "type": "Feature", "properties": { "id": 2131, "tipo": "led", "Potencia": null, "Columna": null }, "geometry": { "type": "MultiPoint", "coordinates": [ [ -58.791916, -38.161798, 98.373482 ] ] } },
{ "type": "Feature", "properties": { "id": 2132, "tipo": "led", "Potencia": null, "Columna": null }, "geometry": { "type": "MultiPoint", "coordinates": [ [ -58.792513, -38.162307, 99.306549 ] ] } },
{ "type": "Feature", "properties": { "id": 2133, "tipo": null, "Potencia": null, "Columna": null }, "geometry": { "type": "MultiPoint", "coordinates": [ [ -58.793586, -38.163184, 99.241241 ] ] } },
{ "type": "Feature", "properties": { "id": 2134, "tipo": null, "Potencia": null, "Columna": null }, "geometry": { "type": "MultiPoint", "coordinates": [ [ -58.794167, -38.163589, 99.241241 ] ] } },
{ "type": "Feature", "properties": { "id": 2135, "tipo": null, "Potencia": null, "Columna": null }, "geometry": { "type": "MultiPoint", "coordinates": [ [ -58.794665, -38.164059, 100.678162 ] ] } },
{ "type": "Feature", "properties": { "id": 2136, "tipo": null, "Potencia": null, "Columna": null }, "geometry": { "type": "MultiPoint", "coordinates": [ [ -58.797168, -38.164582, 99.381195 ] ] } },
{ "type": "Feature", "properties": { "id": 2137, "tipo": null, "Potencia": null, "Columna": null }, "geometry": { "type": "MultiPoint", "coordinates": [ [ -58.795556, -38.161789, 99.381195 ] ] } },
{ "type": "Feature", "properties": { "id": 2138, "tipo": null, "Potencia": null, "Columna": null }, "geometry": { "type": "MultiPoint", "coordinates": [ [ -58.795304, -38.16158, 99.381195 ] ] } },
{ "type": "Feature", "properties": { "id": 2139, "tipo": null, "Potencia": null, "Columna": null }, "geometry": { "type": "MultiPoint", "coordinates": [ [ -58.792667, -38.159418, 99.381195 ] ] } },
{ "type": "Feature", "properties": { "id": 2140, "tipo": null, "Potencia": null, "Columna": null }, "geometry": { "type": "MultiPoint", "coordinates": [ [ -58.791809, -38.158715, 99.381195 ] ] } },
{ "type": "Feature", "properties": { "id": 2141, "tipo": null, "Potencia": null, "Columna": null }, "geometry": { "type": "MultiPoint", "coordinates": [ [ -58.79157, -38.158527, 99.381195 ] ] } },
{ "type": "Feature", "properties": { "id": 2142, "tipo": null, "Potencia": null, "Columna": null }, "geometry": { "type": "MultiPoint", "coordinates": [ [ -58.791063, -38.158118, 101.676552 ] ] } },
{ "type": "Feature", "properties": { "id": 2143, "tipo": null, "Potencia": null, "Columna": null }, "geometry": { "type": "MultiPoint", "coordinates": [ [ -58.79, -38.158758, 96.41404 ] ] } },
{ "type": "Feature", "properties": { "id": 2144, "tipo": null, "Potencia": null, "Columna": null }, "geometry": { "type": "MultiPoint", "coordinates": [ [ -58.790254, -38.158961, 98.578758 ] ] } },
{ "type": "Feature", "properties": { "id": 2145, "tipo": null, "Potencia": null, "Columna": null }, "geometry": { "type": "MultiPoint", "coordinates": [ [ -58.790489, -38.159153, 98.578758 ] ] } },
{ "type": "Feature", "properties": { "id": 2146, "tipo": null, "Potencia": null, "Columna": null }, "geometry": { "type": "MultiPoint", "coordinates": [ [ -58.790706, -38.159317, 98.578758 ] ] } },
{ "type": "Feature", "properties": { "id": 2147, "tipo": null, "Potencia": null, "Columna": null }, "geometry": { "type": "MultiPoint", "coordinates": [ [ -58.790933, -38.159505, 98.578758 ] ] } },
{ "type": "Feature", "properties": { "id": 2148, "tipo": null, "Potencia": null, "Columna": null }, "geometry": { "type": "MultiPoint", "coordinates": [ [ -58.791199, -38.159729, 98.578758 ] ] } },
{ "type": "Feature", "properties": { "id": 2149, "tipo": null, "Potencia": null, "Columna": null }, "geometry": { "type": "MultiPoint", "coordinates": [ [ -58.791438, -38.159921, 98.578758 ] ] } },
{ "type": "Feature", "properties": { "id": 2150, "tipo": null, "Potencia": null, "Columna": null }, "geometry": { "type": "MultiPoint", "coordinates": [ [ -58.791738, -38.160166, 98.578758 ] ] } },
{ "type": "Feature", "properties": { "id": 2151, "tipo": null, "Potencia": null, "Columna": null }, "geometry": { "type": "MultiPoint", "coordinates": [ [ -58.793505, -38.158613, 98.905334 ] ] } },
{ "type": "Feature", "properties": { "id": 2152, "tipo": null, "Potencia": null, "Columna": null }, "geometry": { "type": "MultiPoint", "coordinates": [ [ -58.792998, -38.158188, 98.532104 ] ] } },
{ "type": "Feature", "properties": { "id": 2153, "tipo": null, "Potencia": null, "Columna": null }, "geometry": { "type": "MultiPoint", "coordinates": [ [ -58.792523, -38.157988, 98.541435 ] ] } },
{ "type": "Feature", "properties": { "id": 2154, "tipo": null, "Potencia": null, "Columna": null }, "geometry": { "type": "MultiPoint", "coordinates": [ [ -58.79227, -38.158184, 98.541435 ] ] } },
{ "type": "Feature", "properties": { "id": 2155, "tipo": null, "Potencia": null, "Columna": null }, "geometry": { "type": "MultiPoint", "coordinates": [ [ -58.791883, -38.158496, 98.662735 ] ] } },
{ "type": "Feature", "properties": { "id": 2156, "tipo": null, "Potencia": null, "Columna": null }, "geometry": { "type": "MultiPoint", "coordinates": [ [ -58.792511, -38.157812, 100.267616 ] ] } },
{ "type": "Feature", "properties": { "id": 2157, "tipo": null, "Potencia": null, "Columna": null }, "geometry": { "type": "MultiPoint", "coordinates": [ [ -58.792242, -38.157587, 100.463562 ] ] } },
{ "type": "Feature", "properties": { "id": 2158, "tipo": null, "Potencia": null, "Columna": null }, "geometry": { "type": "MultiPoint", "coordinates": [ [ -58.791878, -38.157294, 98.914665 ] ] } },
{ "type": "Feature", "properties": { "id": 2159, "tipo": null, "Potencia": null, "Columna": null }, "geometry": { "type": "MultiPoint", "coordinates": [ [ -58.793011, -38.15673, 99.409187 ] ] } },
{ "type": "Feature", "properties": { "id": 2160, "tipo": null, "Potencia": null, "Columna": null }, "geometry": { "type": "MultiPoint", "coordinates": [ [ -58.793329, -38.156974, 99.409187 ] ] } },
{ "type": "Feature", "properties": { "id": 2161, "tipo": null, "Potencia": null, "Columna": null }, "geometry": { "type": "MultiPoint", "coordinates": [ [ -58.793627, -38.157239, 99.409187 ] ] } },
{ "type": "Feature", "properties": { "id": 2162, "tipo": null, "Potencia": null, "Columna": null }, "geometry": { "type": "MultiPoint", "coordinates": [ [ -58.793873, -38.157439, 99.409187 ] ] } },
{ "type": "Feature", "properties": { "id": 2163, "tipo": null, "Potencia": null, "Columna": null }, "geometry": { "type": "MultiPoint", "coordinates": [ [ -58.794092, -38.157614, 99.409187 ] ] } },
{ "type": "Feature", "properties": { "id": 2164, "tipo": null, "Potencia": null, "Columna": null }, "geometry": { "type": "MultiPoint", "coordinates": [ [ -58.794585, -38.158006, 99.409187 ] ] } },
{ "type": "Feature", "properties": { "id": 2165, "tipo": null, "Potencia": null, "Columna": null }, "geometry": { "type": "MultiPoint", "coordinates": [ [ -58.796109, -38.159281, 99.409187 ] ] } },
{ "type": "Feature", "properties": { "id": 2166, "tipo": null, "Potencia": null, "Columna": null }, "geometry": { "type": "MultiPoint", "coordinates": [ [ -58.790718, -38.159512, 101.676552 ] ] } },
{ "type": "Feature", "properties": { "id": 2167, "tipo": null, "Potencia": null, "Columna": null }, "geometry": { "type": "MultiPoint", "coordinates": [ [ -58.790487, -38.159682, 101.676552 ] ] } },
{ "type": "Feature", "properties": { "id": 2168, "tipo": null, "Potencia": null, "Columna": null }, "geometry": { "type": "MultiPoint", "coordinates": [ [ -58.790295, -38.159838, 101.676552 ] ] } },
{ "type": "Feature", "properties": { "id": 2169, "tipo": null, "Potencia": null, "Columna": null }, "geometry": { "type": "MultiPoint", "coordinates": [ [ -58.790062, -38.160005, 101.676552 ] ] } },
{ "type": "Feature", "properties": { "id": 2170, "tipo": null, "Potencia": null, "Columna": null }, "geometry": { "type": "MultiPoint", "coordinates": [ [ -58.78983, -38.160179, 101.676552 ] ] } },
{ "type": "Feature", "properties": { "id": 2171, "tipo": null, "Potencia": null, "Columna": null }, "geometry": { "type": "MultiPoint", "coordinates": [ [ -58.789653, -38.16031, 101.676552 ] ] } },
{ "type": "Feature", "properties": { "id": 2172, "tipo": null, "Potencia": null, "Columna": null }, "geometry": { "type": "MultiPoint", "coordinates": [ [ -58.789431, -38.160471, 101.676552 ] ] } },
{ "type": "Feature", "properties": { "id": 2173, "tipo": null, "Potencia": null, "Columna": null }, "geometry": { "type": "MultiPoint", "coordinates": [ [ -58.789224, -38.160639, 101.676552 ] ] } },
{ "type": "Feature", "properties": { "id": 2174, "tipo": "led 11va", "Potencia": null, "Columna": null }, "geometry": { "type": "MultiPoint", "coordinates": [ [ -58.78882, -38.160817, 99.987694 ] ] } },
{ "type": "Feature", "properties": { "id": 2175, "tipo": "led 11va", "Potencia": null, "Columna": null }, "geometry": { "type": "MultiPoint", "coordinates": [ [ -58.788067, -38.161385, 102.105759 ] ] } },
{ "type": "Feature", "properties": { "id": 2176, "tipo": "led", "Potencia": null, "Columna": null }, "geometry": { "type": "MultiPoint", "coordinates": [ [ -58.787912, -38.161616, 102.180405 ] ] } },
{ "type": "Feature", "properties": { "id": 2177, "tipo": "led", "Potencia": null, "Columna": null }, "geometry": { "type": "MultiPoint", "coordinates": [ [ -58.787695, -38.161783, 102.096428 ] ] } },
{ "type": "Feature", "properties": { "id": 2178, "tipo": "led", "Potencia": null, "Columna": null }, "geometry": { "type": "MultiPoint", "coordinates": [ [ -58.787482, -38.161951, 102.087097 ] ] } },
{ "type": "Feature", "properties": { "id": 2179, "tipo": "led", "Potencia": null, "Columna": null }, "geometry": { "type": "MultiPoint", "coordinates": [ [ -58.787192, -38.162184, 102.096428 ] ] } },
{ "type": "Feature", "properties": { "id": 2180, "tipo": "led", "Potencia": null, "Columna": null }, "geometry": { "type": "MultiPoint", "coordinates": [ [ -58.786978, -38.162332, 102.096428 ] ] } },
{ "type": "Feature", "properties": { "id": 2181, "tipo": "led", "Potencia": null, "Columna": null }, "geometry": { "type": "MultiPoint", "coordinates": [ [ -58.786741, -38.162539, 102.096428 ] ] } },
{ "type": "Feature", "properties": { "id": 2182, "tipo": "led", "Potencia": null, "Columna": null }, "geometry": { "type": "MultiPoint", "coordinates": [ [ -58.786466, -38.162743, 102.096428 ] ] } },
{ "type": "Feature", "properties": { "id": 2183, "tipo": "led", "Potencia": null, "Columna": null }, "geometry": { "type": "MultiPoint", "coordinates": [ [ -58.786311, -38.162866, 102.096428 ] ] } },
{ "type": "Feature", "properties": { "id": 2184, "tipo": "led", "Potencia": null, "Columna": null }, "geometry": { "type": "MultiPoint", "coordinates": [ [ -58.786069, -38.163026, 102.096428 ] ] } },
{ "type": "Feature", "properties": { "id": 2185, "tipo": "led", "Potencia": null, "Columna": null }, "geometry": { "type": "MultiPoint", "coordinates": [ [ -58.785826, -38.163202, 102.096428 ] ] } },
{ "type": "Feature", "properties": { "id": 2186, "tipo": "led", "Potencia": null, "Columna": null }, "geometry": { "type": "MultiPoint", "coordinates": [ [ -58.785559, -38.163413, 102.096428 ] ] } },
{ "type": "Feature", "properties": { "id": 2187, "tipo": "led", "Potencia": null, "Columna": null }, "geometry": { "type": "MultiPoint", "coordinates": [ [ -58.785334, -38.163587, 102.096428 ] ] } },
{ "type": "Feature", "properties": { "id": 2188, "tipo": "led", "Potencia": null, "Columna": null }, "geometry": { "type": "MultiPoint", "coordinates": [ [ -58.785008, -38.163712, 102.096428 ] ] } },
{ "type": "Feature", "properties": { "id": 2189, "tipo": "led", "Potencia": null, "Columna": null }, "geometry": { "type": "MultiPoint", "coordinates": [ [ -58.784827, -38.163964, 102.096428 ] ] } },
{ "type": "Feature", "properties": { "id": 2190, "tipo": "led", "Potencia": null, "Columna": null }, "geometry": { "type": "MultiPoint", "coordinates": [ [ -58.784563, -38.164048, 102.096428 ] ] } },
{ "type": "Feature", "properties": { "id": 2191, "tipo": "led", "Potencia": null, "Columna": null }, "geometry": { "type": "MultiPoint", "coordinates": [ [ -58.78441, -38.164262, 102.096428 ] ] } },
{ "type": "Feature", "properties": { "id": 2192, "tipo": null, "Potencia": null, "Columna": null }, "geometry": null },
{ "type": "Feature", "properties": { "id": 2193, "tipo": "led", "Potencia": null, "Columna": null }, "geometry": { "type": "MultiPoint", "coordinates": [ [ -58.791352, -38.161289, 0.0 ] ] } },
{ "type": "Feature", "properties": { "id": 2194, "tipo": "led", "Potencia": null, "Columna": null }, "geometry": { "type": "MultiPoint", "coordinates": [ [ -58.792295, -38.16202, 0.0 ] ] } },
{ "type": "Feature", "properties": { "id": 2195, "tipo": "led", "Potencia": null, "Columna": null }, "geometry": { "type": "MultiPoint", "coordinates": [ [ -58.792747, -38.162409, 0.0 ] ] } },
{ "type": "Feature", "properties": { "id": 2196, "tipo": "led", "Potencia": null, "Columna": null }, "geometry": { "type": "MultiPoint", "coordinates": [ [ -58.792902, -38.162551, 0.0 ] ] } },
{ "type": "Feature", "properties": { "id": 2197, "tipo": "led", "Potencia": null, "Columna": null }, "geometry": { "type": "MultiPoint", "coordinates": [ [ -58.77827, -38.16865, 0.0 ] ] } },
{ "type": "Feature", "properties": { "id": 2198, "tipo": "led", "Potencia": null, "Columna": null }, "geometry": { "type": "MultiPoint", "coordinates": [ [ -58.783552, -38.171358, 0.0 ] ] } },
{ "type": "Feature", "properties": { "id": 2199, "tipo": "led", "Potencia": null, "Columna": null }, "geometry": { "type": "MultiPoint", "coordinates": [ [ -58.784076, -38.171794, 0.0 ] ] } },
{ "type": "Feature", "properties": { "id": 2200, "tipo": "led", "Potencia": null, "Columna": null }, "geometry": { "type": "MultiPoint", "coordinates": [ [ -58.783852, -38.171318, 0.0 ] ] } },
{ "type": "Feature", "properties": { "id": 2201, "tipo": "led", "Potencia": null, "Columna": null }, "geometry": { "type": "MultiPoint", "coordinates": [ [ -58.78401, -38.171434, 0.0 ] ] } },
{ "type": "Feature", "properties": { "id": 2202, "tipo": "led", "Potencia": null, "Columna": null }, "geometry": { "type": "MultiPoint", "coordinates": [ [ -58.784138, -38.171538, 0.0 ] ] } },
{ "type": "Feature", "properties": { "id": 2203, "tipo": "led", "Potencia": null, "Columna": null }, "geometry": { "type": "MultiPoint", "coordinates": [ [ -58.783493, -38.171603, 0.0 ] ] } },
{ "type": "Feature", "properties": { "id": 2204, "tipo": "led", "Potencia": null, "Columna": null }, "geometry": { "type": "MultiPoint", "coordinates": [ [ -58.78364, -38.171726, 0.0 ] ] } },
{ "type": "Feature", "properties": { "id": 2205, "tipo": "led", "Potencia": null, "Columna": null }, "geometry": { "type": "MultiPoint", "coordinates": [ [ -58.783776, -38.171826, 0.0 ] ] } },
{ "type": "Feature", "properties": { "id": 2206, "tipo": "led", "Potencia": 150, "Columna": "baja" }, "geometry": { "type": "MultiPoint", "coordinates": [ [ -58.770434, -38.165215, 0.0 ] ] } },
{ "type": "Feature", "properties": { "id": 2207, "tipo": "led", "Potencia": 150, "Columna": "baja" }, "geometry": { "type": "MultiPoint", "coordinates": [ [ -58.770154, -38.165017, 0.0 ] ] } },
{ "type": "Feature", "properties": { "id": 2208, "tipo": "led", "Potencia": null, "Columna": null }, "geometry": { "type": "MultiPoint", "coordinates": [ [ -58.76985, -38.164968, 0.0 ] ] } },
{ "type": "Feature", "properties": { "id": 2209, "tipo": "led", "Potencia": null, "Columna": null }, "geometry": { "type": "MultiPoint", "coordinates": [ [ -58.769763, -38.165207, 0.0 ] ] } },
{ "type": "Feature", "properties": { "id": 2210, "tipo": "led", "Potencia": null, "Columna": null }, "geometry": { "type": "MultiPoint", "coordinates": [ [ -58.769438, -38.165314, 0.0 ] ] } },
{ "type": "Feature", "properties": { "id": 2211, "tipo": "led", "Potencia": null, "Columna": null }, "geometry": { "type": "MultiPoint", "coordinates": [ [ -58.769361, -38.165539, 0.0 ] ] } },
{ "type": "Feature", "properties": { "id": 2212, "tipo": "led", "Potencia": null, "Columna": null }, "geometry": { "type": "MultiPoint", "coordinates": [ [ -58.769347, -38.165731, 0.0 ] ] } },
{ "type": "Feature", "properties": { "id": 2213, "tipo": "led", "Potencia": null, "Columna": null }, "geometry": { "type": "MultiPoint", "coordinates": [ [ -58.769574, -38.165915, 0.0 ] ] } },
{ "type": "Feature", "properties": { "id": 2214, "tipo": null, "Potencia": null, "Columna": null }, "geometry": { "type": "MultiPoint", "coordinates": [ [ -58.791509, -38.156693, 0.0 ] ] } },
{ "type": "Feature", "properties": { "id": 2215, "tipo": "led", "Potencia": null, "Columna": null }, "geometry": { "type": "MultiPoint", "coordinates": [ [ -58.774171, -38.172621, 0.0 ] ] } },
{ "type": "Feature", "properties": { "id": 2216, "tipo": "led", "Potencia": null, "Columna": null }, "geometry": { "type": "MultiPoint", "coordinates": [ [ -58.774552, -38.17292, 0.0 ] ] } },
{ "type": "Feature", "properties": { "id": 2217, "tipo": "led", "Potencia": null, "Columna": null }, "geometry": { "type": "MultiPoint", "coordinates": [ [ -58.774733, -38.173057, 0.0 ] ] } },
{ "type": "Feature", "properties": { "id": 2218, "tipo": null, "Potencia": null, "Columna": null }, "geometry": { "type": "MultiPoint", "coordinates": [ [ -58.74134, -38.194692, 110.699326 ] ] } },
{ "type": "Feature", "properties": { "id": 2219, "tipo": null, "Potencia": null, "Columna": null }, "geometry": { "type": "MultiPoint", "coordinates": [ [ -58.739918, -38.193516, 113.069321 ] ] } },
{ "type": "Feature", "properties": { "id": 2220, "tipo": null, "Potencia": null, "Columna": null }, "geometry": { "type": "MultiPoint", "coordinates": [ [ -58.739612, -38.193268, 112.201569 ] ] } },
{ "type": "Feature", "properties": { "id": 2221, "tipo": null, "Potencia": null, "Columna": null }, "geometry": { "type": "MultiPoint", "coordinates": [ [ -58.737426, -38.191476, 113.097313 ] ] } },
{ "type": "Feature", "properties": { "id": 2222, "tipo": null, "Potencia": null, "Columna": null }, "geometry": { "type": "MultiPoint", "coordinates": [ [ -58.740425, -38.195644, 112.845383 ] ] } },
{ "type": "Feature", "properties": { "id": 2223, "tipo": null, "Potencia": null, "Columna": null }, "geometry": { "type": "MultiPoint", "coordinates": [ [ -58.740267, -38.195491, 111.240509 ] ] } },
{ "type": "Feature", "properties": { "id": 2224, "tipo": null, "Potencia": null, "Columna": null }, "geometry": { "type": "MultiPoint", "coordinates": [ [ -58.740011, -38.195288, 114.711525 ] ] } },
{ "type": "Feature", "properties": { "id": 2225, "tipo": null, "Potencia": null, "Columna": null }, "geometry": { "type": "MultiPoint", "coordinates": [ [ -58.739946, -38.194827, 111.399132 ] ] } },
{ "type": "Feature", "properties": { "id": 2226, "tipo": null, "Potencia": null, "Columna": null }, "geometry": { "type": "MultiPoint", "coordinates": [ [ -58.739677, -38.194994, 112.724091 ] ] } },
{ "type": "Feature", "properties": { "id": 2227, "tipo": null, "Potencia": null, "Columna": null }, "geometry": { "type": "MultiPoint", "coordinates": [ [ -58.739501, -38.194904, 113.274597 ] ] } },
{ "type": "Feature", "properties": { "id": 2228, "tipo": null, "Potencia": null, "Columna": null }, "geometry": { "type": "MultiPoint", "coordinates": [ [ -58.739574, -38.195078, 111.874992 ] ] } },
{ "type": "Feature", "properties": { "id": 2229, "tipo": null, "Potencia": null, "Columna": null }, "geometry": { "type": "MultiPoint", "coordinates": [ [ -58.73935, -38.195228, 112.509483 ] ] } },
{ "type": "Feature", "properties": { "id": 2230, "tipo": null, "Potencia": null, "Columna": null }, "geometry": { "type": "MultiPoint", "coordinates": [ [ -58.739184, -38.195359, 112.509483 ] ] } },
{ "type": "Feature", "properties": { "id": 2231, "tipo": null, "Potencia": null, "Columna": null }, "geometry": { "type": "MultiPoint", "coordinates": [ [ -58.738958, -38.195517, 112.509483 ] ] } },
{ "type": "Feature", "properties": { "id": 2232, "tipo": null, "Potencia": null, "Columna": null }, "geometry": { "type": "MultiPoint", "coordinates": [ [ -58.738882, -38.19565, 112.145584 ] ] } },
{ "type": "Feature", "properties": { "id": 2233, "tipo": null, "Potencia": null, "Columna": null }, "geometry": { "type": "MultiPoint", "coordinates": [ [ -58.739081, -38.195883, 112.117592 ] ] } },
{ "type": "Feature", "properties": { "id": 2234, "tipo": null, "Potencia": null, "Columna": null }, "geometry": { "type": "MultiPoint", "coordinates": [ [ -58.739294, -38.196064, 110.820625 ] ] } },
{ "type": "Feature", "properties": { "id": 2235, "tipo": null, "Potencia": null, "Columna": null }, "geometry": { "type": "MultiPoint", "coordinates": [ [ -58.739542, -38.196265, 110.951256 ] ] } },
{ "type": "Feature", "properties": { "id": 2236, "tipo": null, "Potencia": null, "Columna": null }, "geometry": { "type": "MultiPoint", "coordinates": [ [ -58.75545, -38.182395, 112.285545 ] ] } },
{ "type": "Feature", "properties": { "id": 2237, "tipo": null, "Potencia": null, "Columna": null }, "geometry": { "type": "MultiPoint", "coordinates": [ [ -58.757154, -38.183834, 110.764641 ] ] } },
{ "type": "Feature", "properties": { "id": 2238, "tipo": null, "Potencia": null, "Columna": null }, "geometry": { "type": "MultiPoint", "coordinates": [ [ -58.757478, -38.184077, 113.041328 ] ] } },
{ "type": "Feature", "properties": { "id": 2239, "tipo": null, "Potencia": null, "Columna": null }, "geometry": { "type": "MultiPoint", "coordinates": [ [ -58.757816, -38.184353, 113.283928 ] ] } },
{ "type": "Feature", "properties": { "id": 2240, "tipo": null, "Potencia": null, "Columna": null }, "geometry": { "type": "MultiPoint", "coordinates": [ [ -58.758106, -38.184585, 110.428734 ] ] } },
{ "type": "Feature", "properties": { "id": 2241, "tipo": null, "Potencia": null, "Columna": null }, "geometry": { "type": "MultiPoint", "coordinates": [ [ -58.794486, -38.154736, 121.522926 ] ] } },
{ "type": "Feature", "properties": { "id": 2242, "tipo": null, "Potencia": null, "Columna": null }, "geometry": { "type": "MultiPoint", "coordinates": [ [ -58.794683, -38.154643, 119.918053 ] ] } },
{ "type": "Feature", "properties": { "id": 2243, "tipo": null, "Potencia": null, "Columna": null }, "geometry": { "type": "MultiPoint", "coordinates": [ [ -58.795064, -38.154387, 119.871399 ] ] } },
{ "type": "Feature", "properties": { "id": 2244, "tipo": null, "Potencia": null, "Columna": null }, "geometry": { "type": "MultiPoint", "coordinates": [ [ -58.79586, -38.153777, 120.384583 ] ] } },
{ "type": "Feature", "properties": { "id": 2245, "tipo": null, "Potencia": null, "Columna": null }, "geometry": { "type": "MultiPoint", "coordinates": [ [ -58.796302, -38.153443, 121.028404 ] ] } },
{ "type": "Feature", "properties": { "id": 2246, "tipo": null, "Potencia": null, "Columna": null }, "geometry": { "type": "MultiPoint", "coordinates": [ [ -58.796703, -38.153134, 121.047066 ] ] } },
{ "type": "Feature", "properties": { "id": 2247, "tipo": null, "Potencia": null, "Columna": null }, "geometry": { "type": "MultiPoint", "coordinates": [ [ -58.797143, -38.152799, 121.056396 ] ] } },
{ "type": "Feature", "properties": { "id": 2248, "tipo": null, "Potencia": null, "Columna": null }, "geometry": { "type": "MultiPoint", "coordinates": [ [ -58.797442, -38.152574, 120.384583 ] ] } },
{ "type": "Feature", "properties": { "id": 2249, "tipo": null, "Potencia": null, "Columna": null }, "geometry": { "type": "MultiPoint", "coordinates": [ [ -58.797671, -38.152399, 119.582146 ] ] } },
{ "type": "Feature", "properties": { "id": 2250, "tipo": null, "Potencia": null, "Columna": null }, "geometry": { "type": "MultiPoint", "coordinates": [ [ -58.798124, -38.152055, 119.451515 ] ] } },
{ "type": "Feature", "properties": { "id": 2251, "tipo": null, "Potencia": null, "Columna": null }, "geometry": { "type": "MultiPoint", "coordinates": [ [ -58.798341, -38.151895, 119.479507 ] ] } },
{ "type": "Feature", "properties": { "id": 2252, "tipo": null, "Potencia": null, "Columna": null }, "geometry": { "type": "MultiPoint", "coordinates": [ [ -58.798689, -38.151636, 119.722107 ] ] } },
{ "type": "Feature", "properties": { "id": 2253, "tipo": null, "Potencia": null, "Columna": null }, "geometry": { "type": "MultiPoint", "coordinates": [ [ -58.798951, -38.15144, 119.740768 ] ] } },
{ "type": "Feature", "properties": { "id": 2254, "tipo": null, "Potencia": null, "Columna": null }, "geometry": { "type": "MultiPoint", "coordinates": [ [ -58.79919, -38.151263, 119.740768 ] ] } },
{ "type": "Feature", "properties": { "id": 2255, "tipo": null, "Potencia": null, "Columna": null }, "geometry": { "type": "MultiPoint", "coordinates": [ [ -58.799407, -38.151105, 119.740768 ] ] } },
{ "type": "Feature", "properties": { "id": 2256, "tipo": null, "Potencia": null, "Columna": null }, "geometry": { "type": "MultiPoint", "coordinates": [ [ -58.798763, -38.150162, 120.01136 ] ] } },
{ "type": "Feature", "properties": { "id": 2257, "tipo": null, "Potencia": null, "Columna": null }, "geometry": { "type": "MultiPoint", "coordinates": [ [ -58.799494, -38.149593, 121.522926 ] ] } },
{ "type": "Feature", "properties": { "id": 2258, "tipo": null, "Potencia": null, "Columna": null }, "geometry": { "type": "MultiPoint", "coordinates": [ [ -58.798427, -38.150041, 119.656792 ] ] } },
{ "type": "Feature", "properties": { "id": 2259, "tipo": null, "Potencia": null, "Columna": null }, "geometry": { "type": "MultiPoint", "coordinates": [ [ -58.798191, -38.149813, 119.656792 ] ] } },
{ "type": "Feature", "properties": { "id": 2260, "tipo": null, "Potencia": null, "Columna": null }, "geometry": { "type": "MultiPoint", "coordinates": [ [ -58.79772, -38.14945, 119.656792 ] ] } },
{ "type": "Feature", "properties": { "id": 2261, "tipo": null, "Potencia": null, "Columna": null }, "geometry": { "type": "MultiPoint", "coordinates": [ [ -58.797479, -38.149248, 119.656792 ] ] } },
{ "type": "Feature", "properties": { "id": 2262, "tipo": null, "Potencia": null, "Columna": null }, "geometry": { "type": "MultiPoint", "coordinates": [ [ -58.795704, -38.14776, 119.666122 ] ] } },
{ "type": "Feature", "properties": { "id": 2263, "tipo": null, "Potencia": null, "Columna": null }, "geometry": { "type": "MultiPoint", "coordinates": [ [ -58.795292, -38.147349, 119.666122 ] ] } },
{ "type": "Feature", "properties": { "id": 2264, "tipo": null, "Potencia": null, "Columna": null }, "geometry": { "type": "MultiPoint", "coordinates": [ [ -58.794471, -38.146688, 119.666122 ] ] } },
{ "type": "Feature", "properties": { "id": 2265, "tipo": null, "Potencia": null, "Columna": null }, "geometry": { "type": "MultiPoint", "coordinates": [ [ -58.79191, -38.144506, 119.666122 ] ] } },
{ "type": "Feature", "properties": { "id": 2266, "tipo": null, "Potencia": null, "Columna": null }, "geometry": { "type": "MultiPoint", "coordinates": [ [ -58.791866, -38.145894, 120.916435 ] ] } },
{ "type": "Feature", "properties": { "id": 2267, "tipo": null, "Potencia": null, "Columna": null }, "geometry": { "type": "MultiPoint", "coordinates": [ [ -58.791314, -38.14633, 118.359825 ] ] } },
{ "type": "Feature", "properties": { "id": 2268, "tipo": null, "Potencia": null, "Columna": null }, "geometry": { "type": "MultiPoint", "coordinates": [ [ -58.794358, -38.144005, 121.093719 ] ] } },
{ "type": "Feature", "properties": { "id": 2269, "tipo": null, "Potencia": null, "Columna": null }, "geometry": { "type": "MultiPoint", "coordinates": [ [ -58.793811, -38.148482, 119.460846 ] ] } },
{ "type": "Feature", "properties": { "id": 2270, "tipo": null, "Potencia": null, "Columna": null }, "geometry": { "type": "MultiPoint", "coordinates": [ [ -58.797004, -38.148887, 122.129425 ] ] } },
{ "type": "Feature", "properties": { "id": 2271, "tipo": null, "Potencia": null, "Columna": null }, "geometry": { "type": "MultiPoint", "coordinates": [ [ -58.797358, -38.149136, 121.765526 ] ] } },
{ "type": "Feature", "properties": { "id": 2272, "tipo": null, "Potencia": null, "Columna": null }, "geometry": { "type": "MultiPoint", "coordinates": [ [ -58.797268, -38.14993, 122.204071 ] ] } },
{ "type": "Feature", "properties": { "id": 2273, "tipo": null, "Potencia": null, "Columna": null }, "geometry": { "type": "MultiPoint", "coordinates": [ [ -58.797148, -38.151375, 122.204071 ] ] } },
{ "type": "Feature", "properties": { "id": 2274, "tipo": null, "Potencia": null, "Columna": null }, "geometry": { "type": "MultiPoint", "coordinates": [ [ -58.797756, -38.150913, 122.204071 ] ] } },
{ "type": "Feature", "properties": { "id": 2275, "tipo": null, "Potencia": null, "Columna": null }, "geometry": { "type": "MultiPoint", "coordinates": [ [ -58.798405, -38.15042, 122.19474 ] ] } },
{ "type": "Feature", "properties": { "id": 2276, "tipo": null, "Potencia": null, "Columna": null }, "geometry": { "type": "MultiPoint", "coordinates": [ [ -58.79737, -38.151861, 119.460846 ] ] } },
{ "type": "Feature", "properties": { "id": 2277, "tipo": null, "Potencia": null, "Columna": null }, "geometry": { "type": "MultiPoint", "coordinates": [ [ -58.796924, -38.151498, 118.705063 ] ] } },
{ "type": "Feature", "properties": { "id": 2278, "tipo": null, "Potencia": null, "Columna": null }, "geometry": { "type": "MultiPoint", "coordinates": [ [ -58.796566, -38.151139, 120.113998 ] ] } },
{ "type": "Feature", "properties": { "id": 2279, "tipo": null, "Potencia": null, "Columna": null }, "geometry": { "type": "MultiPoint", "coordinates": [ [ -58.795014, -38.149847, 121.718872 ] ] } },
{ "type": "Feature", "properties": { "id": 2280, "tipo": null, "Potencia": null, "Columna": null }, "geometry": { "type": "MultiPoint", "coordinates": [ [ -58.789641, -38.145336, 121.532257 ] ] } },
{ "type": "Feature", "properties": { "id": 2281, "tipo": "led", "Potencia": null, "Columna": null }, "geometry": { "type": "MultiPoint", "coordinates": [ [ -58.771218, -38.172609, -51.608055 ] ] } },
{ "type": "Feature", "properties": { "id": 2282, "tipo": "led", "Potencia": null, "Columna": null }, "geometry": { "type": "MultiPoint", "coordinates": [ [ -58.771208, -38.172619, -51.608055 ] ] } },
{ "type": "Feature", "properties": { "id": 2283, "tipo": "led", "Potencia": null, "Columna": null }, "geometry": { "type": "MultiPoint", "coordinates": [ [ -58.77138, -38.172516, -51.608055 ] ] } },
{ "type": "Feature", "properties": { "id": 2284, "tipo": "led", "Potencia": null, "Columna": null }, "geometry": { "type": "MultiPoint", "coordinates": [ [ -58.771596, -38.172356, -51.608055 ] ] } },
{ "type": "Feature", "properties": { "id": 2285, "tipo": "led", "Potencia": null, "Columna": null }, "geometry": { "type": "MultiPoint", "coordinates": [ [ -58.771063, -38.172725, -51.608055 ] ] } },
{ "type": "Feature", "properties": { "id": 2286, "tipo": "led", "Potencia": null, "Columna": null }, "geometry": { "type": "MultiPoint", "coordinates": [ [ -58.770891, -38.172853, -56.35738 ] ] } },
{ "type": "Feature", "properties": { "id": 2287, "tipo": "led", "Potencia": null, "Columna": null }, "geometry": { "type": "MultiPoint", "coordinates": [ [ -58.770845, -38.172887, -54.006042 ] ] } },
{ "type": "Feature", "properties": { "id": 2288, "tipo": "led", "Potencia": null, "Columna": null }, "geometry": { "type": "MultiPoint", "coordinates": [ [ -58.770716, -38.172983, -53.408878 ] ] } },
{ "type": "Feature", "properties": { "id": 2289, "tipo": "led", "Potencia": null, "Columna": null }, "geometry": { "type": "MultiPoint", "coordinates": [ [ -58.770554, -38.173108, -53.996712 ] ] } },
{ "type": "Feature", "properties": { "id": 2290, "tipo": "led", "Potencia": null, "Columna": null }, "geometry": { "type": "MultiPoint", "coordinates": [ [ -58.77054, -38.173117, -54.22065 ] ] } },
{ "type": "Feature", "properties": { "id": 2291, "tipo": "led", "Potencia": null, "Columna": null }, "geometry": { "type": "MultiPoint", "coordinates": [ [ -58.770357, -38.173257, -54.565884 ] ] } },
{ "type": "Feature", "properties": { "id": 2292, "tipo": "led", "Potencia": null, "Columna": null }, "geometry": { "type": "MultiPoint", "coordinates": [ [ -58.770144, -38.173416, -54.22998 ] ] } },
{ "type": "Feature", "properties": { "id": 2293, "tipo": "led", "Potencia": null, "Columna": null }, "geometry": { "type": "MultiPoint", "coordinates": [ [ -58.770116, -38.173441, -52.149235 ] ] } },
{ "type": "Feature", "properties": { "id": 2294, "tipo": "led", "Potencia": null, "Columna": null }, "geometry": { "type": "MultiPoint", "coordinates": [ [ -58.769995, -38.173536, -54.696514 ] ] } },
{ "type": "Feature", "properties": { "id": 2295, "tipo": "led", "Potencia": null, "Columna": null }, "geometry": { "type": "MultiPoint", "coordinates": [ [ -58.769806, -38.17368, -53.716793 ] ] } },
{ "type": "Feature", "properties": { "id": 2296, "tipo": "led", "Potencia": null, "Columna": null }, "geometry": { "type": "MultiPoint", "coordinates": [ [ -58.769772, -38.173704, -53.940727 ] ] } },
{ "type": "Feature", "properties": { "id": 2297, "tipo": "led", "Potencia": null, "Columna": null }, "geometry": { "type": "MultiPoint", "coordinates": [ [ -58.76964, -38.173785, -54.248642 ] ] } },
{ "type": "Feature", "properties": { "id": 2298, "tipo": "led", "Potencia": null, "Columna": null }, "geometry": { "type": "MultiPoint", "coordinates": [ [ -58.769447, -38.173924, -56.068127 ] ] } },
{ "type": "Feature", "properties": { "id": 2299, "tipo": "led", "Potencia": null, "Columna": null }, "geometry": { "type": "MultiPoint", "coordinates": [ [ -58.769418, -38.173946, -56.068127 ] ] } },
{ "type": "Feature", "properties": { "id": 2300, "tipo": "led", "Potencia": null, "Columna": null }, "geometry": { "type": "MultiPoint", "coordinates": [ [ -58.769287, -38.174042, -55.834858 ] ] } },
{ "type": "Feature", "properties": { "id": 2301, "tipo": "led", "Potencia": null, "Columna": null }, "geometry": { "type": "MultiPoint", "coordinates": [ [ -58.769067, -38.17419, -55.181709 ] ] } },
{ "type": "Feature", "properties": { "id": 2302, "tipo": "led", "Potencia": null, "Columna": null }, "geometry": { "type": "MultiPoint", "coordinates": [ [ -58.769037, -38.174211, -55.163052 ] ] } },
{ "type": "Feature", "properties": { "id": 2303, "tipo": "led", "Potencia": null, "Columna": null }, "geometry": { "type": "MultiPoint", "coordinates": [ [ -58.76868, -38.174499, -55.713562 ] ] } },
{ "type": "Feature", "properties": { "id": 2304, "tipo": "led", "Potencia": null, "Columna": null }, "geometry": { "type": "MultiPoint", "coordinates": [ [ -58.768257, -38.174813, -56.441353 ] ] } },
{ "type": "Feature", "properties": { "id": 2305, "tipo": "led", "Potencia": null, "Columna": null }, "geometry": { "type": "MultiPoint", "coordinates": [ [ -58.76783, -38.175136, -55.163052 ] ] } },
{ "type": "Feature", "properties": { "id": 2306, "tipo": "led", "Potencia": null, "Columna": null }, "geometry": { "type": "MultiPoint", "coordinates": [ [ -58.767403, -38.175461, -55.004429 ] ] } },
{ "type": "Feature", "properties": { "id": 2307, "tipo": "led", "Potencia": null, "Columna": null }, "geometry": { "type": "MultiPoint", "coordinates": [ [ -58.766939, -38.175801, -54.509903 ] ] } },
{ "type": "Feature", "properties": { "id": 2308, "tipo": "led", "Potencia": null, "Columna": null }, "geometry": { "type": "MultiPoint", "coordinates": [ [ -58.766549, -38.176108, -53.082306 ] ] } },
{ "type": "Feature", "properties": { "id": 2309, "tipo": "led", "Potencia": null, "Columna": null }, "geometry": { "type": "MultiPoint", "coordinates": [ [ -58.766091, -38.176457, -52.88636 ] ] } },
{ "type": "Feature", "properties": { "id": 2310, "tipo": "led", "Potencia": null, "Columna": null }, "geometry": { "type": "MultiPoint", "coordinates": [ [ -58.765658, -38.176784, -55.358994 ] ] } },
{ "type": "Feature", "properties": { "id": 2311, "tipo": "led", "Potencia": null, "Columna": null }, "geometry": { "type": "MultiPoint", "coordinates": [ [ -58.7652, -38.177135, -56.226749 ] ] } },
{ "type": "Feature", "properties": { "id": 2312, "tipo": null, "Potencia": null, "Columna": null }, "geometry": { "type": "MultiPoint", "coordinates": [ [ -58.764959, -38.17748, -55.694901 ] ] } },
{ "type": "Feature", "properties": { "id": 2313, "tipo": null, "Potencia": null, "Columna": null }, "geometry": { "type": "MultiPoint", "coordinates": [ [ -58.764754, -38.177641, -54.360611 ] ] } },
{ "type": "Feature", "properties": { "id": 2314, "tipo": null, "Potencia": null, "Columna": null }, "geometry": { "type": "MultiPoint", "coordinates": [ [ -58.764268, -38.177985, -55.470963 ] ] } },
{ "type": "Feature", "properties": { "id": 2315, "tipo": null, "Potencia": null, "Columna": null }, "geometry": { "type": "MultiPoint", "coordinates": [ [ -58.763892, -38.178228, -55.452301 ] ] } },
{ "type": "Feature", "properties": { "id": 2316, "tipo": null, "Potencia": null, "Columna": null }, "geometry": { "type": "MultiPoint", "coordinates": [ [ -58.763272, -38.178731, -56.422691 ] ] } },
{ "type": "Feature", "properties": { "id": 2317, "tipo": null, "Potencia": null, "Columna": null }, "geometry": { "type": "MultiPoint", "coordinates": [ [ -58.763048, -38.178892, -56.53466 ] ] } },
{ "type": "Feature", "properties": { "id": 2318, "tipo": null, "Potencia": null, "Columna": null }, "geometry": { "type": "MultiPoint", "coordinates": [ [ -58.762562, -38.179245, -55.638916 ] ] } },
{ "type": "Feature", "properties": { "id": 2319, "tipo": null, "Potencia": null, "Columna": null }, "geometry": { "type": "MultiPoint", "coordinates": [ [ -58.76212, -38.17958, -55.666908 ] ] } },
{ "type": "Feature", "properties": { "id": 2320, "tipo": null, "Potencia": null, "Columna": null }, "geometry": { "type": "MultiPoint", "coordinates": [ [ -58.761686, -38.17991, -54.108681 ] ] } },
{ "type": "Feature", "properties": { "id": 2321, "tipo": null, "Potencia": null, "Columna": null }, "geometry": { "type": "MultiPoint", "coordinates": [ [ -58.761444, -38.180094, -52.531796 ] ] } },
{ "type": "Feature", "properties": { "id": 2322, "tipo": null, "Potencia": null, "Columna": null }, "geometry": { "type": "MultiPoint", "coordinates": [ [ -58.761237, -38.180244, -54.668522 ] ] } },
{ "type": "Feature", "properties": { "id": 2323, "tipo": null, "Potencia": null, "Columna": null }, "geometry": { "type": "MultiPoint", "coordinates": [ [ -58.760374, -38.180896, -52.662426 ] ] } },
{ "type": "Feature", "properties": { "id": 2324, "tipo": null, "Potencia": null, "Columna": null }, "geometry": { "type": "MultiPoint", "coordinates": [ [ -58.759922, -38.181255, -53.380886 ] ] } },
{ "type": "Feature", "properties": { "id": 2325, "tipo": null, "Potencia": null, "Columna": null }, "geometry": { "type": "MultiPoint", "coordinates": [ [ -58.759495, -38.181578, -53.240929 ] ] } },
{ "type": "Feature", "properties": { "id": 2326, "tipo": null, "Potencia": null, "Columna": null }, "geometry": { "type": "MultiPoint", "coordinates": [ [ -58.759044, -38.18192, -53.044983 ] ] } },
{ "type": "Feature", "properties": { "id": 2327, "tipo": null, "Potencia": null, "Columna": null }, "geometry": { "type": "MultiPoint", "coordinates": [ [ -58.758591, -38.182253, -53.632816 ] ] } },
{ "type": "Feature", "properties": { "id": 2328, "tipo": null, "Potencia": null, "Columna": null }, "geometry": { "type": "MultiPoint", "coordinates": [ [ -58.758134, -38.182608, -53.492855 ] ] } },
{ "type": "Feature", "properties": { "id": 2329, "tipo": null, "Potencia": null, "Columna": null }, "geometry": { "type": "MultiPoint", "coordinates": [ [ -58.757742, -38.182902, -53.147621 ] ] } },
{ "type": "Feature", "properties": { "id": 2330, "tipo": null, "Potencia": null, "Columna": null }, "geometry": { "type": "MultiPoint", "coordinates": [ [ -58.757332, -38.183187, -53.950058 ] ] } },
{ "type": "Feature", "properties": { "id": 2331, "tipo": null, "Potencia": null, "Columna": null }, "geometry": { "type": "MultiPoint", "coordinates": [ [ -58.756935, -38.18349, -54.416595 ] ] } },
{ "type": "Feature", "properties": { "id": 2332, "tipo": null, "Potencia": null, "Columna": null }, "geometry": { "type": "MultiPoint", "coordinates": [ [ -58.756516, -38.183942, -53.80077 ] ] } },
{ "type": "Feature", "properties": { "id": 2333, "tipo": null, "Potencia": null, "Columna": null }, "geometry": { "type": "MultiPoint", "coordinates": [ [ -58.75274, -38.186696, -54.64986 ] ] } },
{ "type": "Feature", "properties": { "id": 2334, "tipo": null, "Potencia": null, "Columna": null }, "geometry": { "type": "MultiPoint", "coordinates": [ [ -58.752289, -38.187041, -53.950058 ] ] } },
{ "type": "Feature", "properties": { "id": 2335, "tipo": null, "Potencia": null, "Columna": null }, "geometry": { "type": "MultiPoint", "coordinates": [ [ -58.751373, -38.187725, -55.209702 ] ] } },
{ "type": "Feature", "properties": { "id": 2336, "tipo": null, "Potencia": null, "Columna": null }, "geometry": { "type": "MultiPoint", "coordinates": [ [ -58.750872, -38.188083, -55.219032 ] ] } },
{ "type": "Feature", "properties": { "id": 2337, "tipo": null, "Potencia": null, "Columna": null }, "geometry": { "type": "MultiPoint", "coordinates": [ [ -58.750448, -38.188419, -54.873798 ] ] } },
{ "type": "Feature", "properties": { "id": 2338, "tipo": null, "Potencia": null, "Columna": null }, "geometry": { "type": "MultiPoint", "coordinates": [ [ -58.74997, -38.188806, -55.629585 ] ] } },
{ "type": "Feature", "properties": { "id": 2339, "tipo": null, "Potencia": null, "Columna": null }, "geometry": { "type": "MultiPoint", "coordinates": [ [ -58.749295, -38.189288, -55.414978 ] ] } },
{ "type": "Feature", "properties": { "id": 2340, "tipo": null, "Potencia": null, "Columna": null }, "geometry": { "type": "MultiPoint", "coordinates": [ [ -58.748661, -38.189753, -55.116398 ] ] } },
{ "type": "Feature", "properties": { "id": 2341, "tipo": null, "Potencia": null, "Columna": null }, "geometry": { "type": "MultiPoint", "coordinates": [ [ -58.738164, -38.197637, -55.489624 ] ] } },
{ "type": "Feature", "properties": { "id": 2342, "tipo": null, "Potencia": null, "Columna": null }, "geometry": { "type": "MultiPoint", "coordinates": [ [ -58.737998, -38.197818, -54.883129 ] ] } },
{ "type": "Feature", "properties": { "id": 2343, "tipo": null, "Potencia": null, "Columna": null }, "geometry": { "type": "MultiPoint", "coordinates": [ [ -58.737961, -38.198062, -55.163052 ] ] } },
{ "type": "Feature", "properties": { "id": 2344, "tipo": null, "Potencia": null, "Columna": null }, "geometry": { "type": "MultiPoint", "coordinates": [ [ -58.737917, -38.198411, -57.523716 ] ] } },
{ "type": "Feature", "properties": { "id": 2345, "tipo": null, "Potencia": null, "Columna": null }, "geometry": { "type": "MultiPoint", "coordinates": [ [ -58.737835, -38.198762, -58.382137 ] ] } },
{ "type": "Feature", "properties": { "id": 2346, "tipo": "led 14va", "Potencia": 150, "Columna": "alta" }, "geometry": { "type": "MultiPoint", "coordinates": [ [ -58.737729, -38.199087, -57.103832 ] ] } },
{ "type": "Feature", "properties": { "id": 2347, "tipo": "led 14va", "Potencia": 150, "Columna": "alta" }, "geometry": { "type": "MultiPoint", "coordinates": [ [ -58.737586, -38.199466, -58.28883 ] ] } },
{ "type": "Feature", "properties": { "id": 2348, "tipo": "led 14va", "Potencia": 150, "Columna": "led" }, "geometry": { "type": "MultiPoint", "coordinates": [ [ -58.737472, -38.199785, -59.08194 ] ] } },
{ "type": "Feature", "properties": { "id": 2349, "tipo": "led 14va", "Potencia": 150, "Columna": "led" }, "geometry": { "type": "MultiPoint", "coordinates": [ [ -58.737354, -38.200124, -59.427177 ] ] } },
{ "type": "Feature", "properties": { "id": 2350, "tipo": "led 14va", "Potencia": 150, "Columna": "alta" }, "geometry": { "type": "MultiPoint", "coordinates": [ [ -58.737255, -38.200496, -58.531429 ] ] } },
{ "type": "Feature", "properties": { "id": 2351, "tipo": "led 14va", "Potencia": 150, "Columna": "alta" }, "geometry": { "type": "MultiPoint", "coordinates": [ [ -58.737109, -38.200828, -58.587414 ] ] } },
{ "type": "Feature", "properties": { "id": 2352, "tipo": "led 14va", "Potencia": 150, "Columna": "alta" }, "geometry": { "type": "MultiPoint", "coordinates": [ [ -58.736906, -38.201153, -57.794304 ] ] } },
{ "type": "Feature", "properties": { "id": 2353, "tipo": "led 14va", "Potencia": 150, "Columna": "alta" }, "geometry": { "type": "MultiPoint", "coordinates": [ [ -58.736781, -38.201515, -58.54076 ] ] } },
{ "type": "Feature", "properties": { "id": 2354, "tipo": "led 14va", "Potencia": 150, "Columna": "alta" }, "geometry": { "type": "MultiPoint", "coordinates": [ [ -58.73667, -38.201818, -58.391468 ] ] } },
{ "type": "Feature", "properties": { "id": 2355, "tipo": "led 14va", "Potencia": 150, "Columna": "alta" }, "geometry": { "type": "MultiPoint", "coordinates": [ [ -58.736545, -38.202184, -58.596745 ] ] } },
{ "type": "Feature", "properties": { "id": 2356, "tipo": null, "Potencia": null, "Columna": null }, "geometry": { "type": "MultiPoint", "coordinates": [ [ -58.73642, -38.202532, -58.512768 ] ] } },
{ "type": "Feature", "properties": { "id": 2357, "tipo": null, "Potencia": null, "Columna": null }, "geometry": { "type": "MultiPoint", "coordinates": [ [ -58.736314, -38.202858, -58.41013 ] ] } },
{ "type": "Feature", "properties": { "id": 2358, "tipo": null, "Potencia": null, "Columna": null }, "geometry": { "type": "MultiPoint", "coordinates": [ [ -58.736187, -38.203205, -58.41013 ] ] } },
{ "type": "Feature", "properties": { "id": 2359, "tipo": null, "Potencia": null, "Columna": null }, "geometry": { "type": "MultiPoint", "coordinates": [ [ -58.736096, -38.20346, -58.391468 ] ] } },
{ "type": "Feature", "properties": { "id": 2360, "tipo": null, "Potencia": null, "Columna": null }, "geometry": { "type": "MultiPoint", "coordinates": [ [ -58.735917, -38.203979, -58.382137 ] ] } },
{ "type": "Feature", "properties": { "id": 2361, "tipo": null, "Potencia": null, "Columna": null }, "geometry": { "type": "MultiPoint", "coordinates": [ [ -58.735793, -38.204336, -58.148872 ] ] } },
{ "type": "Feature", "properties": { "id": 2362, "tipo": null, "Potencia": null, "Columna": null }, "geometry": { "type": "MultiPoint", "coordinates": [ [ -58.735676, -38.204762, -58.102219 ] ] } },
{ "type": "Feature", "properties": { "id": 2363, "tipo": null, "Potencia": null, "Columna": null }, "geometry": { "type": "MultiPoint", "coordinates": [ [ -58.739119, -38.198864, -52.317188 ] ] } },
{ "type": "Feature", "properties": { "id": 2364, "tipo": null, "Potencia": null, "Columna": null }, "geometry": { "type": "MultiPoint", "coordinates": [ [ -58.739669, -38.199331, -52.317188 ] ] } },
{ "type": "Feature", "properties": { "id": 2365, "tipo": null, "Potencia": null, "Columna": null }, "geometry": { "type": "MultiPoint", "coordinates": [ [ -58.744033, -38.200089, -59.33387 ] ] } },
{ "type": "Feature", "properties": { "id": 2366, "tipo": null, "Potencia": null, "Columna": null }, "geometry": { "type": "MultiPoint", "coordinates": [ [ -58.745643, -38.202159, -56.665291 ] ] } },
{ "type": "Feature", "properties": { "id": 2367, "tipo": null, "Potencia": null, "Columna": null }, "geometry": { "type": "MultiPoint", "coordinates": [ [ -58.745155, -38.20169, -53.819431 ] ] } },
{ "type": "Feature", "properties": { "id": 2368, "tipo": null, "Potencia": null, "Columna": null }, "geometry": { "type": "MultiPoint", "coordinates": [ [ -58.74611, -38.20247, -55.98415 ] ] } },
{ "type": "Feature", "properties": { "id": 2369, "tipo": null, "Potencia": null, "Columna": null }, "geometry": { "type": "MultiPoint", "coordinates": [ [ -58.746895, -38.203125, -56.637299 ] ] } },
{ "type": "Feature", "properties": { "id": 2370, "tipo": null, "Potencia": null, "Columna": null }, "geometry": { "type": "MultiPoint", "coordinates": [ [ -58.748499, -38.203352, -56.35738 ] ] } },
{ "type": "Feature", "properties": { "id": 2371, "tipo": null, "Potencia": null, "Columna": null }, "geometry": { "type": "MultiPoint", "coordinates": [ [ -58.746258, -38.203353, -56.254742 ] ] } },
{ "type": "Feature", "properties": { "id": 2372, "tipo": null, "Potencia": null, "Columna": null }, "geometry": { "type": "MultiPoint", "coordinates": [ [ -58.746098, -38.204368, -54.211319 ] ] } },
{ "type": "Feature", "properties": { "id": 2373, "tipo": null, "Potencia": null, "Columna": null }, "geometry": { "type": "MultiPoint", "coordinates": [ [ -58.746255, -38.20503, -54.397934 ] ] } },
{ "type": "Feature", "properties": { "id": 2374, "tipo": null, "Potencia": null, "Columna": null }, "geometry": { "type": "MultiPoint", "coordinates": [ [ -58.745194, -38.205693, -54.659191 ] ] } },
{ "type": "Feature", "properties": { "id": 2375, "tipo": null, "Potencia": null, "Columna": null }, "geometry": { "type": "MultiPoint", "coordinates": [ [ -58.744366, -38.204976, -52.970337 ] ] } },
{ "type": "Feature", "properties": { "id": 2376, "tipo": null, "Potencia": null, "Columna": null }, "geometry": { "type": "MultiPoint", "coordinates": [ [ -58.743435, -38.204206, -52.326519 ] ] } },
{ "type": "Feature", "properties": { "id": 2377, "tipo": null, "Potencia": null, "Columna": null }, "geometry": { "type": "MultiPoint", "coordinates": [ [ -58.742143, -38.203136, -54.780491 ] ] } },
{ "type": "Feature", "properties": { "id": 2378, "tipo": null, "Potencia": null, "Columna": null }, "geometry": { "type": "MultiPoint", "coordinates": [ [ -58.741122, -38.202242, -55.265686 ] ] } },
{ "type": "Feature", "properties": { "id": 2379, "tipo": null, "Potencia": null, "Columna": null }, "geometry": { "type": "MultiPoint", "coordinates": [ [ -58.740352, -38.201484, -54.416595 ] ] } },
{ "type": "Feature", "properties": { "id": 2383, "tipo": "led 14va", "Potencia": 120, "Columna": "baja" }, "geometry": { "type": "MultiPoint", "coordinates": [ [ -58.739146, -38.200516, -55.237694 ] ] } },
{ "type": "Feature", "properties": { "id": 2384, "tipo": "led 14va", "Potencia": 120, "Columna": "baja" }, "geometry": { "type": "MultiPoint", "coordinates": [ [ -58.738642, -38.200102, -51.37479 ] ] } },
{ "type": "Feature", "properties": { "id": 2385, "tipo": "led 14va", "Potencia": 120, "Columna": "baja" }, "geometry": { "type": "MultiPoint", "coordinates": [ [ -58.738331, -38.199842, -52.279865 ] ] } },
{ "type": "Feature", "properties": { "id": 2386, "tipo": "led 14va", "Potencia": 120, "Columna": "baja" }, "geometry": { "type": "MultiPoint", "coordinates": [ [ -58.73816, -38.200049, -54.696514 ] ] } },
{ "type": "Feature", "properties": { "id": 2387, "tipo": "led 14va", "Potencia": 120, "Columna": "baja" }, "geometry": { "type": "MultiPoint", "coordinates": [ [ -58.737581, -38.200763, -54.659191 ] ] } },
{ "type": "Feature", "properties": { "id": 2388, "tipo": "led 14va", "Potencia": 120, "Columna": "baja" }, "geometry": { "type": "MultiPoint", "coordinates": [ [ -58.737842, -38.200979, -54.836475 ] ] } },
{ "type": "Feature", "properties": { "id": 2389, "tipo": null, "Potencia": null, "Columna": null }, "geometry": { "type": "MultiPoint", "coordinates": [ [ -58.738307, -38.201372, -55.44297 ] ] } },
{ "type": "Feature", "properties": { "id": 2390, "tipo": null, "Potencia": null, "Columna": null }, "geometry": { "type": "MultiPoint", "coordinates": [ [ -58.738126, -38.201524, -55.051083 ] ] } },
{ "type": "Feature", "properties": { "id": 2391, "tipo": null, "Potencia": null, "Columna": null }, "geometry": { "type": "MultiPoint", "coordinates": [ [ -58.737983, -38.201624, -53.940727 ] ] } },
{ "type": "Feature", "properties": { "id": 2392, "tipo": "led 14va", "Potencia": 120, "Columna": "baja" }, "geometry": { "type": "MultiPoint", "coordinates": [ [ -58.738484, -38.201246, -53.42754 ] ] } },
{ "type": "Feature", "properties": { "id": 2393, "tipo": "led 14va", "Potencia": 120, "Columna": "baja" }, "geometry": { "type": "MultiPoint", "coordinates": [ [ -58.738766, -38.201014, -54.369942 ] ] } },
{ "type": "Feature", "properties": { "id": 2394, "tipo": "led 14va", "Potencia": 120, "Columna": "baja" }, "geometry": { "type": "MultiPoint", "coordinates": [ [ -58.739033, -38.200831, -54.631199 ] ] } },
{ "type": "Feature", "properties": { "id": 2395, "tipo": null, "Potencia": null, "Columna": null }, "geometry": { "type": "MultiPoint", "coordinates": [ [ -58.739481, -38.200468, -55.722893 ] ] } },
{ "type": "Feature", "properties": { "id": 2396, "tipo": null, "Potencia": null, "Columna": null }, "geometry": { "type": "MultiPoint", "coordinates": [ [ -58.739953, -38.200103, -56.441353 ] ] } },
{ "type": "Feature", "properties": { "id": 2397, "tipo": null, "Potencia": null, "Columna": null }, "geometry": { "type": "MultiPoint", "coordinates": [ [ -58.738391, -38.201407, -53.175613 ] ] } },
{ "type": "Feature", "properties": { "id": 2398, "tipo": null, "Potencia": null, "Columna": null }, "geometry": { "type": "MultiPoint", "coordinates": [ [ -58.736574, -38.202548, -51.402782 ] ] } },
{ "type": "Feature", "properties": { "id": 2399, "tipo": null, "Potencia": null, "Columna": null }, "geometry": { "type": "MultiPoint", "coordinates": [ [ -58.737103, -38.202983, -53.474194 ] ] } },
{ "type": "Feature", "properties": { "id": 2400, "tipo": null, "Potencia": null, "Columna": null }, "geometry": { "type": "MultiPoint", "coordinates": [ [ -58.737347, -38.203496, -54.435257 ] ] } },
{ "type": "Feature", "properties": { "id": 2401, "tipo": null, "Potencia": null, "Columna": null }, "geometry": { "type": "MultiPoint", "coordinates": [ [ -58.737105, -38.20367, -54.09935 ] ] } },
{ "type": "Feature", "properties": { "id": 2402, "tipo": null, "Potencia": null, "Columna": null }, "geometry": { "type": "MultiPoint", "coordinates": [ [ -58.73651, -38.204123, -53.847424 ] ] } },
{ "type": "Feature", "properties": { "id": 2403, "tipo": null, "Potencia": null, "Columna": null }, "geometry": { "type": "MultiPoint", "coordinates": [ [ -58.736204, -38.204342, -53.567501 ] ] } },
{ "type": "Feature", "properties": { "id": 2404, "tipo": null, "Potencia": null, "Columna": null }, "geometry": { "type": "MultiPoint", "coordinates": [ [ -58.736696, -38.204042, -54.090019 ] ] } },
{ "type": "Feature", "properties": { "id": 2405, "tipo": null, "Potencia": null, "Columna": null }, "geometry": { "type": "MultiPoint", "coordinates": [ [ -58.736978, -38.20429, -54.090019 ] ] } },
{ "type": "Feature", "properties": { "id": 2406, "tipo": null, "Potencia": null, "Columna": null }, "geometry": { "type": "MultiPoint", "coordinates": [ [ -58.73705, -38.204348, -54.090019 ] ] } },
{ "type": "Feature", "properties": { "id": 2407, "tipo": null, "Potencia": null, "Columna": null }, "geometry": { "type": "MultiPoint", "coordinates": [ [ -58.737295, -38.204549, -54.090019 ] ] } },
{ "type": "Feature", "properties": { "id": 2408, "tipo": null, "Potencia": null, "Columna": null }, "geometry": { "type": "MultiPoint", "coordinates": [ [ -58.737506, -38.204824, -54.090019 ] ] } },
{ "type": "Feature", "properties": { "id": 2409, "tipo": null, "Potencia": null, "Columna": null }, "geometry": { "type": "MultiPoint", "coordinates": [ [ -58.737931, -38.204484, -54.090019 ] ] } },
{ "type": "Feature", "properties": { "id": 2410, "tipo": null, "Potencia": null, "Columna": null }, "geometry": { "type": "MultiPoint", "coordinates": [ [ -58.737574, -38.203361, -54.090019 ] ] } },
{ "type": "Feature", "properties": { "id": 2411, "tipo": null, "Potencia": null, "Columna": null }, "geometry": { "type": "MultiPoint", "coordinates": [ [ -58.738014, -38.203688, -54.090019 ] ] } },
{ "type": "Feature", "properties": { "id": 2412, "tipo": null, "Potencia": null, "Columna": null }, "geometry": { "type": "MultiPoint", "coordinates": [ [ -58.742583, -38.207323, -54.090019 ] ] } },
{ "type": "Feature", "properties": { "id": 2413, "tipo": null, "Potencia": null, "Columna": null }, "geometry": { "type": "MultiPoint", "coordinates": [ [ -58.741802, -38.206685, -50.936245 ] ] } },
{ "type": "Feature", "properties": { "id": 2414, "tipo": null, "Potencia": null, "Columna": null }, "geometry": { "type": "MultiPoint", "coordinates": [ [ -58.743098, -38.205737, -51.552071 ] ] } },
{ "type": "Feature", "properties": { "id": 2415, "tipo": null, "Potencia": null, "Columna": null }, "geometry": { "type": "MultiPoint", "coordinates": [ [ -58.74358, -38.205386, -51.234829 ] ] } },
{ "type": "Feature", "properties": { "id": 2416, "tipo": null, "Potencia": null, "Columna": null }, "geometry": { "type": "MultiPoint", "coordinates": [ [ -58.746176, -38.203433, -50.70298 ] ] } },
{ "type": "Feature", "properties": { "id": 2417, "tipo": null, "Potencia": null, "Columna": null }, "geometry": { "type": "MultiPoint", "coordinates": [ [ -58.747635, -38.209167, -50.040501 ] ] } },
{ "type": "Feature", "properties": { "id": 2418, "tipo": null, "Potencia": null, "Columna": null }, "geometry": { "type": "MultiPoint", "coordinates": [ [ -58.742508, -38.204565, -50.124477 ] ] } },
{ "type": "Feature", "properties": { "id": 2419, "tipo": null, "Potencia": null, "Columna": null }, "geometry": { "type": "MultiPoint", "coordinates": [ [ -58.741435, -38.205337, -48.827511 ] ] } },
{ "type": "Feature", "properties": { "id": 2420, "tipo": null, "Potencia": null, "Columna": null }, "geometry": { "type": "MultiPoint", "coordinates": [ [ -58.740947, -38.205729, -50.889591 ] ] } },
{ "type": "Feature", "properties": { "id": 2421, "tipo": null, "Potencia": null, "Columna": null }, "geometry": { "type": "MultiPoint", "coordinates": [ [ -58.739114, -38.203769, -48.043732 ] ] } },
{ "type": "Feature", "properties": { "id": 2422, "tipo": null, "Potencia": null, "Columna": null }, "geometry": { "type": "MultiPoint", "coordinates": [ [ -58.741221, -38.202169, -50.516365 ] ] } },
{ "type": "Feature", "properties": { "id": 2423, "tipo": null, "Potencia": null, "Columna": null }, "geometry": { "type": "MultiPoint", "coordinates": [ [ -58.741491, -38.201971, -51.626717 ] ] } },
{ "type": "Feature", "properties": { "id": 2424, "tipo": null, "Potencia": null, "Columna": null }, "geometry": { "type": "MultiPoint", "coordinates": [ [ -58.737628, -38.199476, -45.375153 ] ] } },
{ "type": "Feature", "properties": { "id": 2425, "tipo": null, "Potencia": null, "Columna": null }, "geometry": { "type": "MultiPoint", "coordinates": [ [ -58.737499, -38.199899, -47.698498 ] ] } },
{ "type": "Feature", "properties": { "id": 2426, "tipo": null, "Potencia": null, "Columna": null }, "geometry": { "type": "MultiPoint", "coordinates": [ [ -58.737448, -38.20005, -48.053062 ] ] } },
{ "type": "Feature", "properties": { "id": 2427, "tipo": null, "Potencia": null, "Columna": null }, "geometry": { "type": "MultiPoint", "coordinates": [ [ -58.737946, -38.197826, -42.706577 ] ] } },
{ "type": "Feature", "properties": { "id": 2428, "tipo": null, "Potencia": null, "Columna": null }, "geometry": { "type": "MultiPoint", "coordinates": [ [ -58.738192, -38.197538, -40.579178 ] ] } },
{ "type": "Feature", "properties": { "id": 2429, "tipo": null, "Potencia": null, "Columna": null }, "geometry": { "type": "MultiPoint", "coordinates": [ [ -58.738546, -38.19726, -40.47654 ] ] } },
{ "type": "Feature", "properties": { "id": 2430, "tipo": null, "Potencia": null, "Columna": null }, "geometry": { "type": "MultiPoint", "coordinates": [ [ -58.738847, -38.197037, -40.47654 ] ] } },
{ "type": "Feature", "properties": { "id": 2431, "tipo": null, "Potencia": null, "Columna": null }, "geometry": { "type": "MultiPoint", "coordinates": [ [ -58.73921, -38.196777, -40.47654 ] ] } },
{ "type": "Feature", "properties": { "id": 2432, "tipo": null, "Potencia": null, "Columna": null }, "geometry": { "type": "MultiPoint", "coordinates": [ [ -58.739535, -38.196548, -40.47654 ] ] } },
{ "type": "Feature", "properties": { "id": 2433, "tipo": null, "Potencia": null, "Columna": null }, "geometry": { "type": "MultiPoint", "coordinates": [ [ -58.739902, -38.196273, -40.467209 ] ] } },
{ "type": "Feature", "properties": { "id": 2434, "tipo": null, "Potencia": null, "Columna": null }, "geometry": { "type": "MultiPoint", "coordinates": [ [ -58.740226, -38.196022, -40.467209 ] ] } },
{ "type": "Feature", "properties": { "id": 2435, "tipo": null, "Potencia": null, "Columna": null }, "geometry": { "type": "MultiPoint", "coordinates": [ [ -58.740553, -38.195779, -40.467209 ] ] } },
{ "type": "Feature", "properties": { "id": 2436, "tipo": null, "Potencia": null, "Columna": null }, "geometry": { "type": "MultiPoint", "coordinates": [ [ -58.740858, -38.195555, -40.467209 ] ] } },
{ "type": "Feature", "properties": { "id": 2437, "tipo": null, "Potencia": null, "Columna": null }, "geometry": { "type": "MultiPoint", "coordinates": [ [ -58.741202, -38.195296, -40.467209 ] ] } },
{ "type": "Feature", "properties": { "id": 2438, "tipo": null, "Potencia": null, "Columna": null }, "geometry": { "type": "MultiPoint", "coordinates": [ [ -58.741549, -38.195033, -40.467209 ] ] } },
{ "type": "Feature", "properties": { "id": 2439, "tipo": null, "Potencia": null, "Columna": null }, "geometry": { "type": "MultiPoint", "coordinates": [ [ -58.741907, -38.194769, -40.47654 ] ] } },
{ "type": "Feature", "properties": { "id": 2440, "tipo": null, "Potencia": null, "Columna": null }, "geometry": { "type": "MultiPoint", "coordinates": [ [ -58.742244, -38.194506, -40.47654 ] ] } },
{ "type": "Feature", "properties": { "id": 2441, "tipo": null, "Potencia": null, "Columna": null }, "geometry": { "type": "MultiPoint", "coordinates": [ [ -58.742583, -38.194247, -40.467209 ] ] } },
{ "type": "Feature", "properties": { "id": 2442, "tipo": null, "Potencia": null, "Columna": null }, "geometry": { "type": "MultiPoint", "coordinates": [ [ -58.742908, -38.194005, -40.467209 ] ] } },
{ "type": "Feature", "properties": { "id": 2443, "tipo": null, "Potencia": null, "Columna": null }, "geometry": { "type": "MultiPoint", "coordinates": [ [ -58.743208, -38.19378, -40.467209 ] ] } },
{ "type": "Feature", "properties": { "id": 2444, "tipo": null, "Potencia": null, "Columna": null }, "geometry": { "type": "MultiPoint", "coordinates": [ [ -58.743524, -38.193541, -40.467209 ] ] } },
{ "type": "Feature", "properties": { "id": 2445, "tipo": null, "Potencia": null, "Columna": null }, "geometry": { "type": "MultiPoint", "coordinates": [ [ -58.743866, -38.193276, -40.467209 ] ] } },
{ "type": "Feature", "properties": { "id": 2446, "tipo": null, "Potencia": null, "Columna": null }, "geometry": { "type": "MultiPoint", "coordinates": [ [ -58.744217, -38.193009, -40.457878 ] ] } },
{ "type": "Feature", "properties": { "id": 2447, "tipo": null, "Potencia": null, "Columna": null }, "geometry": { "type": "MultiPoint", "coordinates": [ [ -58.744559, -38.192748, -40.457878 ] ] } },
{ "type": "Feature", "properties": { "id": 2448, "tipo": null, "Potencia": null, "Columna": null }, "geometry": { "type": "MultiPoint", "coordinates": [ [ -58.744862, -38.192521, -40.457878 ] ] } },
{ "type": "Feature", "properties": { "id": 2449, "tipo": "led 14va", "Potencia": 120, "Columna": "baja" }, "geometry": { "type": "MultiPoint", "coordinates": [ [ -58.745176, -38.19229, -40.457878 ] ] } },
{ "type": "Feature", "properties": { "id": 2450, "tipo": "led 14va", "Potencia": 120, "Columna": "baja" }, "geometry": { "type": "MultiPoint", "coordinates": [ [ -58.745404, -38.192121, -40.457878 ] ] } },
{ "type": "Feature", "properties": { "id": 2451, "tipo": null, "Potencia": null, "Columna": null }, "geometry": { "type": "MultiPoint", "coordinates": [ [ -58.765107, -38.176529, -39.580795 ] ] } },
{ "type": "Feature", "properties": { "id": 2452, "tipo": null, "Potencia": null, "Columna": null }, "geometry": { "type": "MultiPoint", "coordinates": [ [ -58.765285, -38.176148, -40.280598 ] ] } },
{ "type": "Feature", "properties": { "id": 2453, "tipo": null, "Potencia": null, "Columna": null }, "geometry": { "type": "MultiPoint", "coordinates": [ [ -58.765432, -38.175785, -40.355244 ] ] } },
{ "type": "Feature", "properties": { "id": 2454, "tipo": null, "Potencia": null, "Columna": null }, "geometry": { "type": "MultiPoint", "coordinates": [ [ -58.765556, -38.175414, -40.364574 ] ] } },
{ "type": "Feature", "properties": { "id": 2455, "tipo": null, "Potencia": null, "Columna": null }, "geometry": { "type": "MultiPoint", "coordinates": [ [ -58.76556, -38.175381, -40.364574 ] ] } },
{ "type": "Feature", "properties": { "id": 2456, "tipo": null, "Potencia": null, "Columna": null }, "geometry": { "type": "MultiPoint", "coordinates": [ [ -58.765533, -38.17511, -42.678585 ] ] } },
{ "type": "Feature", "properties": { "id": 2457, "tipo": null, "Potencia": null, "Columna": null }, "geometry": { "type": "MultiPoint", "coordinates": [ [ -58.765558, -38.174955, -41.94146 ] ] } },
{ "type": "Feature", "properties": { "id": 2458, "tipo": null, "Potencia": null, "Columna": null }, "geometry": { "type": "MultiPoint", "coordinates": [ [ -58.765819, -38.174363, -41.474926 ] ] } },
{ "type": "Feature", "properties": { "id": 2459, "tipo": null, "Potencia": null, "Columna": null }, "geometry": { "type": "MultiPoint", "coordinates": [ [ -58.765829, -38.174321, -41.390949 ] ] } },
{ "type": "Feature", "properties": { "id": 2460, "tipo": null, "Potencia": null, "Columna": null }, "geometry": { "type": "MultiPoint", "coordinates": [ [ -58.76592, -38.173966, -41.876144 ] ] } },
{ "type": "Feature", "properties": { "id": 2461, "tipo": null, "Potencia": null, "Columna": null }, "geometry": { "type": "MultiPoint", "coordinates": [ [ -58.765996, -38.173633, -41.876144 ] ] } },
{ "type": "Feature", "properties": { "id": 2462, "tipo": null, "Potencia": null, "Columna": null }, "geometry": { "type": "MultiPoint", "coordinates": [ [ -58.766029, -38.173267, -41.876144 ] ] } },
{ "type": "Feature", "properties": { "id": 2463, "tipo": null, "Potencia": null, "Columna": null }, "geometry": { "type": "MultiPoint", "coordinates": [ [ -58.765884, -38.174499, -41.185673 ] ] } },
{ "type": "Feature", "properties": { "id": 2464, "tipo": null, "Potencia": null, "Columna": null }, "geometry": { "type": "MultiPoint", "coordinates": [ [ -58.765793, -38.174994, -42.128075 ] ] } },
{ "type": "Feature", "properties": { "id": 2465, "tipo": null, "Potencia": null, "Columna": null }, "geometry": { "type": "MultiPoint", "coordinates": [ [ -58.765902, -38.174651, -41.848152 ] ] } },
{ "type": "Feature", "properties": { "id": 2466, "tipo": null, "Potencia": null, "Columna": null }, "geometry": { "type": "MultiPoint", "coordinates": [ [ -58.765922, -38.174644, -41.848152 ] ] } },
{ "type": "Feature", "properties": { "id": 2467, "tipo": null, "Potencia": null, "Columna": null }, "geometry": { "type": "MultiPoint", "coordinates": [ [ -58.76644, -38.174671, -39.851383 ] ] } },
{ "type": "Feature", "properties": { "id": 2468, "tipo": "led", "Potencia": null, "Columna": null }, "geometry": { "type": "MultiPoint", "coordinates": [ [ -58.768595, -38.174449, -42.100082 ] ] } },
{ "type": "Feature", "properties": { "id": 2469, "tipo": null, "Potencia": null, "Columna": null }, "geometry": { "type": "MultiPoint", "coordinates": [ [ -58.768164, -38.17459, -41.633545 ] ] } },
{ "type": "Feature", "properties": { "id": 2470, "tipo": null, "Potencia": null, "Columna": null }, "geometry": { "type": "MultiPoint", "coordinates": [ [ -58.767675, -38.174703, -40.037998 ] ] } },
{ "type": "Feature", "properties": { "id": 2471, "tipo": null, "Potencia": null, "Columna": null }, "geometry": { "type": "MultiPoint", "coordinates": [ [ -58.767218, -38.174773, -39.767406 ] ] } },
{ "type": "Feature", "properties": { "id": 2472, "tipo": null, "Potencia": null, "Columna": null }, "geometry": { "type": "MultiPoint", "coordinates": [ [ -58.766738, -38.174831, -39.75808 ] ] } },
{ "type": "Feature", "properties": { "id": 2473, "tipo": null, "Potencia": null, "Columna": null }, "geometry": { "type": "MultiPoint", "coordinates": [ [ -58.766114, -38.174519, -40.159298 ] ] } },
{ "type": "Feature", "properties": { "id": 2474, "tipo": "led", "Potencia": null, "Columna": null }, "geometry": { "type": "MultiPoint", "coordinates": [ [ -58.774294, -38.156413, 31.994942 ] ] } },
{ "type": "Feature", "properties": { "id": 2475, "tipo": "led", "Potencia": null, "Columna": null }, "geometry": { "type": "MultiPoint", "coordinates": [ [ -58.774019, -38.156181, 31.27648 ] ] } },
{ "type": "Feature", "properties": { "id": 2476, "tipo": "led", "Potencia": null, "Columna": null }, "geometry": { "type": "MultiPoint", "coordinates": [ [ -58.773901, -38.15608, 33.907734 ] ] } },
{ "type": "Feature", "properties": { "id": 2477, "tipo": "led", "Potencia": null, "Columna": null }, "geometry": { "type": "MultiPoint", "coordinates": [ [ -58.77369, -38.155898, 32.760059 ] ] } },
{ "type": "Feature", "properties": { "id": 2478, "tipo": "led", "Potencia": null, "Columna": null }, "geometry": { "type": "MultiPoint", "coordinates": [ [ -58.77346, -38.155708, 31.15518 ] ] } },
{ "type": "Feature", "properties": { "id": 2479, "tipo": "led", "Potencia": null, "Columna": null }, "geometry": { "type": "MultiPoint", "coordinates": [ [ -58.773139, -38.155457, 30.996557 ] ] } },
{ "type": "Feature", "properties": { "id": 2480, "tipo": "led", "Potencia": null, "Columna": null }, "geometry": { "type": "MultiPoint", "coordinates": [ [ -58.772823, -38.155202, 32.620098 ] ] } },
{ "type": "Feature", "properties": { "id": 2481, "tipo": "led", "Potencia": null, "Columna": null }, "geometry": { "type": "MultiPoint", "coordinates": [ [ -58.772647, -38.155044, 34.579544 ] ] } },
{ "type": "Feature", "properties": { "id": 2482, "tipo": "led", "Potencia": null, "Columna": null }, "geometry": { "type": "MultiPoint", "coordinates": [ [ -58.772477, -38.154913, 33.450531 ] ] } },
{ "type": "Feature", "properties": { "id": 2483, "tipo": "led", "Potencia": null, "Columna": null }, "geometry": { "type": "MultiPoint", "coordinates": [ [ -58.772312, -38.154773, 31.444431 ] ] } },
{ "type": "Feature", "properties": { "id": 2484, "tipo": "led", "Potencia": null, "Columna": null }, "geometry": { "type": "MultiPoint", "coordinates": [ [ -58.771833, -38.154377, 35.372654 ] ] } },
{ "type": "Feature", "properties": { "id": 2485, "tipo": "led", "Potencia": null, "Columna": null }, "geometry": { "type": "MultiPoint", "coordinates": [ [ -58.771561, -38.154156, 33.627811 ] ] } },
{ "type": "Feature", "properties": { "id": 2486, "tipo": "led", "Potencia": null, "Columna": null }, "geometry": { "type": "MultiPoint", "coordinates": [ [ -58.771349, -38.153998, 31.864313 ] ] } },
{ "type": "Feature", "properties": { "id": 2487, "tipo": "led", "Potencia": null, "Columna": null }, "geometry": { "type": "MultiPoint", "coordinates": [ [ -58.771175, -38.153862, 32.116241 ] ] } },
{ "type": "Feature", "properties": { "id": 2488, "tipo": "led", "Potencia": null, "Columna": null }, "geometry": { "type": "MultiPoint", "coordinates": [ [ -58.770911, -38.153651, 33.273247 ] ] } },
{ "type": "Feature", "properties": { "id": 2489, "tipo": "led", "Potencia": null, "Columna": null }, "geometry": { "type": "MultiPoint", "coordinates": [ [ -58.770651, -38.153437, 31.584393 ] ] } },
{ "type": "Feature", "properties": { "id": 2490, "tipo": "led", "Potencia": null, "Columna": null }, "geometry": { "type": "MultiPoint", "coordinates": [ [ -58.770396, -38.153246, 33.60915 ] ] } },
{ "type": "Feature", "properties": { "id": 2491, "tipo": "led", "Potencia": null, "Columna": null }, "geometry": { "type": "MultiPoint", "coordinates": [ [ -58.770203, -38.153103, 32.265533 ] ] } },
{ "type": "Feature", "properties": { "id": 2492, "tipo": "led", "Potencia": null, "Columna": null }, "geometry": { "type": "MultiPoint", "coordinates": [ [ -58.769967, -38.152877, 33.506516 ] ] } },
{ "type": "Feature", "properties": { "id": 2493, "tipo": "led", "Potencia": null, "Columna": null }, "geometry": { "type": "MultiPoint", "coordinates": [ [ -58.769754, -38.152704, 33.347893 ] ] } },
{ "type": "Feature", "properties": { "id": 2494, "tipo": "led", "Potencia": null, "Columna": null }, "geometry": { "type": "MultiPoint", "coordinates": [ [ -58.769374, -38.15239, 33.935726 ] ] } },
{ "type": "Feature", "properties": { "id": 2495, "tipo": "led", "Potencia": null, "Columna": null }, "geometry": { "type": "MultiPoint", "coordinates": [ [ -58.768996, -38.152069, 34.28096 ] ] } },
{ "type": "Feature", "properties": { "id": 2496, "tipo": null, "Potencia": null, "Columna": null }, "geometry": { "type": "MultiPoint", "coordinates": [ [ -58.768677, -38.151816, 34.327614 ] ] } },
{ "type": "Feature", "properties": { "id": 2497, "tipo": null, "Potencia": null, "Columna": null }, "geometry": { "type": "MultiPoint", "coordinates": [ [ -58.768393, -38.15159, 33.702457 ] ] } },
{ "type": "Feature", "properties": { "id": 2498, "tipo": null, "Potencia": null, "Columna": null }, "geometry": { "type": "MultiPoint", "coordinates": [ [ -58.768178, -38.151421, 32.39616 ] ] } },
{ "type": "Feature", "properties": { "id": 2499, "tipo": null, "Potencia": null, "Columna": null }, "geometry": { "type": "MultiPoint", "coordinates": [ [ -58.767852, -38.151151, 34.252968 ] ] } },
{ "type": "Feature", "properties": { "id": 2500, "tipo": null, "Potencia": null, "Columna": null }, "geometry": { "type": "MultiPoint", "coordinates": [ [ -58.767667, -38.151008, 33.31057 ] ] } },
{ "type": "Feature", "properties": { "id": 2501, "tipo": null, "Potencia": null, "Columna": null }, "geometry": { "type": "MultiPoint", "coordinates": [ [ -58.767358, -38.150751, 33.534508 ] ] } },
{ "type": "Feature", "properties": { "id": 2502, "tipo": null, "Potencia": null, "Columna": null }, "geometry": { "type": "MultiPoint", "coordinates": [ [ -58.767154, -38.15063, 32.816044 ] ] } },
{ "type": "Feature", "properties": { "id": 2503, "tipo": null, "Potencia": null, "Columna": null }, "geometry": { "type": "MultiPoint", "coordinates": [ [ -58.766922, -38.150443, 32.592106 ] ] } },
{ "type": "Feature", "properties": { "id": 2504, "tipo": null, "Potencia": null, "Columna": null }, "geometry": { "type": "MultiPoint", "coordinates": [ [ -58.766681, -38.15025, 33.422539 ] ] } },
{ "type": "Feature", "properties": { "id": 2505, "tipo": null, "Potencia": null, "Columna": null }, "geometry": { "type": "MultiPoint", "coordinates": [ [ -58.766428, -38.150032, 33.478523 ] ] } },
{ "type": "Feature", "properties": { "id": 2506, "tipo": null, "Potencia": null, "Columna": null }, "geometry": { "type": "MultiPoint", "coordinates": [ [ -58.765922, -38.149612, 33.963718 ] ] } },
{ "type": "Feature", "properties": { "id": 2507, "tipo": null, "Potencia": null, "Columna": null }, "geometry": { "type": "MultiPoint", "coordinates": [ [ -58.765399, -38.149143, 37.50938 ] ] } },
{ "type": "Feature", "properties": { "id": 2508, "tipo": null, "Potencia": null, "Columna": null }, "geometry": { "type": "MultiPoint", "coordinates": [ [ -58.765061, -38.148887, 37.50938 ] ] } },
{ "type": "Feature", "properties": { "id": 2509, "tipo": null, "Potencia": null, "Columna": null }, "geometry": { "type": "MultiPoint", "coordinates": [ [ -58.76458, -38.148546, 37.50938 ] ] } },
{ "type": "Feature", "properties": { "id": 2510, "tipo": null, "Potencia": null, "Columna": null }, "geometry": { "type": "MultiPoint", "coordinates": [ [ -58.764214, -38.148199, 37.50938 ] ] } },
{ "type": "Feature", "properties": { "id": 2511, "tipo": null, "Potencia": null, "Columna": null }, "geometry": { "type": "MultiPoint", "coordinates": [ [ -58.763803, -38.147857, 37.50938 ] ] } },
{ "type": "Feature", "properties": { "id": 2512, "tipo": null, "Potencia": null, "Columna": null }, "geometry": { "type": "MultiPoint", "coordinates": [ [ -58.763359, -38.147493, 37.50938 ] ] } },
{ "type": "Feature", "properties": { "id": 2513, "tipo": null, "Potencia": null, "Columna": null }, "geometry": { "type": "MultiPoint", "coordinates": [ [ -58.762938, -38.147147, 37.50938 ] ] } },
{ "type": "Feature", "properties": { "id": 2514, "tipo": null, "Potencia": null, "Columna": null }, "geometry": { "type": "MultiPoint", "coordinates": [ [ -58.76252, -38.146803, 37.50938 ] ] } },
{ "type": "Feature", "properties": { "id": 2515, "tipo": null, "Potencia": null, "Columna": null }, "geometry": { "type": "MultiPoint", "coordinates": [ [ -58.762115, -38.146472, 37.50938 ] ] } },
{ "type": "Feature", "properties": { "id": 2516, "tipo": null, "Potencia": null, "Columna": null }, "geometry": { "type": "MultiPoint", "coordinates": [ [ -58.761683, -38.146117, 37.50938 ] ] } },
{ "type": "Feature", "properties": { "id": 2517, "tipo": null, "Potencia": null, "Columna": null }, "geometry": { "type": "MultiPoint", "coordinates": [ [ -58.761241, -38.145763, 37.50938 ] ] } },
{ "type": "Feature", "properties": { "id": 2518, "tipo": null, "Potencia": null, "Columna": null }, "geometry": { "type": "MultiPoint", "coordinates": [ [ -58.760795, -38.145398, 37.50938 ] ] } },
{ "type": "Feature", "properties": { "id": 2519, "tipo": null, "Potencia": null, "Columna": null }, "geometry": { "type": "MultiPoint", "coordinates": [ [ -58.760386, -38.145063, 37.518711 ] ] } },
{ "type": "Feature", "properties": { "id": 2520, "tipo": null, "Potencia": null, "Columna": null }, "geometry": { "type": "MultiPoint", "coordinates": [ [ -58.759945, -38.144699, 37.518711 ] ] } },
{ "type": "Feature", "properties": { "id": 2521, "tipo": null, "Potencia": null, "Columna": null }, "geometry": { "type": "MultiPoint", "coordinates": [ [ -58.759518, -38.14435, 37.518711 ] ] } },
{ "type": "Feature", "properties": { "id": 2522, "tipo": null, "Potencia": null, "Columna": null }, "geometry": { "type": "MultiPoint", "coordinates": [ [ -58.759094, -38.144003, 37.518711 ] ] } },
{ "type": "Feature", "properties": { "id": 2523, "tipo": null, "Potencia": null, "Columna": null }, "geometry": { "type": "MultiPoint", "coordinates": [ [ -58.75862, -38.143616, 37.518711 ] ] } },
{ "type": "Feature", "properties": { "id": 2524, "tipo": null, "Potencia": null, "Columna": null }, "geometry": { "type": "MultiPoint", "coordinates": [ [ -58.758225, -38.143298, 37.518711 ] ] } },
{ "type": "Feature", "properties": { "id": 2525, "tipo": null, "Potencia": null, "Columna": null }, "geometry": { "type": "MultiPoint", "coordinates": [ [ -58.757787, -38.142941, 37.518711 ] ] } },
{ "type": "Feature", "properties": { "id": 2526, "tipo": null, "Potencia": null, "Columna": null }, "geometry": { "type": "MultiPoint", "coordinates": [ [ -58.757402, -38.142632, 37.518711 ] ] } },
{ "type": "Feature", "properties": { "id": 2527, "tipo": null, "Potencia": null, "Columna": null }, "geometry": { "type": "MultiPoint", "coordinates": [ [ -58.757135, -38.142413, 37.518711 ] ] } },
{ "type": "Feature", "properties": { "id": 2528, "tipo": null, "Potencia": null, "Columna": null }, "geometry": { "type": "MultiPoint", "coordinates": [ [ -58.756878, -38.142178, 37.518711 ] ] } },
{ "type": "Feature", "properties": { "id": 2529, "tipo": null, "Potencia": null, "Columna": null }, "geometry": { "type": "MultiPoint", "coordinates": [ [ -58.756619, -38.141975, 37.518711 ] ] } },
{ "type": "Feature", "properties": { "id": 2530, "tipo": null, "Potencia": null, "Columna": null }, "geometry": { "type": "MultiPoint", "coordinates": [ [ -58.756342, -38.141759, 37.518711 ] ] } },
{ "type": "Feature", "properties": { "id": 2531, "tipo": null, "Potencia": null, "Columna": null }, "geometry": { "type": "MultiPoint", "coordinates": [ [ -58.756101, -38.141552, 37.518711 ] ] } },
{ "type": "Feature", "properties": { "id": 2532, "tipo": null, "Potencia": null, "Columna": null }, "geometry": { "type": "MultiPoint", "coordinates": [ [ -58.755587, -38.141135, 37.518711 ] ] } },
{ "type": "Feature", "properties": { "id": 2533, "tipo": null, "Potencia": null, "Columna": null }, "geometry": { "type": "MultiPoint", "coordinates": [ [ -58.75531, -38.140905, 37.518711 ] ] } },
{ "type": "Feature", "properties": { "id": 2534, "tipo": null, "Potencia": null, "Columna": null }, "geometry": { "type": "MultiPoint", "coordinates": [ [ -58.755084, -38.140728, 37.518711 ] ] } },
{ "type": "Feature", "properties": { "id": 2535, "tipo": null, "Potencia": null, "Columna": null }, "geometry": { "type": "MultiPoint", "coordinates": [ [ -58.754871, -38.140549, 37.518711 ] ] } },
{ "type": "Feature", "properties": { "id": 2536, "tipo": null, "Potencia": null, "Columna": null }, "geometry": { "type": "MultiPoint", "coordinates": [ [ -58.754749, -38.140445, 37.518711 ] ] } },
{ "type": "Feature", "properties": { "id": 2537, "tipo": null, "Potencia": null, "Columna": null }, "geometry": { "type": "MultiPoint", "coordinates": [ [ -58.754569, -38.140315, 37.518711 ] ] } },
{ "type": "Feature", "properties": { "id": 2538, "tipo": null, "Potencia": null, "Columna": null }, "geometry": { "type": "MultiPoint", "coordinates": [ [ -58.754461, -38.140275, 37.518711 ] ] } },
{ "type": "Feature", "properties": { "id": 2539, "tipo": null, "Potencia": null, "Columna": null }, "geometry": { "type": "MultiPoint", "coordinates": [ [ -58.754353, -38.140289, 37.518711 ] ] } },
{ "type": "Feature", "properties": { "id": 2540, "tipo": null, "Potencia": null, "Columna": null }, "geometry": { "type": "MultiPoint", "coordinates": [ [ -58.754292, -38.140391, 35.07407 ] ] } },
{ "type": "Feature", "properties": { "id": 2541, "tipo": null, "Potencia": null, "Columna": null }, "geometry": { "type": "MultiPoint", "coordinates": [ [ -58.754057, -38.139949, 36.501667 ] ] } },
{ "type": "Feature", "properties": { "id": 2542, "tipo": null, "Potencia": null, "Columna": null }, "geometry": { "type": "MultiPoint", "coordinates": [ [ -58.754028, -38.139752, 37.677334 ] ] } },
{ "type": "Feature", "properties": { "id": 2543, "tipo": null, "Potencia": null, "Columna": null }, "geometry": { "type": "MultiPoint", "coordinates": [ [ -58.735992, -38.152125, 37.779972 ] ] } },
{ "type": "Feature", "properties": { "id": 2544, "tipo": null, "Potencia": null, "Columna": null }, "geometry": { "type": "MultiPoint", "coordinates": [ [ -58.735436, -38.15255, 35.223362 ] ] } },
{ "type": "Feature", "properties": { "id": 2545, "tipo": null, "Potencia": null, "Columna": null }, "geometry": { "type": "MultiPoint", "coordinates": [ [ -58.741313, -38.148123, 41.260319 ] ] } },
{ "type": "Feature", "properties": { "id": 2546, "tipo": null, "Potencia": null, "Columna": null }, "geometry": { "type": "MultiPoint", "coordinates": [ [ -58.741479, -38.148002, 35.428638 ] ] } },
{ "type": "Feature", "properties": { "id": 2547, "tipo": null, "Potencia": null, "Columna": null }, "geometry": { "type": "MultiPoint", "coordinates": [ [ -58.753269, -38.139333, 42.389332 ] ] } },
{ "type": "Feature", "properties": { "id": 2548, "tipo": null, "Potencia": null, "Columna": null }, "geometry": { "type": "MultiPoint", "coordinates": [ [ -58.753388, -38.139274, 38.769024 ] ] } },
{ "type": "Feature", "properties": { "id": 2549, "tipo": "led", "Potencia": null, "Columna": null }, "geometry": { "type": "MultiPoint", "coordinates": [ [ -58.753898, -38.138314, 38.619732 ] ] } },
{ "type": "Feature", "properties": { "id": 2550, "tipo": null, "Potencia": null, "Columna": null }, "geometry": { "type": "MultiPoint", "coordinates": [ [ -58.768651, -38.154188, 34.579544 ] ] } },
{ "type": "Feature", "properties": { "id": 2551, "tipo": null, "Potencia": null, "Columna": null }, "geometry": { "type": "MultiPoint", "coordinates": [ [ -58.768315, -38.154424, 33.226593 ] ] } },
{ "type": "Feature", "properties": { "id": 2552, "tipo": null, "Potencia": null, "Columna": null }, "geometry": { "type": "MultiPoint", "coordinates": [ [ -58.767891, -38.154743, 32.732067 ] ] } },
{ "type": "Feature", "properties": { "id": 2553, "tipo": null, "Potencia": null, "Columna": null }, "geometry": { "type": "MultiPoint", "coordinates": [ [ -58.767407, -38.155102, 32.76939 ] ] } },
{ "type": "Feature", "properties": { "id": 2554, "tipo": null, "Potencia": null, "Columna": null }, "geometry": { "type": "MultiPoint", "coordinates": [ [ -58.766785, -38.155571, 35.755211 ] ] } },
{ "type": "Feature", "properties": { "id": 2555, "tipo": null, "Potencia": null, "Columna": null }, "geometry": { "type": "MultiPoint", "coordinates": [ [ -58.7662, -38.156008, 35.764542 ] ] } },
{ "type": "Feature", "properties": { "id": 2556, "tipo": null, "Potencia": null, "Columna": null }, "geometry": { "type": "MultiPoint", "coordinates": [ [ -58.766373, -38.158783, 35.764542 ] ] } },
{ "type": "Feature", "properties": { "id": 2557, "tipo": null, "Potencia": null, "Columna": null }, "geometry": { "type": "MultiPoint", "coordinates": [ [ -58.766918, -38.158359, 35.764542 ] ] } },
{ "type": "Feature", "properties": { "id": 2558, "tipo": null, "Potencia": null, "Columna": null }, "geometry": { "type": "MultiPoint", "coordinates": [ [ -58.767429, -38.157968, 35.764542 ] ] } },
{ "type": "Feature", "properties": { "id": 2559, "tipo": null, "Potencia": null, "Columna": null }, "geometry": { "type": "MultiPoint", "coordinates": [ [ -58.767952, -38.15757, 35.755211 ] ] } },
{ "type": "Feature", "properties": { "id": 2560, "tipo": null, "Potencia": null, "Columna": null }, "geometry": { "type": "MultiPoint", "coordinates": [ [ -58.768483, -38.157162, 35.755211 ] ] } },
{ "type": "Feature", "properties": { "id": 2561, "tipo": null, "Potencia": null, "Columna": null }, "geometry": { "type": "MultiPoint", "coordinates": [ [ -58.769207, -38.156615, 35.755211 ] ] } },
{ "type": "Feature", "properties": { "id": 2562, "tipo": null, "Potencia": null, "Columna": null }, "geometry": { "type": "MultiPoint", "coordinates": [ [ -58.769611, -38.15626, 35.755211 ] ] } },
{ "type": "Feature", "properties": { "id": 2563, "tipo": null, "Potencia": null, "Columna": null }, "geometry": { "type": "MultiPoint", "coordinates": [ [ -58.769939, -38.156082, 35.755211 ] ] } },
{ "type": "Feature", "properties": { "id": 2564, "tipo": null, "Potencia": null, "Columna": null }, "geometry": { "type": "MultiPoint", "coordinates": [ [ -58.770119, -38.15595, 35.755211 ] ] } },
{ "type": "Feature", "properties": { "id": 2565, "tipo": null, "Potencia": null, "Columna": null }, "geometry": { "type": "MultiPoint", "coordinates": [ [ -58.770587, -38.155603, 35.755211 ] ] } },
{ "type": "Feature", "properties": { "id": 2566, "tipo": null, "Potencia": null, "Columna": null }, "geometry": { "type": "MultiPoint", "coordinates": [ [ -58.770879, -38.155377, 35.755211 ] ] } },
{ "type": "Feature", "properties": { "id": 2567, "tipo": null, "Potencia": null, "Columna": null }, "geometry": { "type": "MultiPoint", "coordinates": [ [ -58.771013, -38.155192, 35.755211 ] ] } },
{ "type": "Feature", "properties": { "id": 2568, "tipo": null, "Potencia": null, "Columna": null }, "geometry": { "type": "MultiPoint", "coordinates": [ [ -58.771272, -38.154992, 35.755211 ] ] } },
{ "type": "Feature", "properties": { "id": 2569, "tipo": null, "Potencia": null, "Columna": null }, "geometry": { "type": "MultiPoint", "coordinates": [ [ -58.771654, -38.154699, 35.755211 ] ] } },
{ "type": "Feature", "properties": { "id": 2570, "tipo": null, "Potencia": null, "Columna": null }, "geometry": { "type": "MultiPoint", "coordinates": [ [ -58.769825, -38.15463, 35.755211 ] ] } },
{ "type": "Feature", "properties": { "id": 2571, "tipo": null, "Potencia": null, "Columna": null }, "geometry": { "type": "MultiPoint", "coordinates": [ [ -58.769452, -38.154972, 35.755211 ] ] } },
{ "type": "Feature", "properties": { "id": 2572, "tipo": null, "Potencia": null, "Columna": null }, "geometry": { "type": "MultiPoint", "coordinates": [ [ -58.769198, -38.155107, 32.256203 ] ] } },
{ "type": "Feature", "properties": { "id": 2573, "tipo": null, "Potencia": null, "Columna": null }, "geometry": { "type": "MultiPoint", "coordinates": [ [ -58.769574, -38.157063, 34.766159 ] ] } },
{ "type": "Feature", "properties": { "id": 2574, "tipo": null, "Potencia": null, "Columna": null }, "geometry": { "type": "MultiPoint", "coordinates": [ [ -58.769822, -38.157306, 33.543839 ] ] } },
{ "type": "Feature", "properties": { "id": 2575, "tipo": null, "Potencia": null, "Columna": null }, "geometry": { "type": "MultiPoint", "coordinates": [ [ -58.770264, -38.15763, 32.470806 ] ] } },
{ "type": "Feature", "properties": { "id": 2576, "tipo": null, "Potencia": null, "Columna": null }, "geometry": { "type": "MultiPoint", "coordinates": [ [ -58.770506, -38.157806, 33.123955 ] ] } },
{ "type": "Feature", "properties": { "id": 2577, "tipo": null, "Potencia": null, "Columna": null }, "geometry": { "type": "MultiPoint", "coordinates": [ [ -58.770729, -38.158046, 32.51746 ] ] } },
{ "type": "Feature", "properties": { "id": 2578, "tipo": null, "Potencia": null, "Columna": null }, "geometry": { "type": "MultiPoint", "coordinates": [ [ -58.771122, -38.158321, 31.808329 ] ] } },
{ "type": "Feature", "properties": { "id": 2579, "tipo": null, "Potencia": null, "Columna": null }, "geometry": { "type": "MultiPoint", "coordinates": [ [ -58.771256, -38.15841, 31.407108 ] ] } },
{ "type": "Feature", "properties": { "id": 2580, "tipo": null, "Potencia": null, "Columna": null }, "geometry": { "type": "MultiPoint", "coordinates": [ [ -58.771566, -38.158167, 32.060257 ] ] } },
{ "type": "Feature", "properties": { "id": 2581, "tipo": null, "Potencia": null, "Columna": null }, "geometry": { "type": "MultiPoint", "coordinates": [ [ -58.771882, -38.157922, 33.030647 ] ] } },
{ "type": "Feature", "properties": { "id": 2582, "tipo": null, "Potencia": null, "Columna": null }, "geometry": { "type": "MultiPoint", "coordinates": [ [ -58.772171, -38.157692, 34.812813 ] ] } },
{ "type": "Feature", "properties": { "id": 2583, "tipo": null, "Potencia": null, "Columna": null }, "geometry": { "type": "MultiPoint", "coordinates": [ [ -58.772473, -38.157407, 33.151947 ] ] } },
{ "type": "Feature", "properties": { "id": 2584, "tipo": null, "Potencia": null, "Columna": null }, "geometry": { "type": "MultiPoint", "coordinates": [ [ -58.772754, -38.157149, 33.525177 ] ] } },
{ "type": "Feature", "properties": { "id": 2585, "tipo": null, "Potencia": null, "Columna": null }, "geometry": { "type": "MultiPoint", "coordinates": [ [ -58.77305, -38.156887, 33.329231 ] ] } },
{ "type": "Feature", "properties": { "id": 2586, "tipo": null, "Potencia": null, "Columna": null }, "geometry": { "type": "MultiPoint", "coordinates": [ [ -58.773341, -38.15666, 33.683796 ] ] } },
{ "type": "Feature", "properties": { "id": 2587, "tipo": null, "Potencia": null, "Columna": null }, "geometry": { "type": "MultiPoint", "coordinates": [ [ -58.773674, -38.156394, 34.327614 ] ] } },
{ "type": "Feature", "properties": { "id": 2588, "tipo": null, "Potencia": null, "Columna": null }, "geometry": { "type": "MultiPoint", "coordinates": [ [ -58.772806, -38.156697, 35.027416 ] ] } },
{ "type": "Feature", "properties": { "id": 2589, "tipo": null, "Potencia": null, "Columna": null }, "geometry": { "type": "MultiPoint", "coordinates": [ [ -58.77254, -38.156535, 35.036747 ] ] } },
{ "type": "Feature", "properties": { "id": 2590, "tipo": null, "Potencia": null, "Columna": null }, "geometry": { "type": "MultiPoint", "coordinates": [ [ -58.77229, -38.156264, 35.036747 ] ] } },
{ "type": "Feature", "properties": { "id": 2591, "tipo": null, "Potencia": null, "Columna": null }, "geometry": { "type": "MultiPoint", "coordinates": [ [ -58.77179, -38.155915, 35.036747 ] ] } },
{ "type": "Feature", "properties": { "id": 2592, "tipo": null, "Potencia": null, "Columna": null }, "geometry": { "type": "MultiPoint", "coordinates": [ [ -58.771467, -38.155675, 35.036747 ] ] } },
{ "type": "Feature", "properties": { "id": 2593, "tipo": null, "Potencia": null, "Columna": null }, "geometry": { "type": "MultiPoint", "coordinates": [ [ -58.77094, -38.155177, 35.036747 ] ] } },
{ "type": "Feature", "properties": { "id": 2594, "tipo": null, "Potencia": null, "Columna": null }, "geometry": { "type": "MultiPoint", "coordinates": [ [ -58.770661, -38.154968, 35.036747 ] ] } },
{ "type": "Feature", "properties": { "id": 2595, "tipo": null, "Potencia": null, "Columna": null }, "geometry": { "type": "MultiPoint", "coordinates": [ [ -58.770445, -38.15476, 35.036747 ] ] } },
{ "type": "Feature", "properties": { "id": 2596, "tipo": null, "Potencia": null, "Columna": null }, "geometry": { "type": "MultiPoint", "coordinates": [ [ -58.770185, -38.154549, 35.036747 ] ] } },
{ "type": "Feature", "properties": { "id": 2597, "tipo": null, "Potencia": null, "Columna": null }, "geometry": { "type": "MultiPoint", "coordinates": [ [ -58.769928, -38.154406, 35.036747 ] ] } },
{ "type": "Feature", "properties": { "id": 2598, "tipo": null, "Potencia": null, "Columna": null }, "geometry": { "type": "MultiPoint", "coordinates": [ [ -58.769777, -38.154234, 35.036747 ] ] } },
{ "type": "Feature", "properties": { "id": 2599, "tipo": null, "Potencia": null, "Columna": null }, "geometry": { "type": "MultiPoint", "coordinates": [ [ -58.769622, -38.154103, 35.036747 ] ] } },
{ "type": "Feature", "properties": { "id": 2600, "tipo": null, "Potencia": null, "Columna": null }, "geometry": { "type": "MultiPoint", "coordinates": [ [ -58.769242, -38.153819, 35.036747 ] ] } },
{ "type": "Feature", "properties": { "id": 2601, "tipo": null, "Potencia": null, "Columna": null }, "geometry": { "type": "MultiPoint", "coordinates": [ [ -58.768598, -38.154763, 35.036747 ] ] } },
{ "type": "Feature", "properties": { "id": 2602, "tipo": null, "Potencia": null, "Columna": null }, "geometry": { "type": "MultiPoint", "coordinates": [ [ -58.768769, -38.154907, 35.036747 ] ] } },
{ "type": "Feature", "properties": { "id": 2603, "tipo": null, "Potencia": null, "Columna": null }, "geometry": { "type": "MultiPoint", "coordinates": [ [ -58.769521, -38.155517, 35.036747 ] ] } },
{ "type": "Feature", "properties": { "id": 2604, "tipo": null, "Potencia": null, "Columna": null }, "geometry": { "type": "MultiPoint", "coordinates": [ [ -58.770668, -38.156472, 35.036747 ] ] } },
{ "type": "Feature", "properties": { "id": 2605, "tipo": null, "Potencia": null, "Columna": null }, "geometry": { "type": "MultiPoint", "coordinates": [ [ -58.771024, -38.156743, 35.036747 ] ] } },
{ "type": "Feature", "properties": { "id": 2606, "tipo": null, "Potencia": null, "Columna": null }, "geometry": { "type": "MultiPoint", "coordinates": [ [ -58.771298, -38.156962, 35.036747 ] ] } },
{ "type": "Feature", "properties": { "id": 2607, "tipo": null, "Potencia": null, "Columna": null }, "geometry": { "type": "MultiPoint", "coordinates": [ [ -58.771547, -38.157159, 35.036747 ] ] } },
{ "type": "Feature", "properties": { "id": 2608, "tipo": null, "Potencia": null, "Columna": null }, "geometry": { "type": "MultiPoint", "coordinates": [ [ -58.771772, -38.157361, 35.036747 ] ] } },
{ "type": "Feature", "properties": { "id": 2609, "tipo": null, "Potencia": null, "Columna": null }, "geometry": { "type": "MultiPoint", "coordinates": [ [ -58.769004, -38.156577, 35.036747 ] ] } },
{ "type": "Feature", "properties": { "id": 2610, "tipo": null, "Potencia": null, "Columna": null }, "geometry": { "type": "MultiPoint", "coordinates": [ [ -58.770278, -38.157251, 35.036747 ] ] } },
{ "type": "Feature", "properties": { "id": 2611, "tipo": null, "Potencia": null, "Columna": null }, "geometry": { "type": "MultiPoint", "coordinates": [ [ -58.77082, -38.15683, 35.036747 ] ] } },
{ "type": "Feature", "properties": { "id": 2612, "tipo": null, "Potencia": null, "Columna": null }, "geometry": { "type": "MultiPoint", "coordinates": [ [ -58.771244, -38.156503, 35.036747 ] ] } },
{ "type": "Feature", "properties": { "id": 2613, "tipo": null, "Potencia": null, "Columna": null }, "geometry": { "type": "MultiPoint", "coordinates": [ [ -58.771501, -38.156302, 35.036747 ] ] } },
{ "type": "Feature", "properties": { "id": 2614, "tipo": null, "Potencia": null, "Columna": null }, "geometry": { "type": "MultiPoint", "coordinates": [ [ -58.772041, -38.155881, 35.036747 ] ] } },
{ "type": "Feature", "properties": { "id": 2615, "tipo": null, "Potencia": null, "Columna": null }, "geometry": { "type": "MultiPoint", "coordinates": [ [ -58.772278, -38.1557, 35.027416 ] ] } },
{ "type": "Feature", "properties": { "id": 2616, "tipo": null, "Potencia": null, "Columna": null }, "geometry": { "type": "MultiPoint", "coordinates": [ [ -58.7697, -38.159422, 35.036747 ] ] } },
{ "type": "Feature", "properties": { "id": 2617, "tipo": null, "Potencia": null, "Columna": null }, "geometry": { "type": "MultiPoint", "coordinates": [ [ -58.769581, -38.159268, 35.036747 ] ] } },
{ "type": "Feature", "properties": { "id": 2618, "tipo": null, "Potencia": null, "Columna": null }, "geometry": { "type": "MultiPoint", "coordinates": [ [ -58.769299, -38.159032, 35.036747 ] ] } },
{ "type": "Feature", "properties": { "id": 2619, "tipo": null, "Potencia": null, "Columna": null }, "geometry": { "type": "MultiPoint", "coordinates": [ [ -58.768737, -38.158619, 34.234306 ] ] } },
{ "type": "Feature", "properties": { "id": 2620, "tipo": "led", "Potencia": null, "Columna": null }, "geometry": { "type": "MultiPoint", "coordinates": [ [ -58.774034, -38.156084, 36.361706 ] ] } },
{ "type": "Feature", "properties": { "id": 2621, "tipo": "led", "Potencia": null, "Columna": null }, "geometry": { "type": "MultiPoint", "coordinates": [ [ -58.774042, -38.15608, 36.361706 ] ] } },
{ "type": "Feature", "properties": { "id": 2622, "tipo": "led", "Potencia": null, "Columna": null }, "geometry": { "type": "MultiPoint", "coordinates": [ [ -58.774324, -38.156253, 36.846901 ] ] } },
{ "type": "Feature", "properties": { "id": 2638, "tipo": null, "Potencia": null, "Columna": null }, "geometry": { "type": "MultiPoint", "coordinates": [ [ -58.784465, -38.148851, 37.332096 ] ] } },
{ "type": "Feature", "properties": { "id": 2644, "tipo": null, "Potencia": null, "Columna": null }, "geometry": { "type": "MultiPoint", "coordinates": [ [ -58.789874, -38.154079, 42.090752 ] ] } },
{ "type": "Feature", "properties": { "id": 2645, "tipo": null, "Potencia": null, "Columna": null }, "geometry": { "type": "MultiPoint", "coordinates": [ [ -58.766387, -38.174774, 0.0 ] ] } },
{ "type": "Feature", "properties": { "id": 2646, "tipo": null, "Potencia": null, "Columna": null }, "geometry": { "type": "MultiPoint", "coordinates": [ [ -58.782249, -38.175029, 60.84544 ] ] } },
{ "type": "Feature", "properties": { "id": 2647, "tipo": null, "Potencia": null, "Columna": null }, "geometry": { "type": "MultiPoint", "coordinates": [ [ -58.782829, -38.175458, 60.84544 ] ] } },
{ "type": "Feature", "properties": { "id": 2648, "tipo": null, "Potencia": null, "Columna": null }, "geometry": { "type": "MultiPoint", "coordinates": [ [ -58.783101, -38.175667, 60.84544 ] ] } },
{ "type": "Feature", "properties": { "id": 2649, "tipo": null, "Potencia": null, "Columna": null }, "geometry": { "type": "MultiPoint", "coordinates": [ [ -58.783476, -38.175945, 60.836109 ] ] } },
{ "type": "Feature", "properties": { "id": 2650, "tipo": null, "Potencia": null, "Columna": null }, "geometry": { "type": "MultiPoint", "coordinates": [ [ -58.784123, -38.176437, 60.836109 ] ] } },
{ "type": "Feature", "properties": { "id": 2651, "tipo": null, "Potencia": null, "Columna": null }, "geometry": { "type": "MultiPoint", "coordinates": [ [ -58.785083, -38.1772, 60.836109 ] ] } },
{ "type": "Feature", "properties": { "id": 2652, "tipo": null, "Potencia": null, "Columna": null }, "geometry": { "type": "MultiPoint", "coordinates": [ [ -58.786908, -38.17867, 60.836109 ] ] } },
{ "type": "Feature", "properties": { "id": 2653, "tipo": null, "Potencia": null, "Columna": null }, "geometry": { "type": "MultiPoint", "coordinates": [ [ -58.787558, -38.179184, 60.836109 ] ] } },
{ "type": "Feature", "properties": { "id": 2654, "tipo": null, "Potencia": null, "Columna": null }, "geometry": { "type": "MultiPoint", "coordinates": [ [ -58.785514, -38.180533, 60.84544 ] ] } },
{ "type": "Feature", "properties": { "id": 2655, "tipo": null, "Potencia": null, "Columna": null }, "geometry": { "type": "MultiPoint", "coordinates": [ [ -58.783312, -38.178748, 60.84544 ] ] } },
{ "type": "Feature", "properties": { "id": 2656, "tipo": null, "Potencia": null, "Columna": null }, "geometry": { "type": "MultiPoint", "coordinates": [ [ -58.782791, -38.178295, 60.84544 ] ] } },
{ "type": "Feature", "properties": { "id": 2657, "tipo": null, "Potencia": null, "Columna": null }, "geometry": { "type": "MultiPoint", "coordinates": [ [ -58.783533, -38.175911, 62.151737 ] ] } },
{ "type": "Feature", "properties": { "id": 2658, "tipo": null, "Potencia": null, "Columna": null }, "geometry": { "type": "MultiPoint", "coordinates": [ [ -58.784775, -38.173944, 60.910755 ] ] } },
{ "type": "Feature", "properties": { "id": 2659, "tipo": null, "Potencia": null, "Columna": null }, "geometry": { "type": "MultiPoint", "coordinates": [ [ -58.785549, -38.174568, 61.573235 ] ] } },
{ "type": "Feature", "properties": { "id": 2660, "tipo": null, "Potencia": null, "Columna": null }, "geometry": { "type": "MultiPoint", "coordinates": [ [ -58.786013, -38.174941, 62.011776 ] ] } },
{ "type": "Feature", "properties": { "id": 2661, "tipo": null, "Potencia": null, "Columna": null }, "geometry": { "type": "MultiPoint", "coordinates": [ [ -58.78633, -38.175151, 61.703865 ] ] } },
{ "type": "Feature", "properties": { "id": 2662, "tipo": null, "Potencia": null, "Columna": null }, "geometry": { "type": "MultiPoint", "coordinates": [ [ -58.786854, -38.175607, 61.050716 ] ] } },
{ "type": "Feature", "properties": { "id": 2663, "tipo": null, "Potencia": null, "Columna": null }, "geometry": { "type": "MultiPoint", "coordinates": [ [ -58.7874, -38.176049, 62.468983 ] ] } },
{ "type": "Feature", "properties": { "id": 2664, "tipo": null, "Potencia": null, "Columna": null }, "geometry": { "type": "MultiPoint", "coordinates": [ [ -58.787921, -38.176442, 61.797173 ] ] } },
{ "type": "Feature", "properties": { "id": 2665, "tipo": null, "Potencia": null, "Columna": null }, "geometry": { "type": "MultiPoint", "coordinates": [ [ -58.788454, -38.176877, 61.63855 ] ] } },
{ "type": "Feature", "properties": { "id": 2666, "tipo": null, "Potencia": null, "Columna": null }, "geometry": { "type": "MultiPoint", "coordinates": [ [ -58.788977, -38.177307, 63.010162 ] ] } },
{ "type": "Feature", "properties": { "id": 2667, "tipo": null, "Potencia": null, "Columna": null }, "geometry": { "type": "MultiPoint", "coordinates": [ [ -58.784859, -38.183006, 61.470596 ] ] } },
{ "type": "Feature", "properties": { "id": 2668, "tipo": null, "Potencia": null, "Columna": null }, "geometry": { "type": "MultiPoint", "coordinates": [ [ -58.785377, -38.183397, 61.470596 ] ] } },
{ "type": "Feature", "properties": { "id": 2669, "tipo": null, "Potencia": null, "Columna": null }, "geometry": { "type": "MultiPoint", "coordinates": [ [ -58.785809, -38.183733, 61.470596 ] ] } },
{ "type": "Feature", "properties": { "id": 2670, "tipo": null, "Potencia": null, "Columna": null }, "geometry": { "type": "MultiPoint", "coordinates": [ [ -58.786227, -38.184067, 61.470596 ] ] } },
{ "type": "Feature", "properties": { "id": 2671, "tipo": null, "Potencia": null, "Columna": null }, "geometry": { "type": "MultiPoint", "coordinates": [ [ -58.786915, -38.184613, 61.470596 ] ] } },
{ "type": "Feature", "properties": { "id": 2672, "tipo": null, "Potencia": null, "Columna": null }, "geometry": { "type": "MultiPoint", "coordinates": [ [ -58.776818, -38.185231, 60.602844 ] ] } },
{ "type": "Feature", "properties": { "id": 2673, "tipo": null, "Potencia": null, "Columna": null }, "geometry": { "type": "MultiPoint", "coordinates": [ [ -58.774538, -38.183589, 64.91362 ] ] } },
{ "type": "Feature", "properties": { "id": 2674, "tipo": null, "Potencia": null, "Columna": null }, "geometry": { "type": "MultiPoint", "coordinates": [ [ -58.774318, -38.183758, 63.719296 ] ] } },
{ "type": "Feature", "properties": { "id": 2675, "tipo": null, "Potencia": null, "Columna": null }, "geometry": { "type": "MultiPoint", "coordinates": [ [ -58.774047, -38.18397, 62.776894 ] ] } },
{ "type": "Feature", "properties": { "id": 2676, "tipo": null, "Potencia": null, "Columna": null }, "geometry": { "type": "MultiPoint", "coordinates": [ [ -58.77476, -38.183419, 64.68969 ] ] } },
{ "type": "Feature", "properties": { "id": 2677, "tipo": null, "Potencia": null, "Columna": null }, "geometry": { "type": "MultiPoint", "coordinates": [ [ -58.775966, -38.182523, 65.118896 ] ] } },
{ "type": "Feature", "properties": { "id": 2678, "tipo": null, "Potencia": null, "Columna": null }, "geometry": { "type": "MultiPoint", "coordinates": [ [ -58.776555, -38.182069, 60.808117 ] ] } },
{ "type": "Feature", "properties": { "id": 2679, "tipo": null, "Potencia": null, "Columna": null }, "geometry": { "type": "MultiPoint", "coordinates": [ [ -58.77801, -38.180974, 62.86087 ] ] } },
{ "type": "Feature", "properties": { "id": 2680, "tipo": null, "Potencia": null, "Columna": null }, "geometry": { "type": "MultiPoint", "coordinates": [ [ -58.77832, -38.180734, 64.223152 ] ] } },
{ "type": "Feature", "properties": { "id": 2681, "tipo": null, "Potencia": null, "Columna": null }, "geometry": { "type": "MultiPoint", "coordinates": [ [ -58.778747, -38.180399, 65.352165 ] ] } },
{ "type": "Feature", "properties": { "id": 2682, "tipo": null, "Potencia": null, "Columna": null }, "geometry": { "type": "MultiPoint", "coordinates": [ [ -58.779203, -38.180053, 62.123745 ] ] } },
{ "type": "Feature", "properties": { "id": 2683, "tipo": null, "Potencia": null, "Columna": null }, "geometry": { "type": "MultiPoint", "coordinates": [ [ -58.779898, -38.179531, 62.935516 ] ] } },
{ "type": "Feature", "properties": { "id": 2684, "tipo": null, "Potencia": null, "Columna": null }, "geometry": { "type": "MultiPoint", "coordinates": [ [ -58.780826, -38.17961, 64.475082 ] ] } },
{ "type": "Feature", "properties": { "id": 2685, "tipo": null, "Potencia": null, "Columna": null }, "geometry": { "type": "MultiPoint", "coordinates": [ [ -58.782243, -38.183827, 64.428429 ] ] } },
{ "type": "Feature", "properties": { "id": 2686, "tipo": null, "Potencia": null, "Columna": null }, "geometry": { "type": "MultiPoint", "coordinates": [ [ -58.781617, -38.183346, 64.91362 ] ] } },
{ "type": "Feature", "properties": { "id": 2687, "tipo": null, "Potencia": null, "Columna": null }, "geometry": { "type": "MultiPoint", "coordinates": [ [ -58.781072, -38.182891, 62.86087 ] ] } },
{ "type": "Feature", "properties": { "id": 2688, "tipo": null, "Potencia": null, "Columna": null }, "geometry": { "type": "MultiPoint", "coordinates": [ [ -58.780582, -38.1825, 64.288467 ] ] } },
{ "type": "Feature", "properties": { "id": 2689, "tipo": null, "Potencia": null, "Columna": null }, "geometry": { "type": "MultiPoint", "coordinates": [ [ -58.780243, -38.182221, 59.828396 ] ] } },
{ "type": "Feature", "properties": { "id": 2690, "tipo": null, "Potencia": null, "Columna": null }, "geometry": { "type": "MultiPoint", "coordinates": [ [ -58.779426, -38.181556, 65.520119 ] ] } },
{ "type": "Feature", "properties": { "id": 2691, "tipo": null, "Potencia": null, "Columna": null }, "geometry": { "type": "MultiPoint", "coordinates": [ [ -58.778942, -38.181171, 64.801651 ] ] } },
{ "type": "Feature", "properties": { "id": 2692, "tipo": null, "Potencia": null, "Columna": null }, "geometry": { "type": "MultiPoint", "coordinates": [ [ -58.777871, -38.183226, 64.801651 ] ] } },
{ "type": "Feature", "properties": { "id": 2693, "tipo": null, "Potencia": null, "Columna": null }, "geometry": { "type": "MultiPoint", "coordinates": [ [ -58.77863, -38.183833, 64.017876 ] ] } },
{ "type": "Feature", "properties": { "id": 2694, "tipo": null, "Potencia": null, "Columna": null }, "geometry": { "type": "MultiPoint", "coordinates": [ [ -58.779446, -38.184484, 64.363113 ] ] } },
{ "type": "Feature", "properties": { "id": 2695, "tipo": null, "Potencia": null, "Columna": null }, "geometry": { "type": "MultiPoint", "coordinates": [ [ -58.783157, -38.1821, 64.727005 ] ] } },
{ "type": "Feature", "properties": { "id": 2696, "tipo": null, "Potencia": null, "Columna": null }, "geometry": { "type": "MultiPoint", "coordinates": [ [ -58.775907, -38.179144, 61.377289 ] ] } },
{ "type": "Feature", "properties": { "id": 2697, "tipo": null, "Potencia": null, "Columna": null }, "geometry": { "type": "MultiPoint", "coordinates": [ [ -58.775362, -38.179558, 62.524967 ] ] } },
{ "type": "Feature", "properties": { "id": 2698, "tipo": null, "Potencia": null, "Columna": null }, "geometry": { "type": "MultiPoint", "coordinates": [ [ -58.773873, -38.180694, 66.518501 ] ] } },
{ "type": "Feature", "properties": { "id": 2699, "tipo": null, "Potencia": null, "Columna": null }, "geometry": { "type": "MultiPoint", "coordinates": [ [ -58.772549, -38.178296, 65.398819 ] ] } },
{ "type": "Feature", "properties": { "id": 2700, "tipo": null, "Potencia": null, "Columna": null }, "geometry": { "type": "MultiPoint", "coordinates": [ [ -58.771142, -38.179375, 65.949333 ] ] } },
{ "type": "Feature", "properties": { "id": 2701, "tipo": null, "Potencia": null, "Columna": null }, "geometry": { "type": "MultiPoint", "coordinates": [ [ -58.770233, -38.180058, 65.072243 ] ] } },
{ "type": "Feature", "properties": { "id": 2702, "tipo": null, "Potencia": null, "Columna": null }, "geometry": { "type": "MultiPoint", "coordinates": [ [ -58.769356, -38.17741, 69.644287 ] ] } },
{ "type": "Feature", "properties": { "id": 2703, "tipo": null, "Potencia": null, "Columna": null }, "geometry": { "type": "MultiPoint", "coordinates": [ [ -58.769014, -38.177684, 68.282005 ] ] } },
{ "type": "Feature", "properties": { "id": 2704, "tipo": null, "Potencia": null, "Columna": null }, "geometry": { "type": "MultiPoint", "coordinates": [ [ -58.76865, -38.177956, 63.812599 ] ] } },
{ "type": "Feature", "properties": { "id": 2705, "tipo": null, "Potencia": null, "Columna": null }, "geometry": { "type": "MultiPoint", "coordinates": [ [ -58.768306, -38.178217, 66.145271 ] ] } },
{ "type": "Feature", "properties": { "id": 2706, "tipo": null, "Potencia": null, "Columna": null }, "geometry": { "type": "MultiPoint", "coordinates": [ [ -58.768096, -38.178379, 64.587051 ] ] } },
{ "type": "Feature", "properties": { "id": 2707, "tipo": null, "Potencia": null, "Columna": null }, "geometry": { "type": "MultiPoint", "coordinates": [ [ -58.767864, -38.178562, 64.493744 ] ] } },
{ "type": "Feature", "properties": { "id": 2708, "tipo": null, "Potencia": null, "Columna": null }, "geometry": { "type": "MultiPoint", "coordinates": [ [ -58.767641, -38.178728, 67.208969 ] ] } },
{ "type": "Feature", "properties": { "id": 2709, "tipo": null, "Potencia": null, "Columna": null }, "geometry": { "type": "MultiPoint", "coordinates": [ [ -58.767444, -38.178876, 65.809372 ] ] } },
{ "type": "Feature", "properties": { "id": 2710, "tipo": null, "Potencia": null, "Columna": null }, "geometry": { "type": "MultiPoint", "coordinates": [ [ -58.76721, -38.179052, 65.137558 ] ] } },
{ "type": "Feature", "properties": { "id": 2711, "tipo": null, "Potencia": null, "Columna": null }, "geometry": { "type": "MultiPoint", "coordinates": [ [ -58.76702, -38.179197, 63.868584 ] ] } },
{ "type": "Feature", "properties": { "id": 2712, "tipo": null, "Potencia": null, "Columna": null }, "geometry": { "type": "MultiPoint", "coordinates": [ [ -58.766803, -38.179362, 63.346066 ] ] } },
{ "type": "Feature", "properties": { "id": 2713, "tipo": null, "Potencia": null, "Columna": null }, "geometry": { "type": "MultiPoint", "coordinates": [ [ -58.766514, -38.179586, 63.327404 ] ] } },
{ "type": "Feature", "properties": { "id": 2714, "tipo": null, "Potencia": null, "Columna": null }, "geometry": { "type": "MultiPoint", "coordinates": [ [ -58.770636, -38.1758, 66.331886 ] ] } },
{ "type": "Feature", "properties": { "id": 2715, "tipo": null, "Potencia": null, "Columna": null }, "geometry": { "type": "MultiPoint", "coordinates": [ [ -58.769882, -38.175318, 64.969604 ] ] } },
{ "type": "Feature", "properties": { "id": 2716, "tipo": null, "Potencia": null, "Columna": null }, "geometry": { "type": "MultiPoint", "coordinates": [ [ -58.77001, -38.175159, 63.65398 ] ] } },
{ "type": "Feature", "properties": { "id": 2717, "tipo": null, "Potencia": null, "Columna": null }, "geometry": { "type": "MultiPoint", "coordinates": [ [ -58.770249, -38.174983, 63.672642 ] ] } },
{ "type": "Feature", "properties": { "id": 2718, "tipo": null, "Potencia": null, "Columna": null }, "geometry": { "type": "MultiPoint", "coordinates": [ [ -58.77044, -38.174835, 63.532681 ] ] } },
{ "type": "Feature", "properties": { "id": 2719, "tipo": null, "Potencia": null, "Columna": null }, "geometry": { "type": "MultiPoint", "coordinates": [ [ -58.770864, -38.174459, 63.560673 ] ] } },
{ "type": "Feature", "properties": { "id": 2720, "tipo": null, "Potencia": null, "Columna": null }, "geometry": { "type": "MultiPoint", "coordinates": [ [ -58.77043, -38.174128, 64.008545 ] ] } },
{ "type": "Feature", "properties": { "id": 2721, "tipo": null, "Potencia": null, "Columna": null }, "geometry": { "type": "MultiPoint", "coordinates": [ [ -58.772491, -38.173327, 64.605713 ] ] } },
{ "type": "Feature", "properties": { "id": 2722, "tipo": null, "Potencia": null, "Columna": null }, "geometry": { "type": "MultiPoint", "coordinates": [ [ -58.772107, -38.173604, 61.377289 ] ] } },
{ "type": "Feature", "properties": { "id": 2723, "tipo": null, "Potencia": null, "Columna": null }, "geometry": { "type": "MultiPoint", "coordinates": [ [ -58.771884, -38.173775, 64.213821 ] ] } },
{ "type": "Feature", "properties": { "id": 2724, "tipo": null, "Potencia": null, "Columna": null }, "geometry": { "type": "MultiPoint", "coordinates": [ [ -58.771472, -38.174109, 66.201256 ] ] } },
{ "type": "Feature", "properties": { "id": 2725, "tipo": null, "Potencia": null, "Columna": null }, "geometry": { "type": "MultiPoint", "coordinates": [ [ -58.771042, -38.174414, 63.82193 ] ] } },
{ "type": "Feature", "properties": { "id": 2726, "tipo": "led", "Potencia": null, "Columna": null }, "geometry": { "type": "MultiPoint", "coordinates": [ [ -58.769621, -38.173443, 60.257607 ] ] } },
{ "type": "Feature", "properties": { "id": 2727, "tipo": "led", "Potencia": null, "Columna": null }, "geometry": { "type": "MultiPoint", "coordinates": [ [ -58.769502, -38.17332, 56.945213 ] ] } },
{ "type": "Feature", "properties": { "id": 2728, "tipo": "led", "Potencia": null, "Columna": null }, "geometry": { "type": "MultiPoint", "coordinates": [ [ -58.769361, -38.173169, 56.739937 ] ] } },
{ "type": "Feature", "properties": { "id": 2729, "tipo": "led", "Potencia": null, "Columna": null }, "geometry": { "type": "MultiPoint", "coordinates": [ [ -58.76916, -38.172968, 56.730606 ] ] } },
{ "type": "Feature", "properties": { "id": 2730, "tipo": "led", "Potencia": null, "Columna": null }, "geometry": { "type": "MultiPoint", "coordinates": [ [ -58.768974, -38.172798, 56.730606 ] ] } },
{ "type": "Feature", "properties": { "id": 2731, "tipo": "led", "Potencia": null, "Columna": null }, "geometry": { "type": "MultiPoint", "coordinates": [ [ -58.768551, -38.172504, 56.954544 ] ] } },
{ "type": "Feature", "properties": { "id": 2732, "tipo": "led", "Potencia": null, "Columna": null }, "geometry": { "type": "MultiPoint", "coordinates": [ [ -58.768336, -38.172385, 57.271786 ] ] } },
{ "type": "Feature", "properties": { "id": 2733, "tipo": "led", "Potencia": null, "Columna": null }, "geometry": { "type": "MultiPoint", "coordinates": [ [ -58.768106, -38.172264, 57.290447 ] ] } },
{ "type": "Feature", "properties": { "id": 2734, "tipo": "led", "Potencia": null, "Columna": null }, "geometry": { "type": "MultiPoint", "coordinates": [ [ -58.767951, -38.17217, 57.290447 ] ] } },
{ "type": "Feature", "properties": { "id": 2735, "tipo": "led", "Potencia": null, "Columna": null }, "geometry": { "type": "MultiPoint", "coordinates": [ [ -58.767881, -38.17202, 57.290447 ] ] } },
{ "type": "Feature", "properties": { "id": 2736, "tipo": "led", "Potencia": null, "Columna": null }, "geometry": { "type": "MultiPoint", "coordinates": [ [ -58.767928, -38.171783, 57.290447 ] ] } },
{ "type": "Feature", "properties": { "id": 2737, "tipo": "led", "Potencia": null, "Columna": null }, "geometry": { "type": "MultiPoint", "coordinates": [ [ -58.76798, -38.171575, 57.290447 ] ] } },
{ "type": "Feature", "properties": { "id": 2738, "tipo": "led", "Potencia": null, "Columna": null }, "geometry": { "type": "MultiPoint", "coordinates": [ [ -58.76795, -38.171356, 57.290447 ] ] } },
{ "type": "Feature", "properties": { "id": 2739, "tipo": "led", "Potencia": null, "Columna": null }, "geometry": { "type": "MultiPoint", "coordinates": [ [ -58.76786, -38.171148, 57.290447 ] ] } },
{ "type": "Feature", "properties": { "id": 2740, "tipo": "led", "Potencia": null, "Columna": null }, "geometry": { "type": "MultiPoint", "coordinates": [ [ -58.767722, -38.170961, 57.299778 ] ] } },
{ "type": "Feature", "properties": { "id": 2741, "tipo": "led", "Potencia": null, "Columna": null }, "geometry": { "type": "MultiPoint", "coordinates": [ [ -58.767524, -38.170809, 57.299778 ] ] } },
{ "type": "Feature", "properties": { "id": 2742, "tipo": "led", "Potencia": null, "Columna": null }, "geometry": { "type": "MultiPoint", "coordinates": [ [ -58.767312, -38.170642, 57.299778 ] ] } },
{ "type": "Feature", "properties": { "id": 2743, "tipo": "led", "Potencia": null, "Columna": null }, "geometry": { "type": "MultiPoint", "coordinates": [ [ -58.76715, -38.170379, 57.299778 ] ] } },
{ "type": "Feature", "properties": { "id": 2744, "tipo": "led", "Potencia": null, "Columna": null }, "geometry": { "type": "MultiPoint", "coordinates": [ [ -58.767052, -38.170218, 58.494106 ] ] } },
{ "type": "Feature", "properties": { "id": 2745, "tipo": "led", "Potencia": null, "Columna": null }, "geometry": { "type": "MultiPoint", "coordinates": [ [ -58.766999, -38.169997, 58.969971 ] ] } },
{ "type": "Feature", "properties": { "id": 2746, "tipo": "led", "Potencia": null, "Columna": null }, "geometry": { "type": "MultiPoint", "coordinates": [ [ -58.766968, -38.169805, 58.997963 ] ] } },
{ "type": "Feature", "properties": { "id": 2747, "tipo": "led", "Potencia": null, "Columna": null }, "geometry": { "type": "MultiPoint", "coordinates": [ [ -58.766964, -38.169598, 58.997963 ] ] } },
{ "type": "Feature", "properties": { "id": 2748, "tipo": "led", "Potencia": null, "Columna": null }, "geometry": { "type": "MultiPoint", "coordinates": [ [ -58.766968, -38.169368, 59.007294 ] ] } },
{ "type": "Feature", "properties": { "id": 2749, "tipo": "led", "Potencia": null, "Columna": null }, "geometry": { "type": "MultiPoint", "coordinates": [ [ -58.766949, -38.169157, 59.007294 ] ] } },
{ "type": "Feature", "properties": { "id": 2750, "tipo": "led", "Potencia": null, "Columna": null }, "geometry": { "type": "MultiPoint", "coordinates": [ [ -58.766899, -38.168879, 59.007294 ] ] } },
{ "type": "Feature", "properties": { "id": 2751, "tipo": null, "Potencia": null, "Columna": null }, "geometry": { "type": "MultiPoint", "coordinates": [ [ -58.794742, -38.169943, 199.583496 ] ] } },
{ "type": "Feature", "properties": { "id": 2752, "tipo": null, "Potencia": null, "Columna": null }, "geometry": { "type": "MultiPoint", "coordinates": [ [ -58.795582, -38.170673, 198.771729 ] ] } },
{ "type": "Feature", "properties": { "id": 2753, "tipo": null, "Potencia": null, "Columna": null }, "geometry": { "type": "MultiPoint", "coordinates": [ [ -58.797986, -38.172549, 198.342514 ] ] } },
{ "type": "Feature", "properties": { "id": 2754, "tipo": null, "Potencia": null, "Columna": null }, "geometry": { "type": "MultiPoint", "coordinates": [ [ -58.798218, -38.172765, 197.334793 ] ] } },
{ "type": "Feature", "properties": { "id": 2755, "tipo": null, "Potencia": null, "Columna": null }, "geometry": { "type": "MultiPoint", "coordinates": [ [ -58.796948, -38.173363, 197.801331 ] ] } },
{ "type": "Feature", "properties": { "id": 2756, "tipo": null, "Potencia": null, "Columna": null }, "geometry": { "type": "MultiPoint", "coordinates": [ [ -58.796406, -38.173745, 197.810669 ] ] } },
{ "type": "Feature", "properties": { "id": 2757, "tipo": null, "Potencia": null, "Columna": null }, "geometry": { "type": "MultiPoint", "coordinates": [ [ -58.8014, -38.17532, 197.857315 ] ] } },
{ "type": "Feature", "properties": { "id": 2758, "tipo": null, "Potencia": null, "Columna": null }, "geometry": { "type": "MultiPoint", "coordinates": [ [ -58.799478, -38.173774, 197.204178 ] ] } },
{ "type": "Feature", "properties": { "id": 2759, "tipo": null, "Potencia": null, "Columna": null }, "geometry": { "type": "MultiPoint", "coordinates": [ [ -58.798919, -38.17337, 198.883698 ] ] } },
{ "type": "Feature", "properties": { "id": 2760, "tipo": null, "Potencia": null, "Columna": null }, "geometry": { "type": "MultiPoint", "coordinates": [ [ -58.80568, -38.172822, 200.031372 ] ] } },
{ "type": "Feature", "properties": { "id": 2761, "tipo": null, "Potencia": null, "Columna": null }, "geometry": { "type": "MultiPoint", "coordinates": [ [ -58.804461, -38.171867, 201.748215 ] ] } },
{ "type": "Feature", "properties": { "id": 2762, "tipo": null, "Potencia": null, "Columna": null }, "geometry": { "type": "MultiPoint", "coordinates": [ [ -58.802899, -38.170603, 201.253693 ] ] } },
{ "type": "Feature", "properties": { "id": 2763, "tipo": null, "Potencia": null, "Columna": null }, "geometry": { "type": "MultiPoint", "coordinates": [ [ -58.800064, -38.168252, 199.714127 ] ] } },
{ "type": "Feature", "properties": { "id": 2764, "tipo": null, "Potencia": null, "Columna": null }, "geometry": { "type": "MultiPoint", "coordinates": [ [ -58.799199, -38.164813, 203.15715 ] ] } },
{ "type": "Feature", "properties": { "id": 2765, "tipo": null, "Potencia": null, "Columna": null }, "geometry": { "type": "MultiPoint", "coordinates": [ [ -58.802054, -38.162685, 202.718613 ] ] } },
{ "type": "Feature", "properties": { "id": 2766, "tipo": null, "Potencia": null, "Columna": null }, "geometry": { "type": "MultiPoint", "coordinates": [ [ -58.80319, -38.161863, 202.718613 ] ] } },
{ "type": "Feature", "properties": { "id": 2767, "tipo": null, "Potencia": null, "Columna": null }, "geometry": { "type": "MultiPoint", "coordinates": [ [ -58.79708, -38.166484, 202.727936 ] ] } },
{ "type": "Feature", "properties": { "id": 2768, "tipo": null, "Potencia": null, "Columna": null }, "geometry": { "type": "MultiPoint", "coordinates": [ [ -58.795937, -38.167355, 202.727936 ] ] } },
{ "type": "Feature", "properties": { "id": 2769, "tipo": null, "Potencia": null, "Columna": null }, "geometry": { "type": "MultiPoint", "coordinates": [ [ -58.795583, -38.167612, 202.737274 ] ] } },
{ "type": "Feature", "properties": { "id": 2770, "tipo": null, "Potencia": null, "Columna": null }, "geometry": { "type": "MultiPoint", "coordinates": [ [ -58.79456, -38.168401, 202.737274 ] ] } },
{ "type": "Feature", "properties": { "id": 2771, "tipo": null, "Potencia": null, "Columna": null }, "geometry": { "type": "MultiPoint", "coordinates": [ [ -58.793816, -38.168976, 199.331573 ] ] } },
{ "type": "Feature", "properties": { "id": 2772, "tipo": null, "Potencia": null, "Columna": null }, "geometry": { "type": "MultiPoint", "coordinates": [ [ -58.792849, -38.169721, 199.620819 ] ] } },
{ "type": "Feature", "properties": { "id": 2773, "tipo": null, "Potencia": null, "Columna": null }, "geometry": { "type": "MultiPoint", "coordinates": [ [ -58.793873, -38.166209, 199.070312 ] ] } },
{ "type": "Feature", "properties": { "id": 2774, "tipo": null, "Potencia": null, "Columna": null }, "geometry": { "type": "MultiPoint", "coordinates": [ [ -58.794558, -38.166768, 201.542938 ] ] } },
{ "type": "Feature", "properties": { "id": 2775, "tipo": null, "Potencia": null, "Columna": null }, "geometry": { "type": "MultiPoint", "coordinates": [ [ -58.794925, -38.167093, 199.639481 ] ] } },
{ "type": "Feature", "properties": { "id": 2776, "tipo": null, "Potencia": null, "Columna": null }, "geometry": { "type": "MultiPoint", "coordinates": [ [ -58.796272, -38.168207, 200.311295 ] ] } },
{ "type": "Feature", "properties": { "id": 2777, "tipo": null, "Potencia": null, "Columna": null }, "geometry": { "type": "MultiPoint", "coordinates": [ [ -58.796988, -38.168789, 199.312912 ] ] } },
{ "type": "Feature", "properties": { "id": 2778, "tipo": null, "Potencia": null, "Columna": null }, "geometry": { "type": "MultiPoint", "coordinates": [ [ -58.797667, -38.169332, 201.085739 ] ] } },
{ "type": "Feature", "properties": { "id": 2779, "tipo": null, "Potencia": null, "Columna": null }, "geometry": { "type": "MultiPoint", "coordinates": [ [ -58.798409, -38.169925, 200.563217 ] ] } },
{ "type": "Feature", "properties": { "id": 2780, "tipo": null, "Potencia": null, "Columna": null }, "geometry": { "type": "MultiPoint", "coordinates": [ [ -58.794184, -38.165311, 200.572556 ] ] } },
{ "type": "Feature", "properties": { "id": 2781, "tipo": null, "Potencia": null, "Columna": null }, "geometry": { "type": "MultiPoint", "coordinates": [ [ -58.796356, -38.166759, 200.563217 ] ] } },
{ "type": "Feature", "properties": { "id": 2782, "tipo": null, "Potencia": null, "Columna": null }, "geometry": { "type": "MultiPoint", "coordinates": [ [ -58.796843, -38.165705, 200.208649 ] ] } },
{ "type": "Feature", "properties": { "id": 2783, "tipo": null, "Potencia": null, "Columna": null }, "geometry": { "type": "MultiPoint", "coordinates": [ [ -58.796352, -38.165347, 199.275589 ] ] } },
{ "type": "Feature", "properties": { "id": 2784, "tipo": null, "Potencia": null, "Columna": null }, "geometry": { "type": "MultiPoint", "coordinates": [ [ -58.7959, -38.164928, 200.385941 ] ] } },
{ "type": "Feature", "properties": { "id": 2785, "tipo": null, "Potencia": null, "Columna": null }, "geometry": { "type": "MultiPoint", "coordinates": [ [ -58.796676, -38.165088, 200.787155 ] ] } },
{ "type": "Feature", "properties": { "id": 2786, "tipo": null, "Potencia": null, "Columna": null }, "geometry": { "type": "MultiPoint", "coordinates": [ [ -58.796336, -38.16371, 200.787155 ] ] } },
{ "type": "Feature", "properties": { "id": 2787, "tipo": null, "Potencia": null, "Columna": null }, "geometry": { "type": "MultiPoint", "coordinates": [ [ -58.79794, -38.15911, 200.787155 ] ] } },
{ "type": "Feature", "properties": { "id": 2788, "tipo": null, "Potencia": null, "Columna": null }, "geometry": { "type": "MultiPoint", "coordinates": [ [ -58.80111, -38.156632, 201.944168 ] ] } },
{ "type": "Feature", "properties": { "id": 2789, "tipo": null, "Potencia": null, "Columna": null }, "geometry": { "type": "MultiPoint", "coordinates": [ [ -58.801594, -38.160633, 203.325104 ] ] } },
{ "type": "Feature", "properties": { "id": 2790, "tipo": null, "Potencia": null, "Columna": null }, "geometry": { "type": "MultiPoint", "coordinates": [ [ -58.795536, -38.154087, 201.5616 ] ] } },
{ "type": "Feature", "properties": { "id": 2791, "tipo": null, "Potencia": null, "Columna": null }, "geometry": { "type": "MultiPoint", "coordinates": [ [ -58.803324, -38.156808, 201.552277 ] ] } },
{ "type": "Feature", "properties": { "id": 2792, "tipo": null, "Potencia": null, "Columna": null }, "geometry": { "type": "MultiPoint", "coordinates": [ [ -58.803219, -38.158492, 196.73764 ] ] } },
{ "type": "Feature", "properties": { "id": 2793, "tipo": null, "Potencia": null, "Columna": null }, "geometry": { "type": "MultiPoint", "coordinates": [ [ -58.795261, -38.157721, 202.634628 ] ] } },
{ "type": "Feature", "properties": { "id": 2794, "tipo": null, "Potencia": null, "Columna": null }, "geometry": { "type": "MultiPoint", "coordinates": [ [ -58.797857, -38.1558, 202.625305 ] ] } },
{ "type": "Feature", "properties": { "id": 2795, "tipo": null, "Potencia": null, "Columna": null }, "geometry": { "type": "MultiPoint", "coordinates": [ [ -58.798533, -38.155293, 202.625305 ] ] } },
{ "type": "Feature", "properties": { "id": 2796, "tipo": null, "Potencia": null, "Columna": null }, "geometry": { "type": "MultiPoint", "coordinates": [ [ -58.797289, -38.164599, 0.0 ] ] } },
{ "type": "Feature", "properties": { "id": 1815, "tipo": "led", "Potencia": null, "Columna": null }, "geometry": { "type": "MultiPoint", "coordinates": [ [ -58.788879, -38.159051, 163.76297 ] ] } },
{ "type": "Feature", "properties": { "id": 1816, "tipo": "led", "Potencia": null, "Columna": null }, "geometry": { "type": "MultiPoint", "coordinates": [ [ -58.789133, -38.158874, 163.287109 ] ] } },
{ "type": "Feature", "properties": { "id": 1817, "tipo": "led", "Potencia": null, "Columna": null }, "geometry": { "type": "MultiPoint", "coordinates": [ [ -58.789369, -38.158683, 163.287109 ] ] } },
{ "type": "Feature", "properties": { "id": 1818, "tipo": "led", "Potencia": null, "Columna": null }, "geometry": { "type": "MultiPoint", "coordinates": [ [ -58.789616, -38.15849, 163.287109 ] ] } },
{ "type": "Feature", "properties": { "id": 1819, "tipo": "led", "Potencia": null, "Columna": null }, "geometry": { "type": "MultiPoint", "coordinates": [ [ -58.789834, -38.158322, 163.287109 ] ] } },
{ "type": "Feature", "properties": { "id": 1820, "tipo": "led", "Potencia": null, "Columna": null }, "geometry": { "type": "MultiPoint", "coordinates": [ [ -58.79007, -38.158144, 160.525223 ] ] } },
{ "type": "Feature", "properties": { "id": 1821, "tipo": "led", "Potencia": null, "Columna": null }, "geometry": { "type": "MultiPoint", "coordinates": [ [ -58.790314, -38.157959, 163.268448 ] ] } },
{ "type": "Feature", "properties": { "id": 1822, "tipo": "led", "Potencia": null, "Columna": null }, "geometry": { "type": "MultiPoint", "coordinates": [ [ -58.790531, -38.15779, 163.184464 ] ] } },
{ "type": "Feature", "properties": { "id": 1823, "tipo": "led", "Potencia": null, "Columna": null }, "geometry": { "type": "MultiPoint", "coordinates": [ [ -58.790768, -38.157614, 162.32605 ] ] } },
{ "type": "Feature", "properties": { "id": 1824, "tipo": "led", "Potencia": null, "Columna": null }, "geometry": { "type": "MultiPoint", "coordinates": [ [ -58.790998, -38.157437, 162.997849 ] ] } },
{ "type": "Feature", "properties": { "id": 1825, "tipo": "led", "Potencia": null, "Columna": null }, "geometry": { "type": "MultiPoint", "coordinates": [ [ -58.791232, -38.157262, 163.184464 ] ] } },
{ "type": "Feature", "properties": { "id": 1826, "tipo": "led", "Potencia": null, "Columna": null }, "geometry": { "type": "MultiPoint", "coordinates": [ [ -58.791486, -38.15707, 163.623016 ] ] } },
{ "type": "Feature", "properties": { "id": 1827, "tipo": "led", "Potencia": null, "Columna": null }, "geometry": { "type": "MultiPoint", "coordinates": [ [ -58.791724, -38.156891, 163.38974 ] ] } },
{ "type": "Feature", "properties": { "id": 1828, "tipo": "led", "Potencia": null, "Columna": null }, "geometry": { "type": "MultiPoint", "coordinates": [ [ -58.791953, -38.156713, 163.706985 ] ] } },
{ "type": "Feature", "properties": { "id": 1829, "tipo": "led", "Potencia": null, "Columna": null }, "geometry": { "type": "MultiPoint", "coordinates": [ [ -58.792188, -38.156538, 164.332138 ] ] } },
{ "type": "Feature", "properties": { "id": 1830, "tipo": "led", "Potencia": null, "Columna": null }, "geometry": { "type": "MultiPoint", "coordinates": [ [ -58.792424, -38.156354, 164.537415 ] ] } },
{ "type": "Feature", "properties": { "id": 1831, "tipo": "led", "Potencia": null, "Columna": null }, "geometry": { "type": "MultiPoint", "coordinates": [ [ -58.792657, -38.156168, 164.714706 ] ] } },
{ "type": "Feature", "properties": { "id": 1832, "tipo": "led", "Potencia": null, "Columna": null }, "geometry": { "type": "MultiPoint", "coordinates": [ [ -58.792901, -38.155988, 165.666428 ] ] } },
{ "type": "Feature", "properties": { "id": 1833, "tipo": "led", "Potencia": null, "Columna": null }, "geometry": { "type": "MultiPoint", "coordinates": [ [ -58.793151, -38.155805, 166.468872 ] ] } },
{ "type": "Feature", "properties": { "id": 1834, "tipo": "led", "Potencia": null, "Columna": null }, "geometry": { "type": "MultiPoint", "coordinates": [ [ -58.793371, -38.155635, 165.489151 ] ] } },
{ "type": "Feature", "properties": { "id": 1835, "tipo": "led", "Potencia": null, "Columna": null }, "geometry": { "type": "MultiPoint", "coordinates": [ [ -58.793611, -38.155453, 164.947968 ] ] } },
{ "type": "Feature", "properties": { "id": 1836, "tipo": "led", "Potencia": null, "Columna": null }, "geometry": { "type": "MultiPoint", "coordinates": [ [ -58.793869, -38.155268, 165.81572 ] ] } },
{ "type": "Feature", "properties": { "id": 1837, "tipo": "led", "Potencia": null, "Columna": null }, "geometry": { "type": "MultiPoint", "coordinates": [ [ -58.794103, -38.155093, 165.797058 ] ] } },
{ "type": "Feature", "properties": { "id": 1838, "tipo": "led", "Potencia": null, "Columna": null }, "geometry": { "type": "MultiPoint", "coordinates": [ [ -58.794342, -38.15491, 166.384903 ] ] } },
{ "type": "Feature", "properties": { "id": 673, "tipo": "led", "Potencia": null, "Columna": null }, "geometry": { "type": "MultiPoint", "coordinates": [ [ -58.783173, -38.163619, 176.602005 ] ] } },
{ "type": "Feature", "properties": { "id": 674, "tipo": "led", "Potencia": null, "Columna": null }, "geometry": { "type": "MultiPoint", "coordinates": [ [ -58.782743, -38.163255, 178.141571 ] ] } },
{ "type": "Feature", "properties": { "id": 675, "tipo": "led", "Potencia": null, "Columna": null }, "geometry": { "type": "MultiPoint", "coordinates": [ [ -58.782409, -38.16306, 178.141571 ] ] } },
{ "type": "Feature", "properties": { "id": 676, "tipo": "led", "Potencia": null, "Columna": null }, "geometry": { "type": "MultiPoint", "coordinates": [ [ -58.782107, -38.162823, 178.141571 ] ] } },
{ "type": "Feature", "properties": { "id": 1190, "tipo": "led", "Potencia": null, "Columna": null }, "geometry": { "type": "MultiPoint", "coordinates": [ [ -58.782902, -38.163529, 69.793571 ] ] } },
{ "type": "Feature", "properties": { "id": 1191, "tipo": "led", "Potencia": null, "Columna": null }, "geometry": { "type": "MultiPoint", "coordinates": [ [ -58.782571, -38.163742, 69.793571 ] ] } },
{ "type": "Feature", "properties": { "id": 1192, "tipo": "led", "Potencia": null, "Columna": null }, "geometry": { "type": "MultiPoint", "coordinates": [ [ -58.782245, -38.164007, 69.802902 ] ] } },
{ "type": "Feature", "properties": { "id": 1286, "tipo": "led", "Potencia": null, "Columna": null }, "geometry": { "type": "MultiPoint", "coordinates": [ [ -58.782571, -38.164025, 96.162109 ] ] } },
{ "type": "Feature", "properties": { "id": 1287, "tipo": "led", "Potencia": null, "Columna": null }, "geometry": { "type": "MultiPoint", "coordinates": [ [ -58.782225, -38.164279, 96.17144 ] ] } },
{ "type": "Feature", "properties": { "id": 1288, "tipo": "led", "Potencia": null, "Columna": null }, "geometry": { "type": "MultiPoint", "coordinates": [ [ -58.782894, -38.163762, 96.162109 ] ] } },
{ "type": "Feature", "properties": { "id": 1290, "tipo": "led", "Potencia": null, "Columna": null }, "geometry": { "type": "MultiPoint", "coordinates": [ [ -58.783036, -38.163337, 136.293411 ] ] } },
{ "type": "Feature", "properties": { "id": 1291, "tipo": "led", "Potencia": null, "Columna": null }, "geometry": { "type": "MultiPoint", "coordinates": [ [ -58.782706, -38.163063, 136.293411 ] ] } },
{ "type": "Feature", "properties": { "id": 1292, "tipo": "led", "Potencia": null, "Columna": null }, "geometry": { "type": "MultiPoint", "coordinates": [ [ -58.782415, -38.162806, 136.293411 ] ] } },
{ "type": "Feature", "properties": { "id": 1293, "tipo": "led", "Potencia": null, "Columna": null }, "geometry": { "type": "MultiPoint", "coordinates": [ [ -58.782038, -38.162541, 137.506409 ] ] } },
{ "type": "Feature", "properties": { "id": 1903, "tipo": "led", "Potencia": null, "Columna": null }, "geometry": { "type": "MultiPoint", "coordinates": [ [ -58.783343, -38.163463, 166.067657 ] ] } },
{ "type": "Feature", "properties": { "id": 53, "tipo": null, "Potencia": null, "Columna": null }, "geometry": { "type": "MultiPoint", "coordinates": [ [ -58.790457, -38.16977, 57.663673 ] ] } },
{ "type": "Feature", "properties": { "id": 272, "tipo": "led", "Potencia": null, "Columna": null }, "geometry": { "type": "MultiPoint", "coordinates": [ [ -58.789665, -38.168881, 93.894753 ] ] } },
{ "type": "Feature", "properties": { "id": 273, "tipo": "led", "Potencia": null, "Columna": null }, "geometry": { "type": "MultiPoint", "coordinates": [ [ -58.789948, -38.169108, 93.894753 ] ] } },
{ "type": "Feature", "properties": { "id": 274, "tipo": "led", "Potencia": null, "Columna": null }, "geometry": { "type": "MultiPoint", "coordinates": [ [ -58.790206, -38.169325, 93.894753 ] ] } },
{ "type": "Feature", "properties": { "id": 275, "tipo": "led", "Potencia": null, "Columna": null }, "geometry": { "type": "MultiPoint", "coordinates": [ [ -58.790478, -38.169551, 93.894753 ] ] } },
{ "type": "Feature", "properties": { "id": 276, "tipo": "led", "Potencia": null, "Columna": null }, "geometry": { "type": "MultiPoint", "coordinates": [ [ -58.790754, -38.169788, 93.894753 ] ] } },
{ "type": "Feature", "properties": { "id": 277, "tipo": "led", "Potencia": null, "Columna": null }, "geometry": { "type": "MultiPoint", "coordinates": [ [ -58.791011, -38.17, 93.894753 ] ] } },
{ "type": "Feature", "properties": { "id": 278, "tipo": "led", "Potencia": null, "Columna": null }, "geometry": { "type": "MultiPoint", "coordinates": [ [ -58.791282, -38.170219, 93.894753 ] ] } },
{ "type": "Feature", "properties": { "id": 279, "tipo": "led", "Potencia": null, "Columna": null }, "geometry": { "type": "MultiPoint", "coordinates": [ [ -58.791528, -38.170425, 93.894753 ] ] } },
{ "type": "Feature", "properties": { "id": 280, "tipo": "led", "Potencia": null, "Columna": null }, "geometry": { "type": "MultiPoint", "coordinates": [ [ -58.791821, -38.170663, 93.894753 ] ] } },
{ "type": "Feature", "properties": { "id": 281, "tipo": "led", "Potencia": null, "Columna": null }, "geometry": { "type": "MultiPoint", "coordinates": [ [ -58.792082, -38.170882, 93.782784 ] ] } },
{ "type": "Feature", "properties": { "id": 282, "tipo": "led", "Potencia": null, "Columna": null }, "geometry": { "type": "MultiPoint", "coordinates": [ [ -58.79235, -38.171101, 93.036331 ] ] } },
{ "type": "Feature", "properties": { "id": 283, "tipo": "led", "Potencia": null, "Columna": null }, "geometry": { "type": "MultiPoint", "coordinates": [ [ -58.792616, -38.171309, 94.174675 ] ] } },
{ "type": "Feature", "properties": { "id": 354, "tipo": "led", "Potencia": null, "Columna": null }, "geometry": { "type": "MultiPoint", "coordinates": [ [ -58.788651, -38.16805, 93.213608 ] ] } },
{ "type": "Feature", "properties": { "id": 355, "tipo": "led", "Potencia": null, "Columna": null }, "geometry": { "type": "MultiPoint", "coordinates": [ [ -58.788881, -38.168232, 93.894753 ] ] } },
{ "type": "Feature", "properties": { "id": 356, "tipo": "led", "Potencia": null, "Columna": null }, "geometry": { "type": "MultiPoint", "coordinates": [ [ -58.789116, -38.168425, 93.894753 ] ] } },
{ "type": "Feature", "properties": { "id": 357, "tipo": "led", "Potencia": null, "Columna": null }, "geometry": { "type": "MultiPoint", "coordinates": [ [ -58.789355, -38.168627, 93.894753 ] ] } },
{ "type": "Feature", "properties": { "id": 2726, "tipo": "led", "Potencia": null, "Columna": null }, "geometry": { "type": "MultiPoint", "coordinates": [ [ -58.769611, -38.173434, 60.257607 ] ] } },
{ "type": "Feature", "properties": { "id": 2727, "tipo": "led", "Potencia": null, "Columna": null }, "geometry": { "type": "MultiPoint", "coordinates": [ [ -58.769492, -38.173311, 56.945213 ] ] } },
{ "type": "Feature", "properties": { "id": 2728, "tipo": "led", "Potencia": null, "Columna": null }, "geometry": { "type": "MultiPoint", "coordinates": [ [ -58.769351, -38.17316, 56.739937 ] ] } },
{ "type": "Feature", "properties": { "id": 2729, "tipo": "led", "Potencia": null, "Columna": null }, "geometry": { "type": "MultiPoint", "coordinates": [ [ -58.76915, -38.172959, 56.730606 ] ] } },
{ "type": "Feature", "properties": { "id": 2730, "tipo": "led", "Potencia": null, "Columna": null }, "geometry": { "type": "MultiPoint", "coordinates": [ [ -58.768964, -38.172789, 56.730606 ] ] } },
{ "type": "Feature", "properties": { "id": 2731, "tipo": "led", "Potencia": null, "Columna": null }, "geometry": { "type": "MultiPoint", "coordinates": [ [ -58.768541, -38.172495, 56.954544 ] ] } },
{ "type": "Feature", "properties": { "id": 2732, "tipo": "led", "Potencia": null, "Columna": null }, "geometry": { "type": "MultiPoint", "coordinates": [ [ -58.768326, -38.172376, 57.271786 ] ] } },
{ "type": "Feature", "properties": { "id": 2733, "tipo": "led", "Potencia": null, "Columna": null }, "geometry": { "type": "MultiPoint", "coordinates": [ [ -58.768096, -38.172255, 57.290447 ] ] } },
{ "type": "Feature", "properties": { "id": 2734, "tipo": "led", "Potencia": null, "Columna": null }, "geometry": { "type": "MultiPoint", "coordinates": [ [ -58.767941, -38.172161, 57.290447 ] ] } },
{ "type": "Feature", "properties": { "id": 2735, "tipo": "led", "Potencia": null, "Columna": null }, "geometry": { "type": "MultiPoint", "coordinates": [ [ -58.767871, -38.172011, 57.290447 ] ] } },
{ "type": "Feature", "properties": { "id": 2736, "tipo": "led", "Potencia": null, "Columna": null }, "geometry": { "type": "MultiPoint", "coordinates": [ [ -58.767918, -38.171774, 57.290447 ] ] } },
{ "type": "Feature", "properties": { "id": 2737, "tipo": "led", "Potencia": null, "Columna": null }, "geometry": { "type": "MultiPoint", "coordinates": [ [ -58.76797, -38.171566, 57.290447 ] ] } },
{ "type": "Feature", "properties": { "id": 2738, "tipo": "led", "Potencia": null, "Columna": null }, "geometry": { "type": "MultiPoint", "coordinates": [ [ -58.76794, -38.171347, 57.290447 ] ] } },
{ "type": "Feature", "properties": { "id": 2739, "tipo": "led", "Potencia": null, "Columna": null }, "geometry": { "type": "MultiPoint", "coordinates": [ [ -58.76785, -38.171139, 57.290447 ] ] } },
{ "type": "Feature", "properties": { "id": 2740, "tipo": "led", "Potencia": null, "Columna": null }, "geometry": { "type": "MultiPoint", "coordinates": [ [ -58.767712, -38.170952, 57.299778 ] ] } },
{ "type": "Feature", "properties": { "id": 2741, "tipo": "led", "Potencia": null, "Columna": null }, "geometry": { "type": "MultiPoint", "coordinates": [ [ -58.767514, -38.1708, 57.299778 ] ] } },
{ "type": "Feature", "properties": { "id": 2742, "tipo": "led", "Potencia": null, "Columna": null }, "geometry": { "type": "MultiPoint", "coordinates": [ [ -58.767302, -38.170633, 57.299778 ] ] } },
{ "type": "Feature", "properties": { "id": 2743, "tipo": "led", "Potencia": null, "Columna": null }, "geometry": { "type": "MultiPoint", "coordinates": [ [ -58.76714, -38.17037, 57.299778 ] ] } },
{ "type": "Feature", "properties": { "id": 2744, "tipo": "led", "Potencia": null, "Columna": null }, "geometry": { "type": "MultiPoint", "coordinates": [ [ -58.767042, -38.170209, 58.494106 ] ] } },
{ "type": "Feature", "properties": { "id": 2745, "tipo": "led", "Potencia": null, "Columna": null }, "geometry": { "type": "MultiPoint", "coordinates": [ [ -58.766989, -38.169988, 58.969971 ] ] } },
{ "type": "Feature", "properties": { "id": 2746, "tipo": "led", "Potencia": null, "Columna": null }, "geometry": { "type": "MultiPoint", "coordinates": [ [ -58.766958, -38.169796, 58.997963 ] ] } },
{ "type": "Feature", "properties": { "id": 2747, "tipo": "led", "Potencia": null, "Columna": null }, "geometry": { "type": "MultiPoint", "coordinates": [ [ -58.766954, -38.169589, 58.997963 ] ] } },
{ "type": "Feature", "properties": { "id": 2748, "tipo": "led", "Potencia": null, "Columna": null }, "geometry": { "type": "MultiPoint", "coordinates": [ [ -58.766958, -38.169359, 59.007294 ] ] } },
{ "type": "Feature", "properties": { "id": 2749, "tipo": "led", "Potencia": null, "Columna": null }, "geometry": { "type": "MultiPoint", "coordinates": [ [ -58.766939, -38.169148, 59.007294 ] ] } },
{ "type": "Feature", "properties": { "id": 2750, "tipo": "led", "Potencia": null, "Columna": null }, "geometry": { "type": "MultiPoint", "coordinates": [ [ -58.766889, -38.16887, 59.007294 ] ] } },
{ "type": "Feature", "properties": { "id": null, "tipo": null, "Potencia": null, "Columna": null }, "geometry": { "type": "MultiPoint", "coordinates": [ [ -58.67356, -38.390715, 0.0 ] ] } },
{ "type": "Feature", "properties": { "id": null, "tipo": null, "Potencia": null, "Columna": null }, "geometry": { "type": "MultiPoint", "coordinates": [ [ -58.768875, -38.16689, 0.0 ] ] } },
{ "type": "Feature", "properties": { "id": null, "tipo": null, "Potencia": null, "Columna": null }, "geometry": { "type": "MultiPoint", "coordinates": [ [ -58.768242, -38.166362, 0.0 ] ] } },
{ "type": "Feature", "properties": { "id": null, "tipo": null, "Potencia": null, "Columna": null }, "geometry": { "type": "MultiPoint", "coordinates": [ [ -58.767986, -38.166145, 0.0 ] ] } },
{ "type": "Feature", "properties": { "id": null, "tipo": null, "Potencia": null, "Columna": null }, "geometry": { "type": "MultiPoint", "coordinates": [ [ -58.767698, -38.165913, 0.0 ] ] } },
{ "type": "Feature", "properties": { "id": null, "tipo": null, "Potencia": null, "Columna": null }, "geometry": { "type": "MultiPoint", "coordinates": [ [ -58.767435, -38.1657, 0.0 ] ] } },
{ "type": "Feature", "properties": { "id": null, "tipo": null, "Potencia": null, "Columna": null }, "geometry": { "type": "MultiPoint", "coordinates": [ [ -58.767191, -38.165508, 0.0 ] ] } },
{ "type": "Feature", "properties": { "id": null, "tipo": null, "Potencia": null, "Columna": null }, "geometry": { "type": "MultiPoint", "coordinates": [ [ -58.771102, -38.168648, 0.0 ] ] } },
{ "type": "Feature", "properties": { "id": null, "tipo": null, "Potencia": null, "Columna": null }, "geometry": { "type": "MultiPoint", "coordinates": [ [ -58.77062, -38.16828, 0.0 ] ] } },
{ "type": "Feature", "properties": { "id": null, "tipo": null, "Potencia": null, "Columna": null }, "geometry": { "type": "MultiPoint", "coordinates": [ [ -58.770172, -38.167917, 0.0 ] ] } },
{ "type": "Feature", "properties": { "id": null, "tipo": null, "Potencia": null, "Columna": null }, "geometry": { "type": "MultiPoint", "coordinates": [ [ -58.769741, -38.167605, 0.0 ] ] } },
{ "type": "Feature", "properties": { "id": null, "tipo": null, "Potencia": null, "Columna": null }, "geometry": { "type": "MultiPoint", "coordinates": [ [ -58.769413, -38.167339, 0.0 ] ] } },
{ "type": "Feature", "properties": { "id": null, "tipo": null, "Potencia": null, "Columna": null }, "geometry": { "type": "MultiPoint", "coordinates": [ [ -58.788142, -38.152658, 0.0 ] ] } },
{ "type": "Feature", "properties": { "id": null, "tipo": null, "Potencia": null, "Columna": null }, "geometry": { "type": "MultiPoint", "coordinates": [ [ -58.787666, -38.152242, 0.0 ] ] } },
{ "type": "Feature", "properties": { "id": null, "tipo": null, "Potencia": null, "Columna": null }, "geometry": { "type": "MultiPoint", "coordinates": [ [ -58.787023, -38.151736, 0.0 ] ] } },
{ "type": "Feature", "properties": { "id": null, "tipo": null, "Potencia": null, "Columna": null }, "geometry": { "type": "MultiPoint", "coordinates": [ [ -58.786297, -38.151155, 0.0 ] ] } },
{ "type": "Feature", "properties": { "id": null, "tipo": null, "Potencia": null, "Columna": null }, "geometry": { "type": "MultiPoint", "coordinates": [ [ -58.76573, -38.156431, 0.0 ] ] } },
{ "type": "Feature", "properties": { "id": null, "tipo": null, "Potencia": null, "Columna": null }, "geometry": { "type": "MultiPoint", "coordinates": [ [ -58.790776, -38.171445, 0.0 ] ] } },
{ "type": "Feature", "properties": { "id": null, "tipo": null, "Potencia": null, "Columna": null }, "geometry": { "type": "MultiPoint", "coordinates": [ [ -58.791166, -38.17177, 0.0 ] ] } },
{ "type": "Feature", "properties": { "id": null, "tipo": null, "Potencia": null, "Columna": null }, "geometry": { "type": "MultiPoint", "coordinates": [ [ -58.791523, -38.172047, 0.0 ] ] } },
{ "type": "Feature", "properties": { "id": null, "tipo": "led 11va", "Potencia": null, "Columna": null }, "geometry": { "type": "MultiPoint", "coordinates": [ [ -58.788559, -38.161224, 0.0 ] ] } },
{ "type": "Feature", "properties": { "id": 1594, "tipo": "led", "Potencia": null, "Columna": null }, "geometry": { "type": "MultiPoint", "coordinates": [ [ -58.787529, -38.155215, 56.637299 ] ] } },
{ "type": "Feature", "properties": { "id": 1595, "tipo": "led", "Potencia": null, "Columna": null }, "geometry": { "type": "MultiPoint", "coordinates": [ [ -58.78779, -38.155417, 56.637299 ] ] } },
{ "type": "Feature", "properties": { "id": 1604, "tipo": "led", "Potencia": null, "Columna": null }, "geometry": { "type": "MultiPoint", "coordinates": [ [ -58.78799, -38.155586, 56.805252 ] ] } },
{ "type": "Feature", "properties": { "id": 1605, "tipo": "led", "Potencia": null, "Columna": null }, "geometry": { "type": "MultiPoint", "coordinates": [ [ -58.788273, -38.155826, 54.35128 ] ] } },
{ "type": "Feature", "properties": { "id": 153, "tipo": "led", "Potencia": null, "Columna": null }, "geometry": { "type": "MultiPoint", "coordinates": [ [ -58.783231, -38.168578, 60.668159 ] ] } },
{ "type": "Feature", "properties": { "id": 153, "tipo": "led", "Potencia": null, "Columna": null }, "geometry": { "type": "MultiPoint", "coordinates": [ [ -58.783744, -38.168183, 60.668159 ] ] } },
{ "type": "Feature", "properties": { "id": 153, "tipo": "led", "Potencia": null, "Columna": null }, "geometry": { "type": "MultiPoint", "coordinates": [ [ -58.782847, -38.168885, 60.668159 ] ] } },
{ "type": "Feature", "properties": { "id": 153, "tipo": "led", "Potencia": null, "Columna": null }, "geometry": { "type": "MultiPoint", "coordinates": [ [ -58.784242, -38.167822, 60.668159 ] ] } },
{ "type": "Feature", "properties": { "id": null, "tipo": "led", "Potencia": null, "Columna": null }, "geometry": { "type": "MultiPoint", "coordinates": [ [ -58.769948, -38.172698, 0.0 ] ] } },
{ "type": "Feature", "properties": { "id": null, "tipo": "led", "Potencia": null, "Columna": null }, "geometry": { "type": "MultiPoint", "coordinates": [ [ -58.769811, -38.171639, 0.0 ] ] } },
{ "type": "Feature", "properties": { "id": null, "tipo": "led", "Potencia": null, "Columna": null }, "geometry": { "type": "MultiPoint", "coordinates": [ [ -58.777182, -38.17013, 0.0 ] ] } },
{ "type": "Feature", "properties": { "id": null, "tipo": "led", "Potencia": null, "Columna": null }, "geometry": { "type": "MultiPoint", "coordinates": [ [ -58.768264, -38.155776, 0.0 ] ] } },
{ "type": "Feature", "properties": { "id": null, "tipo": "led", "Potencia": null, "Columna": null }, "geometry": { "type": "MultiPoint", "coordinates": [ [ -58.769709, -38.172498, 0.0 ] ] } },
{ "type": "Feature", "properties": { "id": null, "tipo": "led", "Potencia": null, "Columna": null }, "geometry": { "type": "MultiPoint", "coordinates": [ [ -58.770625, -38.172807, 0.0 ] ] } },
{ "type": "Feature", "properties": { "id": null, "tipo": null, "Potencia": null, "Columna": null }, "geometry": { "type": "MultiPoint", "coordinates": [ [ -58.800303, -38.177703, 0.0 ] ] } },
{ "type": "Feature", "properties": { "id": null, "tipo": null, "Potencia": null, "Columna": null }, "geometry": null },
{ "type": "Feature", "properties": { "id": 236, "tipo": "led 14va", "Potencia": 100, "Columna": "baja" }, "geometry": { "type": "MultiPoint", "coordinates": [ [ -58.780274, -38.172415, 82.865875 ] ] } },
{ "type": "Feature", "properties": { "id": 236, "tipo": "led 14va", "Potencia": 100, "Columna": "baja" }, "geometry": { "type": "MultiPoint", "coordinates": [ [ -58.780152, -38.172667, 82.865875 ] ] } },
{ "type": "Feature", "properties": { "id": 236, "tipo": "led 14va", "Potencia": 100, "Columna": "baja" }, "geometry": { "type": "MultiPoint", "coordinates": [ [ -58.779922, -38.172917, 82.865875 ] ] } },
{ "type": "Feature", "properties": { "id": 236, "tipo": "led 14va", "Potencia": 100, "Columna": "baja" }, "geometry": { "type": "MultiPoint", "coordinates": [ [ -58.78052, -38.172201, 82.865875 ] ] } },
{ "type": "Feature", "properties": { "id": 157, "tipo": "led 14va", "Potencia": 120, "Columna": "baja" }, "geometry": { "type": "MultiPoint", "coordinates": [ [ -58.781336, -38.169898, 60.668159 ] ] } },
{ "type": "Feature", "properties": { "id": 157, "tipo": "led 14va", "Potencia": 120, "Columna": "baja" }, "geometry": { "type": "MultiPoint", "coordinates": [ [ -58.780726, -38.17038, 60.668159 ] ] } },
{ "type": "Feature", "properties": { "id": 433, "tipo": "led 14va", "Potencia": 120, "Columna": "baja" }, "geometry": { "type": "MultiPoint", "coordinates": [ [ -58.782414, -38.168966, 141.798523 ] ] } },
{ "type": "Feature", "properties": { "id": 433, "tipo": "led 14va", "Potencia": 120, "Columna": "baja" }, "geometry": { "type": "MultiPoint", "coordinates": [ [ -58.781905, -38.168548, 141.798523 ] ] } },
{ "type": "Feature", "properties": { "id": null, "tipo": null, "Potencia": null, "Columna": null }, "geometry": null },
{ "type": "Feature", "properties": { "id": 2379, "tipo": null, "Potencia": null, "Columna": null }, "geometry": { "type": "MultiPoint", "coordinates": [ [ -58.739434, -38.20074, -54.416595 ] ] } },
{ "type": "Feature", "properties": { "id": 2379, "tipo": null, "Potencia": null, "Columna": null }, "geometry": { "type": "MultiPoint", "coordinates": [ [ -58.739681, -38.20094, -54.416595 ] ] } },
{ "type": "Feature", "properties": { "id": 2379, "tipo": null, "Potencia": null, "Columna": null }, "geometry": { "type": "MultiPoint", "coordinates": [ [ -58.739982, -38.201184, -54.416595 ] ] } },
{ "type": "Feature", "properties": { "id": 2385, "tipo": "led 14va", "Potencia": 120, "Columna": "baja" }, "geometry": { "type": "MultiPoint", "coordinates": [ [ -58.737808, -38.199343, -52.279865 ] ] } },
{ "type": "Feature", "properties": { "id": 2385, "tipo": "led 14va", "Potencia": 120, "Columna": "baja" }, "geometry": { "type": "MultiPoint", "coordinates": [ [ -58.73807, -38.199531, -52.279865 ] ] } },
{ "type": "Feature", "properties": { "id": 2385, "tipo": "led 14va", "Potencia": 120, "Columna": "baja" }, "geometry": { "type": "MultiPoint", "coordinates": [ [ -58.738815, -38.200372, -52.279865 ] ] } },
{ "type": "Feature", "properties": { "id": 2388, "tipo": "led 14va", "Potencia": 120, "Columna": "baja" }, "geometry": { "type": "MultiPoint", "coordinates": [ [ -58.738115, -38.201226, -54.836475 ] ] } },
{ "type": "Feature", "properties": { "id": null, "tipo": null, "Potencia": null, "Columna": null }, "geometry": null },
{ "type": "Feature", "properties": { "id": 2386, "tipo": "led 14va", "Potencia": 120, "Columna": "baja" }, "geometry": { "type": "MultiPoint", "coordinates": [ [ -58.737569, -38.200527, -54.696514 ] ] } },
{ "type": "Feature", "properties": { "id": 2386, "tipo": "led 14va", "Potencia": 120, "Columna": "baja" }, "geometry": { "type": "MultiPoint", "coordinates": [ [ -58.737906, -38.200262, -54.696514 ] ] } },
{ "type": "Feature", "properties": { "id": null, "tipo": null, "Potencia": null, "Columna": null }, "geometry": null },
{ "type": "Feature", "properties": { "id": null, "tipo": "led 15va", "Potencia": 120, "Columna": "baja" }, "geometry": { "type": "MultiPoint", "coordinates": [ [ -58.770117, -38.163415, 0.0 ] ] } },
{ "type": "Feature", "properties": { "id": null, "tipo": null, "Potencia": null, "Columna": null }, "geometry": null },
{ "type": "Feature", "properties": { "id": null, "tipo": "led 15va", "Potencia": 120, "Columna": "BAJA" }, "geometry": { "type": "MultiPoint", "coordinates": [ [ -58.770561, -38.160782, 0.0 ] ] } },
{ "type": "Feature", "properties": { "id": null, "tipo": "led 15va", "Potencia": 120, "Columna": "baja" }, "geometry": { "type": "MultiPoint", "coordinates": [ [ -58.77003, -38.160351, 0.0 ] ] } },
{ "type": "Feature", "properties": { "id": null, "tipo": "led 15va", "Potencia": 120, "Columna": "baja" }, "geometry": { "type": "MultiPoint", "coordinates": [ [ -58.769812, -38.16019, 0.0 ] ] } },
{ "type": "Feature", "properties": { "id": null, "tipo": null, "Potencia": null, "Columna": null }, "geometry": { "type": "MultiPoint", "coordinates": [ [ -58.776775, -38.160088, 0.0 ] ] } },
{ "type": "Feature", "properties": { "id": null, "tipo": null, "Potencia": null, "Columna": null }, "geometry": { "type": "MultiPoint", "coordinates": [ [ -58.777004, -38.160268, 0.0 ] ] } },
{ "type": "Feature", "properties": { "id": null, "tipo": null, "Potencia": null, "Columna": null }, "geometry": { "type": "MultiPoint", "coordinates": [ [ -58.777213, -38.160449, 0.0 ] ] } },
{ "type": "Feature", "properties": { "id": null, "tipo": null, "Potencia": null, "Columna": null }, "geometry": { "type": "MultiPoint", "coordinates": [ [ -58.777471, -38.160652, 0.0 ] ] } }
]
}
