{
"type": "FeatureCollection",
"name": "luminarias_loberia",
"crs": { "type": "name", "properties": { "name": "urn:ogc:def:crs:OGC:1.3:CRS84" } },
"features": [
{"type":"Feature","properties":{"id":1,"tipo":null,"Potencia":null,"Columna":null},"geometry":{"type":"MultiPoint","coordinates":[[-58.789799,-38.151619,102.609619]]}},
{"type":"Feature","properties":{"id":2,"tipo":null,"Potencia":null,"Columna":null},"geometry":{"type":"MultiPoint","coordinates":[[-58.790691,-38.150908,102.609619]]}},
{"type":"Feature","properties":{"id":3,"tipo":null,"Potencia":null,"Columna":null},"geometry":{"type":"MultiPoint","coordinates":[[-58.793549,-38.152088,102.61895]]}},
{"type":"Feature","properties":{"id":4,"tipo":null,"Potencia":null,"Columna":null},"geometry":{"type":"MultiPoint","coordinates":[[-58.789633,-38.150884,102.628281]]}},
{"type":"Feature","properties":{"id":5,"tipo":null,"Potencia":null,"Columna":null},"geometry":{"type":"MultiPoint","coordinates":[[-58.788195,-38.149686,102.628281]]}},
{"type":"Feature","properties":{"id":6,"tipo":null,"Potencia":null,"Columna":null},"geometry":{"type":"MultiPoint","coordinates":[[-58.788828,-38.148882,102.628281]]}},
{"type":"Feature","properties":{"id":7,"tipo":null,"Potencia":null,"Columna":null},"geometry":{"type":"MultiPoint","coordinates":[[-58.799692,-38.176984,56.254742]]}},
{"type":"Feature","properties":{"id":8,"tipo":null,"Potencia":null,"Columna":null},"geometry":{"type":"MultiPoint","coordinates":[[-58.799977,-38.177227,55.125729]]}},
{"type":"Feature","properties":{"id":9,"tipo":null,"Potencia":null,"Columna":null},"geometry":{"type":"MultiPoint","coordinates":[[-58.800179,-38.177419,58.522099]]}},
{"type":"Feature","properties":{"id":10,"tipo":null,"Potencia":null,"Columna":null},"geometry":{"type":"MultiPoint","coordinates":[[-58.79908,-38.176625,56.702614]]}},
{"type":"Feature","properties":{"id":11,"tipo":null,"Potencia":null,"Columna":null},"geometry":{"type":"MultiPoint","coordinates":[[-58.798085,-38.175806,55.517616]]}},
{"type":"Feature","properties":{"id":12,"tipo":null,"Potencia":null,"Columna":null},"geometry":{"type":"MultiPoint","coordinates":[[-58.797292,-38.175144,54.500572]]}},
{"type":"Feature","properties":{"id":13,"tipo":null,"Potencia":null,"Columna":null},"geometry":{"type":"MultiPoint","coordinates":[[-58.796726,-38.174684,55.237694]]}},
{"type":"Feature","properties":{"id":14,"tipo":null,"Potencia":null,"Columna":null},"geometry":{"type":"MultiPoint","coordinates":[[-58.794884,-38.17321,56.292065]]}},
{"type":"Feature","properties":{"id":15,"tipo":null,"Potencia":null,"Columna":null},"geometry":{"type":"MultiPoint","coordinates":[[-58.794303,-38.172748,56.124111]]}},
{"type":"Feature","properties":{"id":16,"tipo":null,"Potencia":null,"Columna":null},"geometry":{"type":"MultiPoint","coordinates":[[-58.793778,-38.17231,57.402416]]}},
{"type":"Feature","properties":{"id":17,"tipo":null,"Potencia":null,"Columna":null},"geometry":{"type":"MultiPoint","coordinates":[[-58.790917,-38.172993,57.831627]]}},
{"type":"Feature","properties":{"id":18,"tipo":null,"Potencia":null,"Columna":null},"geometry":{"type":"MultiPoint","coordinates":[[-58.791481,-38.173435,57.561039]]}},
{"type":"Feature","properties":{"id":19,"tipo":null,"Potencia":null,"Columna":null},"geometry":{"type":"MultiPoint","coordinates":[[-58.791897,-38.17381,58.79269]]}},
{"type":"Feature","properties":{"id":20,"tipo":null,"Potencia":null,"Columna":null},"geometry":{"type":"MultiPoint","coordinates":[[-58.792603,-38.17431,59.221901]]}},
{"type":"Feature","properties":{"id":21,"tipo":null,"Potencia":null,"Columna":null},"geometry":{"type":"MultiPoint","coordinates":[[-58.793929,-38.175583,56.77726]]}},
{"type":"Feature","properties":{"id":22,"tipo":null,"Potencia":null,"Columna":null},"geometry":{"type":"MultiPoint","coordinates":[[-58.793532,-38.175896,54.929783]]}},
{"type":"Feature","properties":{"id":23,"tipo":null,"Potencia":null,"Columna":null},"geometry":{"type":"MultiPoint","coordinates":[[-58.792195,-38.176897,59.716427]]}},
{"type":"Feature","properties":{"id":24,"tipo":null,"Potencia":null,"Columna":null},"geometry":{"type":"MultiPoint","coordinates":[[-58.791889,-38.176829,75.867188]]}},
{"type":"Feature","properties":{"id":25,"tipo":null,"Potencia":null,"Columna":null},"geometry":{"type":"MultiPoint","coordinates":[[-58.791889,-38.176829,75.867188]]}},
{"type":"Feature","properties":{"id":26,"tipo":null,"Potencia":null,"Columna":null},"geometry":{"type":"MultiPoint","coordinates":[[-58.790128,-38.175299,55.358994]]}},
{"type":"Feature","properties":{"id":27,"tipo":null,"Potencia":null,"Columna":null},"geometry":{"type":"MultiPoint","coordinates":[[-58.789741,-38.174964,59.203239]]}},
{"type":"Feature","properties":{"id":28,"tipo":null,"Potencia":null,"Columna":null},"geometry":{"type":"MultiPoint","coordinates":[[-58.789066,-38.174407,56.954544]]}},
{"type":"Feature","properties":{"id":29,"tipo":null,"Potencia":null,"Columna":null},"geometry":{"type":"MultiPoint","coordinates":[[-58.788828,-38.174237,59.231232]]}},
{"type":"Feature","properties":{"id":30,"tipo":null,"Potencia":null,"Columna":null},"geometry":{"type":"MultiPoint","coordinates":[[-58.788511,-38.173926,57.393085]]}},
{"type":"Feature","properties":{"id":31,"tipo":null,"Potencia":null,"Columna":null},"geometry":{"type":"MultiPoint","coordinates":[[-58.795652,-38.174341,55.163052]]}},
{"type":"Feature","properties":{"id":32,"tipo":null,"Potencia":null,"Columna":null},"geometry":{"type":"MultiPoint","coordinates":[[-58.795239,-38.174642,54.341949]]}},
{"type":"Feature","properties":{"id":33,"tipo":null,"Potencia":null,"Columna":null},"geometry":{"type":"MultiPoint","coordinates":[[-58.794586,-38.175096,56.152103]]}},
{"type":"Feature","properties":{"id":34,"tipo":null,"Potencia":null,"Columna":null},"geometry":{"type":"MultiPoint","coordinates":[[-58.791627,-38.17653,58.204857]]}},
{"type":"Feature","properties":{"id":35,"tipo":null,"Potencia":null,"Columna":null},"geometry":{"type":"MultiPoint","coordinates":[[-58.790865,-38.175878,58.204857]]}},
{"type":"Feature","properties":{"id":36,"tipo":null,"Potencia":null,"Columna":null},"geometry":{"type":"MultiPoint","coordinates":[[-58.786546,-38.181187,59.529812]]}},
{"type":"Feature","properties":{"id":37,"tipo":null,"Potencia":null,"Columna":null},"geometry":{"type":"MultiPoint","coordinates":[[-58.785859,-38.18171,57.794304]]}},
{"type":"Feature","properties":{"id":38,"tipo":null,"Potencia":null,"Columna":null},"geometry":{"type":"MultiPoint","coordinates":[[-58.78493,-38.182438,56.226749]]}},
{"type":"Feature","properties":{"id":39,"tipo":null,"Potencia":null,"Columna":null},"geometry":{"type":"MultiPoint","coordinates":[[-58.784454,-38.182652,54.827145]]}},
{"type":"Feature","properties":{"id":40,"tipo":null,"Potencia":null,"Columna":null},"geometry":{"type":"MultiPoint","coordinates":[[-58.784242,-38.182468,54.034035]]}},
{"type":"Feature","properties":{"id":41,"tipo":null,"Potencia":null,"Columna":null},"geometry":{"type":"MultiPoint","coordinates":[[-58.784076,-38.182324,53.110298]]}},
{"type":"Feature","properties":{"id":42,"tipo":null,"Potencia":null,"Columna":null},"geometry":{"type":"MultiPoint","coordinates":[[-58.783542,-38.181885,54.22998]]}},
{"type":"Feature","properties":{"id":43,"tipo":null,"Potencia":null,"Columna":null},"geometry":{"type":"MultiPoint","coordinates":[[-58.783176,-38.181598,54.22998]]}},
{"type":"Feature","properties":{"id":44,"tipo":null,"Potencia":null,"Columna":null},"geometry":{"type":"MultiPoint","coordinates":[[-58.782947,-38.181365,54.22998]]}},
{"type":"Feature","properties":{"id":45,"tipo":null,"Potencia":null,"Columna":null},"geometry":{"type":"MultiPoint","coordinates":[[-58.782507,-38.181025,54.22998]]}},
{"type":"Feature","properties":{"id":46,"tipo":null,"Potencia":null,"Columna":null},"geometry":{"type":"MultiPoint","coordinates":[[-58.781927,-38.180588,54.22998]]}},
{"type":"Feature","properties":{"id":47,"tipo":null,"Potencia":null,"Columna":null},"geometry":{"type":"MultiPoint","coordinates":[[-58.781689,-38.180394,54.22998]]}},
{"type":"Feature","properties":{"id":48,"tipo":null,"Potencia":null,"Columna":null},"geometry":{"type":"MultiPoint","coordinates":[[-58.781371,-38.180124,54.22998]]}},
{"type":"Feature","properties":{"id":49,"tipo":null,"Potencia":null,"Columna":null},"geometry":{"type":"MultiPoint","coordinates":[[-58.780331,-38.179232,54.22998]]}},
{"type":"Feature","properties":{"id":50,"tipo":null,"Potencia":null,"Columna":null},"geometry":{"type":"MultiPoint","coordinates":[[-58.782171,-38.177767,54.22998]]}},
{"type":"Feature","properties":{"id":51,"tipo":null,"Potencia":null,"Columna":null},"geometry":{"type":"MultiPoint","coordinates":[[-58.785423,-38.175357,54.22065]]}},
{"type":"Feature","properties":{"id":52,"tipo":null,"Potencia":null,"Columna":null},"geometry":{"type":"MultiPoint","coordinates":[[-58.793376,-38.172705,55.368324]]}},
{"type":"Feature","properties":{"id":53,"tipo":null,"Potencia":null,"Columna":null},"geometry":{"type":"MultiPoint","coordinates":[[-58.790468,-38.16978,57.663673]]}},
{"type":"Feature","properties":{"id":54,"tipo":null,"Potencia":null,"Columna":null},"geometry":{"type":"MultiPoint","coordinates":[[-58.79022,-38.169916,57.673004]]}},
{"type":"Feature","properties":{"id":55,"tipo":null,"Potencia":null,"Columna":null},"geometry":{"type":"MultiPoint","coordinates":[[-58.78998,-38.170111,57.682335]]}},
{"type":"Feature","properties":{"id":56,"tipo":null,"Potencia":null,"Columna":null},"geometry":{"type":"MultiPoint","coordinates":[[-58.789733,-38.170303,56.264072]]}},
{"type":"Feature","properties":{"id":57,"tipo":"led","Potencia":null,"Columna":null},"geometry":{"type":"MultiPoint","coordinates":[[-58.78307799999989,-38.165394000005804,235.97319]]}},
{"type":"Feature","properties":{"id":58,"tipo":"led","Potencia":null,"Columna":null},"geometry":{"type":"MultiPoint","coordinates":[[-58.782783999999886,-38.165625000005825,235.97319]]}},
{"type":"Feature","properties":{"id":59,"tipo":"led","Potencia":null,"Columna":null},"geometry":{"type":"MultiPoint","coordinates":[[-58.782612999999884,-38.165759000005814,235.97319]]}},
{"type":"Feature","properties":{"id":60,"tipo":"led","Potencia":null,"Columna":null},"geometry":{"type":"MultiPoint","coordinates":[[-58.782416999999882,-38.165926000005818,235.97319]]}},
{"type":"Feature","properties":{"id":61,"tipo":"led","Potencia":null,"Columna":null},"geometry":{"type":"MultiPoint","coordinates":[[-58.782177999999895,-38.166085000005815,235.97319]]}},
{"type":"Feature","properties":{"id":62,"tipo":"led","Potencia":null,"Columna":null},"geometry":{"type":"MultiPoint","coordinates":[[-58.781935999999888,-38.166282000005822,235.97319]]}},
{"type":"Feature","properties":{"id":63,"tipo":"led","Potencia":null,"Columna":null},"geometry":{"type":"MultiPoint","coordinates":[[-58.781666999999885,-38.166425000005802,235.97319]]}},
{"type":"Feature","properties":{"id":64,"tipo":"led","Potencia":null,"Columna":null},"geometry":{"type":"MultiPoint","coordinates":[[-58.781500999999885,-38.166592000005807,235.97319]]}},
{"type":"Feature","properties":{"id":65,"tipo":"led","Potencia":null,"Columna":null},"geometry":{"type":"MultiPoint","coordinates":[[-58.781115999999876,-38.166666000005819,93.129631]]}},
{"type":"Feature","properties":{"id":66,"tipo":"led","Potencia":null,"Columna":null},"geometry":{"type":"MultiPoint","coordinates":[[-58.780971999999885,-38.166820000005792,93.129631]]}},
{"type":"Feature","properties":{"id":67,"tipo":"led","Potencia":null,"Columna":null},"geometry":{"type":"MultiPoint","coordinates":[[-58.780814999999883,-38.167001000005804,93.129631]]}},
{"type":"Feature","properties":{"id":68,"tipo":"led","Potencia":null,"Columna":null},"geometry":{"type":"MultiPoint","coordinates":[[-58.780591999999878,-38.167220000005798,93.129631]]}},
{"type":"Feature","properties":{"id":69,"tipo":"led 11va","Potencia":null,"Columna":null},"geometry":{"type":"MultiPoint","coordinates":[[-58.780269784961163,-38.167484216220956,91.43145]]}},
{"type":"Feature","properties":{"id":70,"tipo":"led 11va","Potencia":null,"Columna":null},"geometry":{"type":"MultiPoint","coordinates":[[-58.780025784961168,-38.167659216220954,91.43145]]}},
{"type":"Feature","properties":{"id":71,"tipo":"led 11va","Potencia":null,"Columna":null},"geometry":{"type":"MultiPoint","coordinates":[[-58.779774784961155,-38.167890216220961,91.534088]]}},
{"type":"Feature","properties":{"id":72,"tipo":"led 11va","Potencia":null,"Columna":null},"geometry":{"type":"MultiPoint","coordinates":[[-58.779576784961172,-38.168039216220969,90.983574]]}},
{"type":"Feature","properties":{"id":73,"tipo":"led 14va","Potencia":150,"Columna":"alta"},"geometry":{"type":"MultiPoint","coordinates":[[-58.779237999999886,-38.168158000005803,91.366135]]}},
{"type":"Feature","properties":{"id":74,"tipo":"led 14va","Potencia":150,"Columna":"alta"},"geometry":{"type":"MultiPoint","coordinates":[[-58.779096999999872,-38.168360000005798,91.375465]]}},
{"type":"Feature","properties":{"id":75,"tipo":"led 14va","Potencia":150,"Columna":"alta"},"geometry":{"type":"MultiPoint","coordinates":[[-58.778847999999883,-38.168461000005806,91.375465]]}},
{"type":"Feature","properties":{"id":76,"tipo":"led 14va","Potencia":150,"Columna":"alta"},"geometry":{"type":"MultiPoint","coordinates":[[-58.778668999999887,-38.168731000005806,88.025749]]}},
{"type":"Feature","properties":{"id":77,"tipo":"led 14va","Potencia":150,"Columna":"alta"},"geometry":{"type":"MultiPoint","coordinates":[[-58.778335999999889,-38.1688600000058,91.282158]]}},
{"type":"Feature","properties":{"id":78,"tipo":"led 14va","Potencia":150,"Columna":"alta"},"geometry":{"type":"MultiPoint","coordinates":[[-58.778190999999893,-38.169075000005812,91.43145]]}},
{"type":"Feature","properties":{"id":79,"tipo":"led 14va","Potencia":150,"Columna":"alta"},"geometry":{"type":"MultiPoint","coordinates":[[-58.77786699999988,-38.169226000005807,90.964912]]}},
{"type":"Feature","properties":{"id":80,"tipo":"led 14va","Potencia":150,"Columna":"alta"},"geometry":{"type":"MultiPoint","coordinates":[[-58.77768399999988,-38.169453000005809,90.93692]]}},
{"type":"Feature","properties":{"id":81,"tipo":"led 14va","Potencia":150,"Columna":"alta"},"geometry":{"type":"MultiPoint","coordinates":[[-58.777378999999883,-38.169581000005806,90.955582]]}},
{"type":"Feature","properties":{"id":82,"tipo":"led 14va","Potencia":150,"Columna":"alta"},"geometry":{"type":"MultiPoint","coordinates":[[-58.777181999999897,-38.169839000005808,91.319481]]}},
{"type":"Feature","properties":{"id":83,"tipo":"led 14va","Potencia":150,"Columna":"alta"},"geometry":{"type":"MultiPoint","coordinates":[[-58.776870999999886,-38.169973000005797,90.918259]]}},
{"type":"Feature","properties":{"id":84,"tipo":"led 14va","Potencia":150,"Columna":"alta"},"geometry":{"type":"MultiPoint","coordinates":[[-58.77672599999989,-38.170168000005795,91.412788]]}},
{"type":"Feature","properties":{"id":85,"tipo":"led 14va","Potencia":120,"Columna":"baja"},"geometry":{"type":"MultiPoint","coordinates":[[-58.777379999999887,-38.169944000005799,91.412788]]}},
{"type":"Feature","properties":{"id":86,"tipo":"led 14va","Potencia":120,"Columna":"baja"},"geometry":{"type":"MultiPoint","coordinates":[[-58.777592999999889,-38.169797000005801,91.412788]]}},
{"type":"Feature","properties":{"id":87,"tipo":"led 14va","Potencia":120,"Columna":"baja"},"geometry":{"type":"MultiPoint","coordinates":[[-58.777904999999869,-38.1695580000058,90.81562]]}},
{"type":"Feature","properties":{"id":88,"tipo":"led 14va","Potencia":120,"Columna":"baja"},"geometry":{"type":"MultiPoint","coordinates":[[-58.778084999999876,-38.169445000005815,93.008339]]}},
{"type":"Feature","properties":{"id":89,"tipo":null,"Potencia":150,"Columna":"alta"},"geometry":{"type":"MultiPoint","coordinates":[[-58.778368999999884,-38.169220000005794,91.254166]]}},
{"type":"Feature","properties":{"id":90,"tipo":null,"Potencia":150,"Columna":"alta"},"geometry":{"type":"MultiPoint","coordinates":[[-58.778624999999892,-38.1690290000058,91.459442]]}},
{"type":"Feature","properties":{"id":91,"tipo":null,"Potencia":150,"Columna":"alta"},"geometry":{"type":"MultiPoint","coordinates":[[-58.778800999999888,-38.168886000005813,91.580742]]}},
{"type":"Feature","properties":{"id":92,"tipo":null,"Potencia":150,"Columna":"alta"},"geometry":{"type":"MultiPoint","coordinates":[[-58.779092999999897,-38.168652000005821,92.457825]]}},
{"type":"Feature","properties":{"id":93,"tipo":null,"Potencia":150,"Columna":"alta"},"geometry":{"type":"MultiPoint","coordinates":[[-58.779308999999884,-38.168491000005801,90.031845]]}},
{"type":"Feature","properties":{"id":94,"tipo":null,"Potencia":150,"Columna":"alta"},"geometry":{"type":"MultiPoint","coordinates":[[-58.776421999999883,-38.170278000005801,89.257401]]}},
{"type":"Feature","properties":{"id":95,"tipo":null,"Potencia":150,"Columna":"alta"},"geometry":{"type":"MultiPoint","coordinates":[[-58.776263999999877,-38.170497000005803,89.96653]]}},
{"type":"Feature","properties":{"id":96,"tipo":null,"Potencia":150,"Columna":"alta"},"geometry":{"type":"MultiPoint","coordinates":[[-58.775966999999888,-38.170629000005796,88.594917]]}},
{"type":"Feature","properties":{"id":97,"tipo":null,"Potencia":150,"Columna":"alta"},"geometry":{"type":"MultiPoint","coordinates":[[-58.775762999999884,-38.170875000005793,88.856178]]}},
{"type":"Feature","properties":{"id":98,"tipo":null,"Potencia":120,"Columna":"baja"},"geometry":{"type":"MultiPoint","coordinates":[[-58.77519499999989,-38.171352000005804,88.100395]]}},
{"type":"Feature","properties":{"id":99,"tipo":null,"Potencia":null,"Columna":null},"geometry":{"type":"MultiPoint","coordinates":[[-58.774434999999883,-38.171892000005805,88.240349]]}},
{"type":"Feature","properties":{"id":100,"tipo":null,"Potencia":null,"Columna":null},"geometry":{"type":"MultiPoint","coordinates":[[-58.774170999999882,-38.172101000005796,87.465904]]}},
{"type":"Feature","properties":{"id":101,"tipo":null,"Potencia":null,"Columna":null},"geometry":{"type":"MultiPoint","coordinates":[[-58.774334999999887,-38.171991000005804,87.727165]]}},
{"type":"Feature","properties":{"id":102,"tipo":null,"Potencia":null,"Columna":null},"geometry":{"type":"MultiPoint","coordinates":[[-58.773997999999885,-38.172276000005787,87.568542]]}},
{"type":"Feature","properties":{"id":103,"tipo":null,"Potencia":null,"Columna":null},"geometry":{"type":"MultiPoint","coordinates":[[-58.774425999999892,-38.172683000005797,87.195312]]}},
{"type":"Feature","properties":{"id":104,"tipo":null,"Potencia":null,"Columna":null},"geometry":{"type":"MultiPoint","coordinates":[[-58.774693999999883,-38.172423000005807,87.16732]]}},
{"type":"Feature","properties":{"id":105,"tipo":null,"Potencia":null,"Columna":null},"geometry":{"type":"MultiPoint","coordinates":[[-58.774978999999888,-38.172293000005787,86.924721]]}},
{"type":"Feature","properties":{"id":106,"tipo":"led","Potencia":null,"Columna":null},"geometry":{"type":"MultiPoint","coordinates":[[-58.774075999999894,-38.173862000005805,86.430199]]}},
{"type":"Feature","properties":{"id":107,"tipo":"led","Potencia":null,"Columna":null},"geometry":{"type":"MultiPoint","coordinates":[[-58.774295999999886,-38.173684000005792,85.655754]]}},
{"type":"Feature","properties":{"id":108,"tipo":"led","Potencia":null,"Columna":null},"geometry":{"type":"MultiPoint","coordinates":[[-58.774516999999882,-38.173534000005795,87.297951]]}},
{"type":"Feature","properties":{"id":109,"tipo":"led","Potencia":null,"Columna":null},"geometry":{"type":"MultiPoint","coordinates":[[-58.774718999999891,-38.173391000005807,86.868744]]}},
{"type":"Feature","properties":{"id":110,"tipo":"led","Potencia":null,"Columna":null},"geometry":{"type":"MultiPoint","coordinates":[[-58.774993999999886,-38.173181000005805,86.906067]]}},
{"type":"Feature","properties":{"id":111,"tipo":"led","Potencia":null,"Columna":null},"geometry":{"type":"MultiPoint","coordinates":[[-58.775227999999878,-38.173004000005811,88.324326]]}},
{"type":"Feature","properties":{"id":112,"tipo":"led","Potencia":null,"Columna":null},"geometry":{"type":"MultiPoint","coordinates":[[-58.775429999999886,-38.17283000000581,87.195312]]}},
{"type":"Feature","properties":{"id":113,"tipo":"led","Potencia":null,"Columna":null},"geometry":{"type":"MultiPoint","coordinates":[[-58.775639999999889,-38.1726650000058,87.018028]]}},
{"type":"Feature","properties":{"id":114,"tipo":"led","Potencia":null,"Columna":null},"geometry":{"type":"MultiPoint","coordinates":[[-58.775998999999885,-38.172409000005793,86.971375]]}},
{"type":"Feature","properties":{"id":115,"tipo":"led","Potencia":null,"Columna":null},"geometry":{"type":"MultiPoint","coordinates":[[-58.77618099999988,-38.172262000005801,87.185982]]}},
{"type":"Feature","properties":{"id":116,"tipo":"led","Potencia":null,"Columna":null},"geometry":{"type":"MultiPoint","coordinates":[[-58.776387999999884,-38.172119000005807,86.69146]]}},
{"type":"Feature","properties":{"id":117,"tipo":"led","Potencia":null,"Columna":null},"geometry":{"type":"MultiPoint","coordinates":[[-58.776614999999879,-38.171939000005807,86.747444]]}},
{"type":"Feature","properties":{"id":118,"tipo":"led","Potencia":null,"Columna":null},"geometry":{"type":"MultiPoint","coordinates":[[-58.776836999999894,-38.171754000005798,87.531219]]}},
{"type":"Feature","properties":{"id":119,"tipo":"led","Potencia":null,"Columna":null},"geometry":{"type":"MultiPoint","coordinates":[[-58.777088999999883,-38.171567000005794,86.439529]]}},
{"type":"Feature","properties":{"id":120,"tipo":"led","Potencia":null,"Columna":null},"geometry":{"type":"MultiPoint","coordinates":[[-58.777320999999873,-38.171408000005812,84.041542]]}},
{"type":"Feature","properties":{"id":121,"tipo":"led","Potencia":null,"Columna":null},"geometry":{"type":"MultiPoint","coordinates":[[-58.77754499999989,-38.171230000005814,87.223305]]}},
{"type":"Feature","properties":{"id":122,"tipo":"led","Potencia":null,"Columna":null},"geometry":{"type":"MultiPoint","coordinates":[[-58.777745999999887,-38.1710720000058,87.307281]]}},
{"type":"Feature","properties":{"id":123,"tipo":"led","Potencia":null,"Columna":null},"geometry":{"type":"MultiPoint","coordinates":[[-58.778034999999882,-38.170866000005816,88.473618]]}},
{"type":"Feature","properties":{"id":124,"tipo":"led","Potencia":null,"Columna":null},"geometry":{"type":"MultiPoint","coordinates":[[-58.778272999999885,-38.170673000005799,87.549881]]}},
{"type":"Feature","properties":{"id":125,"tipo":"led","Potencia":null,"Columna":null},"geometry":{"type":"MultiPoint","coordinates":[[-58.77851799999987,-38.170485000005812,86.588821]]}},
{"type":"Feature","properties":{"id":126,"tipo":"led","Potencia":null,"Columna":null},"geometry":{"type":"MultiPoint","coordinates":[[-58.778775999999887,-38.170291000005811,86.831421]]}},
{"type":"Feature","properties":{"id":127,"tipo":"led","Potencia":null,"Columna":null},"geometry":{"type":"MultiPoint","coordinates":[[-58.779001999999892,-38.170106000005802,86.990036]]}},
{"type":"Feature","properties":{"id":128,"tipo":"led","Potencia":null,"Columna":null},"geometry":{"type":"MultiPoint","coordinates":[[-58.779274999999892,-38.169911000005811,87.092674]]}},
{"type":"Feature","properties":{"id":129,"tipo":"led","Potencia":null,"Columna":null},"geometry":{"type":"MultiPoint","coordinates":[[-58.779479999999886,-38.169755000005807,86.140945]]}},
{"type":"Feature","properties":{"id":130,"tipo":"led","Potencia":null,"Columna":null},"geometry":{"type":"MultiPoint","coordinates":[[-58.779772999999885,-38.169547000005807,85.674416]]}},
{"type":"Feature","properties":{"id":131,"tipo":"led","Potencia":null,"Columna":null},"geometry":{"type":"MultiPoint","coordinates":[[-58.779983999999878,-38.169405000005796,86.654137]]}},
{"type":"Feature","properties":{"id":132,"tipo":"led","Potencia":null,"Columna":null},"geometry":{"type":"MultiPoint","coordinates":[[-58.780190999999888,-38.169249000005813,86.392876]]}},
{"type":"Feature","properties":{"id":133,"tipo":"led","Potencia":null,"Columna":null},"geometry":{"type":"MultiPoint","coordinates":[[-58.78042899999987,-38.169072000005805,85.058586]]}},
{"type":"Feature","properties":{"id":134,"tipo":"led","Potencia":null,"Columna":null},"geometry":{"type":"MultiPoint","coordinates":[[-58.780628999999884,-38.168834000005809,86.262245]]}},
{"type":"Feature","properties":{"id":135,"tipo":"led","Potencia":null,"Columna":null},"geometry":{"type":"MultiPoint","coordinates":[[-58.78096699999989,-38.168607000005785,85.833031]]}},
{"type":"Feature","properties":{"id":136,"tipo":"led","Potencia":null,"Columna":null},"geometry":{"type":"MultiPoint","coordinates":[[-58.781226999999888,-38.1683310000058,86.411537]]}},
{"type":"Feature","properties":{"id":137,"tipo":"led","Potencia":null,"Columna":null},"geometry":{"type":"MultiPoint","coordinates":[[-58.781578999999887,-38.168122000005802,86.159607]]}},
{"type":"Feature","properties":{"id":138,"tipo":"led","Potencia":null,"Columna":null},"geometry":{"type":"MultiPoint","coordinates":[[-58.781830999999883,-38.167848000005804,86.056969]]}},
{"type":"Feature","properties":{"id":139,"tipo":"led","Potencia":null,"Columna":null},"geometry":{"type":"MultiPoint","coordinates":[[-58.782178999999886,-38.167678000005807,86.766106]]}},
{"type":"Feature","properties":{"id":140,"tipo":"led","Potencia":null,"Columna":null},"geometry":{"type":"MultiPoint","coordinates":[[-58.782493999999879,-38.167378000005804,85.786377]]}},
{"type":"Feature","properties":{"id":141,"tipo":"led","Potencia":null,"Columna":null},"geometry":{"type":"MultiPoint","coordinates":[[-58.782864999999887,-38.167154000005802,86.374214]]}},
{"type":"Feature","properties":{"id":142,"tipo":"led","Potencia":null,"Columna":null},"geometry":{"type":"MultiPoint","coordinates":[[-58.783113999999877,-38.166898000005808,85.273193]]}},
{"type":"Feature","properties":{"id":143,"tipo":"led","Potencia":null,"Columna":null},"geometry":{"type":"MultiPoint","coordinates":[[-58.786076999999892,-38.166245000005816,60.658829]]}},
{"type":"Feature","properties":{"id":144,"tipo":"led","Potencia":null,"Columna":null},"geometry":{"type":"MultiPoint","coordinates":[[-58.785944999999892,-38.166489000005818,60.658829]]}},
{"type":"Feature","properties":{"id":145,"tipo":"led","Potencia":null,"Columna":null},"geometry":{"type":"MultiPoint","coordinates":[[-58.785625999999887,-38.16663300000581,60.658829]]}},
{"type":"Feature","properties":{"id":146,"tipo":"led","Potencia":null,"Columna":null},"geometry":{"type":"MultiPoint","coordinates":[[-58.78547299999989,-38.166847000005824,60.658829]]}},
{"type":"Feature","properties":{"id":147,"tipo":"led","Potencia":null,"Columna":null},"geometry":{"type":"MultiPoint","coordinates":[[-58.785135999999881,-38.167004000005804,60.658829]]}},
{"type":"Feature","properties":{"id":148,"tipo":"led","Potencia":null,"Columna":null},"geometry":{"type":"MultiPoint","coordinates":[[-58.784988999999889,-38.167227000005809,60.658829]]}},
{"type":"Feature","properties":{"id":149,"tipo":"led","Potencia":null,"Columna":null},"geometry":{"type":"MultiPoint","coordinates":[[-58.784696999999888,-38.167341000005798,60.658829]]}},
{"type":"Feature","properties":{"id":150,"tipo":"led","Potencia":null,"Columna":null},"geometry":{"type":"MultiPoint","coordinates":[[-58.784509999999891,-38.167578000005818,60.658829]]}},
{"type":"Feature","properties":{"id":151,"tipo":"led","Potencia":null,"Columna":null},"geometry":{"type":"MultiPoint","coordinates":[[-58.784020999999889,-38.168007000005815,60.668159]]}},
{"type":"Feature","properties":{"id":152,"tipo":"led","Potencia":null,"Columna":null},"geometry":{"type":"MultiPoint","coordinates":[[-58.783494999999881,-38.168259000005818,60.668159]]}},
{"type":"Feature","properties":{"id":153,"tipo":"led","Potencia":null,"Columna":null},"geometry":{"type":"MultiPoint","coordinates":[[-58.782947999999884,-38.168708000005807,60.668159]]}},
{"type":"Feature","properties":{"id":154,"tipo":"led","Potencia":null,"Columna":null},"geometry":{"type":"MultiPoint","coordinates":[[-58.782649692324895,-38.169012959168775,60.668159]]}},
{"type":"Feature","properties":{"id":155,"tipo":null,"Potencia":120,"Columna":"baja"},"geometry":{"type":"MultiPoint","coordinates":[[-58.78201499999988,-38.169417000005801,60.668159]]}},
{"type":"Feature","properties":{"id":156,"tipo":null,"Potencia":120,"Columna":"baja"},"geometry":{"type":"MultiPoint","coordinates":[[-58.781859300323958,-38.169603422897588,60.668159]]}},
{"type":"Feature","properties":{"id":157,"tipo":"led 14va","Potencia":120,"Columna":"baja"},"geometry":{"type":"MultiPoint","coordinates":[[-58.780971999999885,-38.170160000005808,60.668159]]}},
{"type":"Feature","properties":{"id":158,"tipo":null,"Potencia":null,"Columna":null},"geometry":{"type":"MultiPoint","coordinates":[[-58.780611999999884,-38.170443000005804,60.668159]]}},
{"type":"Feature","properties":{"id":159,"tipo":null,"Potencia":null,"Columna":null},"geometry":{"type":"MultiPoint","coordinates":[[-58.780139999999889,-38.170990000005808,60.67749]]}},
{"type":"Feature","properties":{"id":160,"tipo":null,"Potencia":null,"Columna":null},"geometry":{"type":"MultiPoint","coordinates":[[-58.779794999999872,-38.171259000005804,60.67749]]}},
{"type":"Feature","properties":{"id":161,"tipo":null,"Potencia":null,"Columna":null},"geometry":{"type":"MultiPoint","coordinates":[[-58.779323999999889,-38.171610000005813,60.67749]]}},
{"type":"Feature","properties":{"id":162,"tipo":"led","Potencia":null,"Columna":null},"geometry":{"type":"MultiPoint","coordinates":[[-58.778631999999888,-38.172144000005801,60.67749]]}},
{"type":"Feature","properties":{"id":163,"tipo":"led","Potencia":null,"Columna":null},"geometry":{"type":"MultiPoint","coordinates":[[-58.778405999999876,-38.17232000000579,60.67749]]}},
{"type":"Feature","properties":{"id":164,"tipo":"led","Potencia":null,"Columna":null},"geometry":{"type":"MultiPoint","coordinates":[[-58.778208999999883,-38.17248100000581,60.67749]]}},
{"type":"Feature","properties":{"id":165,"tipo":"led","Potencia":null,"Columna":null},"geometry":{"type":"MultiPoint","coordinates":[[-58.777644999999879,-38.1728620000058,60.388237]]}},
{"type":"Feature","properties":{"id":166,"tipo":"led","Potencia":null,"Columna":null},"geometry":{"type":"MultiPoint","coordinates":[[-58.777442999999884,-38.173016000005788,60.30426]]}},
{"type":"Feature","properties":{"id":167,"tipo":"led","Potencia":null,"Columna":null},"geometry":{"type":"MultiPoint","coordinates":[[-58.777216999999879,-38.173182000005802,60.453552]]}},
{"type":"Feature","properties":{"id":168,"tipo":"led","Potencia":null,"Columna":null},"geometry":{"type":"MultiPoint","coordinates":[[-58.776965999999881,-38.173359000005796,61.069378]]}},
{"type":"Feature","properties":{"id":169,"tipo":null,"Potencia":null,"Columna":null},"geometry":{"type":"MultiPoint","coordinates":[[-58.77636399999988,-38.172871000005806,61.955791]]}},
{"type":"Feature","properties":{"id":170,"tipo":null,"Potencia":null,"Columna":null},"geometry":{"type":"MultiPoint","coordinates":[[-58.776598999999884,-38.172693000005793,60.72414]]}},
{"type":"Feature","properties":{"id":171,"tipo":null,"Potencia":null,"Columna":null},"geometry":{"type":"MultiPoint","coordinates":[[-58.776826999999876,-38.172524000005815,60.780125]]}},
{"type":"Feature","properties":{"id":172,"tipo":null,"Potencia":null,"Columna":null},"geometry":{"type":"MultiPoint","coordinates":[[-58.777031999999885,-38.172362000005798,61.311977]]}},
{"type":"Feature","properties":{"id":173,"tipo":"led","Potencia":null,"Columna":null},"geometry":{"type":"MultiPoint","coordinates":[[-58.776664999999888,-38.173469000005809,59.203239]]}},
{"type":"Feature","properties":{"id":174,"tipo":"led","Potencia":null,"Columna":null},"geometry":{"type":"MultiPoint","coordinates":[[-58.776437999999878,-38.173641000005809,59.203239]]}},
{"type":"Feature","properties":{"id":175,"tipo":"led","Potencia":null,"Columna":null},"geometry":{"type":"MultiPoint","coordinates":[[-58.776198999999892,-38.173825000005792,59.21257]]}},
{"type":"Feature","properties":{"id":176,"tipo":"led","Potencia":null,"Columna":null},"geometry":{"type":"MultiPoint","coordinates":[[-58.775931999999891,-38.174016000005793,59.21257]]}},
{"type":"Feature","properties":{"id":177,"tipo":"led","Potencia":null,"Columna":null},"geometry":{"type":"MultiPoint","coordinates":[[-58.775704999999881,-38.174207000005801,59.21257]]}},
{"type":"Feature","properties":{"id":178,"tipo":"led","Potencia":null,"Columna":null},"geometry":{"type":"MultiPoint","coordinates":[[-58.775433999999876,-38.174403000005796,59.21257]]}},
{"type":"Feature","properties":{"id":179,"tipo":"led","Potencia":null,"Columna":null},"geometry":{"type":"MultiPoint","coordinates":[[-58.775193999999885,-38.17458000000579,59.21257]]}},
{"type":"Feature","properties":{"id":180,"tipo":"led","Potencia":null,"Columna":null},"geometry":{"type":"MultiPoint","coordinates":[[-58.774961999999881,-38.174751000005791,59.21257]]}},
{"type":"Feature","properties":{"id":181,"tipo":null,"Potencia":null,"Columna":null},"geometry":{"type":"MultiPoint","coordinates":[[-58.776105999999878,-38.175578000005807,59.21257]]}},
{"type":"Feature","properties":{"id":182,"tipo":null,"Potencia":null,"Columna":null},"geometry":{"type":"MultiPoint","coordinates":[[-58.77650099999989,-38.175288000005807,59.21257]]}},
{"type":"Feature","properties":{"id":183,"tipo":null,"Potencia":null,"Columna":null},"geometry":{"type":"MultiPoint","coordinates":[[-58.776732999999886,-38.175070000005796,59.21257]]}},
{"type":"Feature","properties":{"id":184,"tipo":null,"Potencia":null,"Columna":null},"geometry":{"type":"MultiPoint","coordinates":[[-58.777295999999886,-38.174638000005814,59.203239]]}},
{"type":"Feature","properties":{"id":185,"tipo":null,"Potencia":null,"Columna":null},"geometry":{"type":"MultiPoint","coordinates":[[-58.777505999999889,-38.174480000005808,59.203239]]}},
{"type":"Feature","properties":{"id":186,"tipo":null,"Potencia":null,"Columna":null},"geometry":{"type":"MultiPoint","coordinates":[[-58.778001999999866,-38.174158000005789,59.203239]]}},
{"type":"Feature","properties":{"id":187,"tipo":null,"Potencia":null,"Columna":null},"geometry":{"type":"MultiPoint","coordinates":[[-58.778211999999883,-38.173996000005808,59.203239]]}},
{"type":"Feature","properties":{"id":188,"tipo":null,"Potencia":null,"Columna":null},"geometry":{"type":"MultiPoint","coordinates":[[-58.778454999999894,-38.173804000005795,59.203239]]}},
{"type":"Feature","properties":{"id":189,"tipo":null,"Potencia":null,"Columna":null},"geometry":{"type":"MultiPoint","coordinates":[[-58.778664999999883,-38.1736360000058,59.203239]]}},
{"type":"Feature","properties":{"id":190,"tipo":null,"Potencia":null,"Columna":null},"geometry":{"type":"MultiPoint","coordinates":[[-58.778917999999891,-38.1734220000058,59.203239]]}},
{"type":"Feature","properties":{"id":191,"tipo":null,"Potencia":null,"Columna":null},"geometry":{"type":"MultiPoint","coordinates":[[-58.779272999999897,-38.173157000005808,59.203239]]}},
{"type":"Feature","properties":{"id":192,"tipo":null,"Potencia":null,"Columna":null},"geometry":{"type":"MultiPoint","coordinates":[[-58.779643999999884,-38.172871000005806,59.203239]]}},
{"type":"Feature","properties":{"id":193,"tipo":null,"Potencia":null,"Columna":null},"geometry":{"type":"MultiPoint","coordinates":[[-58.781580999999882,-38.171443000005794,60.630836]]}},
{"type":"Feature","properties":{"id":194,"tipo":null,"Potencia":120,"Columna":"baja"},"geometry":{"type":"MultiPoint","coordinates":[[-58.781724999999881,-38.171288000005795,60.248276]]}},
{"type":"Feature","properties":{"id":195,"tipo":null,"Potencia":120,"Columna":"baja"},"geometry":{"type":"MultiPoint","coordinates":[[-58.781936999999878,-38.171152000005797,60.649498]]}},
{"type":"Feature","properties":{"id":196,"tipo":null,"Potencia":120,"Columna":"baja"},"geometry":{"type":"MultiPoint","coordinates":[[-58.782191999999881,-38.170947000005818,60.332253]]}},
{"type":"Feature","properties":{"id":197,"tipo":null,"Potencia":null,"Columna":null},"geometry":{"type":"MultiPoint","coordinates":[[-58.783070999999886,-38.170443000005811,61.63855]]}},
{"type":"Feature","properties":{"id":198,"tipo":null,"Potencia":120,"Columna":"baja"},"geometry":{"type":"MultiPoint","coordinates":[[-58.78343799999989,-38.170000000005828,60.434891]]}},
{"type":"Feature","properties":{"id":199,"tipo":null,"Potencia":null,"Columna":null},"geometry":{"type":"MultiPoint","coordinates":[[-58.783806999999896,-38.169736000005813,61.349297]]}},
{"type":"Feature","properties":{"id":200,"tipo":null,"Potencia":null,"Columna":null},"geometry":{"type":"MultiPoint","coordinates":[[-58.783985999999892,-38.169596000005811,61.349297]]}},
{"type":"Feature","properties":{"id":201,"tipo":null,"Potencia":null,"Columna":null},"geometry":{"type":"MultiPoint","coordinates":[[-58.784176999999886,-38.169449000005812,61.349297]]}},
{"type":"Feature","properties":{"id":202,"tipo":null,"Potencia":120,"Columna":"baja"},"geometry":{"type":"MultiPoint","coordinates":[[-58.784852999999885,-38.169088000005807,61.349297]]}},
{"type":"Feature","properties":{"id":203,"tipo":null,"Potencia":120,"Columna":"baja"},"geometry":{"type":"MultiPoint","coordinates":[[-58.784966999999888,-38.168923000005805,61.349297]]}},
{"type":"Feature","properties":{"id":204,"tipo":null,"Potencia":120,"Columna":"baja"},"geometry":{"type":"MultiPoint","coordinates":[[-58.785212999999885,-38.168815000005814,61.339966]]}},
{"type":"Feature","properties":{"id":205,"tipo":"led 11va","Potencia":null,"Columna":null},"geometry":{"type":"MultiPoint","coordinates":[[-58.785637999999885,-38.168479000005803,61.339966]]}},
{"type":"Feature","properties":{"id":206,"tipo":"led 11va","Potencia":null,"Columna":null},"geometry":{"type":"MultiPoint","coordinates":[[-58.785759999999897,-38.168274000005816,61.339966]]}},
{"type":"Feature","properties":{"id":207,"tipo":"led 11va","Potencia":null,"Columna":null},"geometry":{"type":"MultiPoint","coordinates":[[-58.786069999999889,-38.168135000005812,61.339966]]}},
{"type":"Feature","properties":{"id":208,"tipo":"led 11va","Potencia":null,"Columna":null},"geometry":{"type":"MultiPoint","coordinates":[[-58.786271999999883,-38.16789100000581,61.339966]]}},
{"type":"Feature","properties":{"id":209,"tipo":"led 11va","Potencia":null,"Columna":null},"geometry":{"type":"MultiPoint","coordinates":[[-58.786609999999882,-38.167733000005811,61.339966]]}},
{"type":"Feature","properties":{"id":210,"tipo":"led 11va","Potencia":null,"Columna":null},"geometry":{"type":"MultiPoint","coordinates":[[-58.786759999999894,-38.167515000005807,61.339966]]}},
{"type":"Feature","properties":{"id":211,"tipo":"led 11va","Potencia":null,"Columna":null},"geometry":{"type":"MultiPoint","coordinates":[[-58.787055999999879,-38.1673940000058,61.339966]]}},
{"type":"Feature","properties":{"id":212,"tipo":"led 11va","Potencia":null,"Columna":null},"geometry":{"type":"MultiPoint","coordinates":[[-58.787196999999892,-38.167177000005807,61.339966]]}},
{"type":"Feature","properties":{"id":213,"tipo":"led","Potencia":null,"Columna":null},"geometry":{"type":"MultiPoint","coordinates":[[-58.785058782099256,-38.165435780075256,77.46875]]}},
{"type":"Feature","properties":{"id":214,"tipo":"led","Potencia":null,"Columna":null},"geometry":{"type":"MultiPoint","coordinates":[[-58.784849019246487,-38.165698479987988,77.46875]]}},
{"type":"Feature","properties":{"id":215,"tipo":"led","Potencia":null,"Columna":null},"geometry":{"type":"MultiPoint","coordinates":[[-58.784627999999884,-38.165765000005806,61.339966]]}},
{"type":"Feature","properties":{"id":216,"tipo":"led","Potencia":null,"Columna":null},"geometry":{"type":"MultiPoint","coordinates":[[-58.78444099999988,-38.166000000005809,61.339966]]}},
{"type":"Feature","properties":{"id":217,"tipo":"led","Potencia":null,"Columna":null},"geometry":{"type":"MultiPoint","coordinates":[[-58.78409099999989,-38.16617700000581,61.339966]]}},
{"type":"Feature","properties":{"id":218,"tipo":"led","Potencia":null,"Columna":null},"geometry":{"type":"MultiPoint","coordinates":[[-58.783917999999886,-38.166412000005813,61.339966]]}},
{"type":"Feature","properties":{"id":219,"tipo":"led","Potencia":null,"Columna":null},"geometry":{"type":"MultiPoint","coordinates":[[-58.783600999999884,-38.166544000005821,61.349297]]}},
{"type":"Feature","properties":{"id":220,"tipo":"led","Potencia":null,"Columna":null},"geometry":{"type":"MultiPoint","coordinates":[[-58.783464999999893,-38.166746000005823,59.865719]]}},
{"type":"Feature","properties":{"id":221,"tipo":"led","Potencia":null,"Columna":null},"geometry":{"type":"MultiPoint","coordinates":[[-58.788188999999896,-38.168079000005811,83.593666]]}},
{"type":"Feature","properties":{"id":222,"tipo":"led","Potencia":null,"Columna":null},"geometry":{"type":"MultiPoint","coordinates":[[-58.787955999999888,-38.168259000005818,83.593666]]}},
{"type":"Feature","properties":{"id":223,"tipo":"led","Potencia":null,"Columna":null},"geometry":{"type":"MultiPoint","coordinates":[[-58.787741999999881,-38.168422000005812,83.593666]]}},
{"type":"Feature","properties":{"id":224,"tipo":"led","Potencia":null,"Columna":null},"geometry":{"type":"MultiPoint","coordinates":[[-58.787557999999883,-38.168570000005808,83.593666]]}},
{"type":"Feature","properties":{"id":225,"tipo":null,"Potencia":null,"Columna":null},"geometry":{"type":"MultiPoint","coordinates":[[-58.787310999999882,-38.168761000005816,83.593666]]}},
{"type":"Feature","properties":{"id":226,"tipo":null,"Potencia":null,"Columna":null},"geometry":{"type":"MultiPoint","coordinates":[[-58.787068999999896,-38.168942000005813,83.593666]]}},
{"type":"Feature","properties":{"id":227,"tipo":null,"Potencia":null,"Columna":null},"geometry":{"type":"MultiPoint","coordinates":[[-58.786844999999886,-38.169114000005813,83.593666]]}},
{"type":"Feature","properties":{"id":228,"tipo":null,"Potencia":null,"Columna":null},"geometry":{"type":"MultiPoint","coordinates":[[-58.786608999999878,-38.169297000005798,83.593666]]}},
{"type":"Feature","properties":{"id":229,"tipo":null,"Potencia":null,"Columna":null},"geometry":{"type":"MultiPoint","coordinates":[[-58.786025999999893,-38.169698000005823,83.593666]]}},
{"type":"Feature","properties":{"id":230,"tipo":null,"Potencia":null,"Columna":null},"geometry":{"type":"MultiPoint","coordinates":[[-58.785526999999888,-38.170276000005821,83.602997]]}},
{"type":"Feature","properties":{"id":231,"tipo":null,"Potencia":null,"Columna":null},"geometry":{"type":"MultiPoint","coordinates":[[-58.78516599999989,-38.170555000005812,83.602997]]}},
{"type":"Feature","properties":{"id":232,"tipo":null,"Potencia":null,"Columna":null},"geometry":{"type":"MultiPoint","coordinates":[[-58.784787999999878,-38.170830000005814,83.602997]]}},
{"type":"Feature","properties":{"id":233,"tipo":null,"Potencia":null,"Columna":null},"geometry":{"type":"MultiPoint","coordinates":[[-58.78460799486578,-38.170942743409093,82.856544]]}},
{"type":"Feature","properties":{"id":234,"tipo":null,"Potencia":null,"Columna":null},"geometry":{"type":"MultiPoint","coordinates":[[-58.783160999999886,-38.17188900000582,82.856544]]}},
{"type":"Feature","properties":{"id":235,"tipo":null,"Potencia":null,"Columna":null},"geometry":{"type":"MultiPoint","coordinates":[[-58.783055999999888,-38.172139000005807,82.856544]]}},
{"type":"Feature","properties":{"id":236,"tipo":null,"Potencia":null,"Columna":null},"geometry":{"type":"MultiPoint","coordinates":[[-58.780663999999874,-38.171993000005813,82.865875]]}},
{"type":"Feature","properties":{"id":237,"tipo":null,"Potencia":null,"Columna":null},"geometry":{"type":"MultiPoint","coordinates":[[-58.78028699999988,-38.171686000005813,82.865875]]}},
{"type":"Feature","properties":{"id":238,"tipo":null,"Potencia":null,"Columna":null},"geometry":{"type":"MultiPoint","coordinates":[[-58.778831999999895,-38.172665000005807,82.865875]]}},
{"type":"Feature","properties":{"id":239,"tipo":null,"Potencia":null,"Columna":null},"geometry":{"type":"MultiPoint","coordinates":[[-58.778612999999893,-38.172819000005809,82.865875]]}},
{"type":"Feature","properties":{"id":240,"tipo":null,"Potencia":null,"Columna":null},"geometry":{"type":"MultiPoint","coordinates":[[-58.778377999999876,-38.172996000005796,82.865875]]}},
{"type":"Feature","properties":{"id":241,"tipo":null,"Potencia":null,"Columna":null},"geometry":{"type":"MultiPoint","coordinates":[[-58.778115999999883,-38.1732390000058,79.553474]]}},
{"type":"Feature","properties":{"id":242,"tipo":null,"Potencia":null,"Columna":null},"geometry":{"type":"MultiPoint","coordinates":[[-58.777871999999888,-38.17342100000581,83.369728]]}},
{"type":"Feature","properties":{"id":243,"tipo":null,"Potencia":null,"Columna":null},"geometry":{"type":"MultiPoint","coordinates":[[-58.777671999999889,-38.173560000005807,82.80056]]}},
{"type":"Feature","properties":{"id":244,"tipo":null,"Potencia":null,"Columna":null},"geometry":{"type":"MultiPoint","coordinates":[[-58.777449999999888,-38.173741000005812,82.66993]]}},
{"type":"Feature","properties":{"id":245,"tipo":null,"Potencia":null,"Columna":null},"geometry":{"type":"MultiPoint","coordinates":[[-58.780422999999885,-38.176519000005804,82.716583]]}},
{"type":"Feature","properties":{"id":246,"tipo":null,"Potencia":null,"Columna":null},"geometry":{"type":"MultiPoint","coordinates":[[-58.780179999999895,-38.176654000005797,82.716583]]}},
{"type":"Feature","properties":{"id":247,"tipo":null,"Potencia":null,"Columna":null},"geometry":{"type":"MultiPoint","coordinates":[[-58.779969999999892,-38.176831000005805,82.716583]]}},
{"type":"Feature","properties":{"id":248,"tipo":null,"Potencia":null,"Columna":null},"geometry":{"type":"MultiPoint","coordinates":[[-58.779703999999896,-38.177024000005815,82.716583]]}},
{"type":"Feature","properties":{"id":249,"tipo":null,"Potencia":null,"Columna":null},"geometry":{"type":"MultiPoint","coordinates":[[-58.78022399999989,-38.177487000005804,84.564056]]}},
{"type":"Feature","properties":{"id":250,"tipo":null,"Potencia":null,"Columna":null},"geometry":{"type":"MultiPoint","coordinates":[[-58.780491999999882,-38.177274000005788,84.564056]]}},
{"type":"Feature","properties":{"id":251,"tipo":null,"Potencia":null,"Columna":null},"geometry":{"type":"MultiPoint","coordinates":[[-58.780695999999885,-38.177113000005797,84.564056]]}},
{"type":"Feature","properties":{"id":252,"tipo":null,"Potencia":null,"Columna":null},"geometry":{"type":"MultiPoint","coordinates":[[-58.780940999999885,-38.176927000005783,84.564056]]}},
{"type":"Feature","properties":{"id":253,"tipo":null,"Potencia":null,"Columna":null},"geometry":{"type":"MultiPoint","coordinates":[[-58.780079999999877,-38.177482000005796,81.195679]]}},
{"type":"Feature","properties":{"id":254,"tipo":null,"Potencia":null,"Columna":null},"geometry":{"type":"MultiPoint","coordinates":[[-58.779841999999888,-38.177283000005815,82.67926]]}},
{"type":"Feature","properties":{"id":255,"tipo":null,"Potencia":null,"Columna":null},"geometry":{"type":"MultiPoint","coordinates":[[-58.779602999999888,-38.177091000005817,82.371346]]}},
{"type":"Feature","properties":{"id":256,"tipo":null,"Potencia":null,"Columna":null},"geometry":{"type":"MultiPoint","coordinates":[[-58.779367999999884,-38.17688800000581,83.528351]]}},
{"type":"Feature","properties":{"id":257,"tipo":null,"Potencia":null,"Columna":null},"geometry":{"type":"MultiPoint","coordinates":[[-58.778441999999892,-38.177172000005797,80.654503]]}},
{"type":"Feature","properties":{"id":258,"tipo":null,"Potencia":null,"Columna":null},"geometry":{"type":"MultiPoint","coordinates":[[-58.778828999999895,-38.176874000005796,79.796074]]}},
{"type":"Feature","properties":{"id":259,"tipo":null,"Potencia":null,"Columna":null},"geometry":{"type":"MultiPoint","coordinates":[[-58.779078999999889,-38.176638000005802,81.21434]]}},
{"type":"Feature","properties":{"id":260,"tipo":null,"Potencia":null,"Columna":null},"geometry":{"type":"MultiPoint","coordinates":[[-58.779307999999894,-38.176662000005798,82.091423]]}},
{"type":"Feature","properties":{"id":261,"tipo":null,"Potencia":null,"Columna":null},"geometry":{"type":"MultiPoint","coordinates":[[-58.779543999999881,-38.17649700000581,82.371346]]}},
{"type":"Feature","properties":{"id":262,"tipo":null,"Potencia":null,"Columna":null},"geometry":{"type":"MultiPoint","coordinates":[[-58.779784999999869,-38.176142000005797,81.596901]]}},
{"type":"Feature","properties":{"id":263,"tipo":null,"Potencia":null,"Columna":null},"geometry":{"type":"MultiPoint","coordinates":[[-58.780160999999879,-38.176010000005803,82.763237]]}},
{"type":"Feature","properties":{"id":264,"tipo":null,"Potencia":null,"Columna":null},"geometry":{"type":"MultiPoint","coordinates":[[-58.780456999999878,-38.175776000005804,83.686974]]}},
{"type":"Feature","properties":{"id":265,"tipo":null,"Potencia":null,"Columna":null},"geometry":{"type":"MultiPoint","coordinates":[[-58.782415999999877,-38.174135000005805,82.707253]]}},
{"type":"Feature","properties":{"id":266,"tipo":null,"Potencia":null,"Columna":null},"geometry":{"type":"MultiPoint","coordinates":[[-58.783487999999885,-38.173487000005807,83.323074]]}},
{"type":"Feature","properties":{"id":267,"tipo":null,"Potencia":null,"Columna":null},"geometry":{"type":"MultiPoint","coordinates":[[-58.783886999999879,-38.173030000005809,82.744576]]}},
{"type":"Feature","properties":{"id":268,"tipo":null,"Potencia":null,"Columna":null},"geometry":{"type":"MultiPoint","coordinates":[[-58.784136999999888,-38.172835000005811,83.071152]]}},
{"type":"Feature","properties":{"id":269,"tipo":null,"Potencia":null,"Columna":null},"geometry":{"type":"MultiPoint","coordinates":[[-58.784379999999885,-38.172641000005804,83.248428]]}},
{"type":"Feature","properties":{"id":270,"tipo":null,"Potencia":null,"Columna":null},"geometry":{"type":"MultiPoint","coordinates":[[-58.784618999999886,-38.172457000005799,83.276421]]}},
{"type":"Feature","properties":{"id":271,"tipo":null,"Potencia":null,"Columna":null},"geometry":{"type":"MultiPoint","coordinates":[[-58.788678999999888,-38.169532000005802,93.894753]]}},
{"type":"Feature","properties":{"id":272,"tipo":"led","Potencia":null,"Columna":null},"geometry":{"type":"MultiPoint","coordinates":[[-58.789675999999886,-38.168891000005814,93.894753]]}},
{"type":"Feature","properties":{"id":273,"tipo":"led","Potencia":null,"Columna":null},"geometry":{"type":"MultiPoint","coordinates":[[-58.789958999999897,-38.16911800000581,93.894753]]}},
{"type":"Feature","properties":{"id":274,"tipo":"led","Potencia":null,"Columna":null},"geometry":{"type":"MultiPoint","coordinates":[[-58.790216999999885,-38.169335000005802,93.894753]]}},
{"type":"Feature","properties":{"id":275,"tipo":"led","Potencia":null,"Columna":null},"geometry":{"type":"MultiPoint","coordinates":[[-58.790488999999894,-38.169561000005821,93.894753]]}},
{"type":"Feature","properties":{"id":276,"tipo":"led","Potencia":null,"Columna":null},"geometry":{"type":"MultiPoint","coordinates":[[-58.790764999999887,-38.169798000005827,93.894753]]}},
{"type":"Feature","properties":{"id":277,"tipo":"led","Potencia":null,"Columna":null},"geometry":{"type":"MultiPoint","coordinates":[[-58.791021999999884,-38.170010000005817,93.894753]]}},
{"type":"Feature","properties":{"id":278,"tipo":"led","Potencia":null,"Columna":null},"geometry":{"type":"MultiPoint","coordinates":[[-58.791292999999889,-38.170229000005811,93.894753]]}},
{"type":"Feature","properties":{"id":279,"tipo":"led","Potencia":null,"Columna":null},"geometry":{"type":"MultiPoint","coordinates":[[-58.791538999999887,-38.170435000005824,93.894753]]}},
{"type":"Feature","properties":{"id":280,"tipo":"led","Potencia":null,"Columna":null},"geometry":{"type":"MultiPoint","coordinates":[[-58.791831999999886,-38.170673000005799,93.894753]]}},
{"type":"Feature","properties":{"id":281,"tipo":"led","Potencia":null,"Columna":null},"geometry":{"type":"MultiPoint","coordinates":[[-58.792092999999888,-38.170892000005814,93.782784]]}},
{"type":"Feature","properties":{"id":282,"tipo":"led","Potencia":null,"Columna":null},"geometry":{"type":"MultiPoint","coordinates":[[-58.792360999999893,-38.171111000005823,93.036331]]}},
{"type":"Feature","properties":{"id":283,"tipo":"led","Potencia":null,"Columna":null},"geometry":{"type":"MultiPoint","coordinates":[[-58.792626999999882,-38.171319000005816,94.174675]]}},
{"type":"Feature","properties":{"id":284,"tipo":null,"Potencia":null,"Columna":null},"geometry":{"type":"MultiPoint","coordinates":[[-58.792053999999887,-38.171896000005816,94.351952]]}},
{"type":"Feature","properties":{"id":285,"tipo":null,"Potencia":null,"Columna":null},"geometry":{"type":"MultiPoint","coordinates":[[-58.790305316824551,-38.172444066652652,94.351952]]}},
{"type":"Feature","properties":{"id":286,"tipo":null,"Potencia":null,"Columna":null},"geometry":{"type":"MultiPoint","coordinates":[[-58.789647914325009,-38.172080542169155,94.351952]]}},
{"type":"Feature","properties":{"id":287,"tipo":null,"Potencia":null,"Columna":null},"geometry":{"type":"MultiPoint","coordinates":[[-58.789808914314726,-38.171962542288561,94.351952]]}},
{"type":"Feature","properties":{"id":288,"tipo":null,"Potencia":null,"Columna":null},"geometry":{"type":"MultiPoint","coordinates":[[-58.78927499999989,-38.171574000005812,94.351952]]}},
{"type":"Feature","properties":{"id":289,"tipo":null,"Potencia":null,"Columna":null},"geometry":{"type":"MultiPoint","coordinates":[[-58.789766999999884,-38.170455000005809,94.351952]]}},
{"type":"Feature","properties":{"id":290,"tipo":null,"Potencia":null,"Columna":null},"geometry":{"type":"MultiPoint","coordinates":[[-58.789946999999884,-38.170604000005802,94.351952]]}},
{"type":"Feature","properties":{"id":291,"tipo":null,"Potencia":null,"Columna":null},"geometry":{"type":"MultiPoint","coordinates":[[-58.790118999999876,-38.170761000005818,94.351952]]}},
{"type":"Feature","properties":{"id":292,"tipo":null,"Potencia":null,"Columna":null},"geometry":{"type":"MultiPoint","coordinates":[[-58.790479999999896,-38.171058000005807,94.351952]]}},
{"type":"Feature","properties":{"id":293,"tipo":null,"Potencia":null,"Columna":null},"geometry":{"type":"MultiPoint","coordinates":[[-58.790245914344226,-38.171593542613145,94.351952]]}},
{"type":"Feature","properties":{"id":294,"tipo":null,"Potencia":null,"Columna":null},"geometry":{"type":"MultiPoint","coordinates":[[-58.79075643234787,-38.171227651023202,94.351952]]}},
{"type":"Feature","properties":{"id":295,"tipo":null,"Potencia":null,"Columna":null},"geometry":{"type":"MultiPoint","coordinates":[[-58.791018432282634,-38.17104065116218,94.351952]]}},
{"type":"Feature","properties":{"id":296,"tipo":null,"Potencia":null,"Columna":null},"geometry":{"type":"MultiPoint","coordinates":[[-58.791285982688599,-38.170820440989431,94.351952]]}},
{"type":"Feature","properties":{"id":297,"tipo":null,"Potencia":null,"Columna":null},"geometry":{"type":"MultiPoint","coordinates":[[-58.790406999999888,-38.169790000005811,94.351952]]}},
{"type":"Feature","properties":{"id":298,"tipo":null,"Potencia":null,"Columna":null},"geometry":{"type":"MultiPoint","coordinates":[[-58.790167999999881,-38.169967000005819,94.351952]]}},
{"type":"Feature","properties":{"id":299,"tipo":null,"Potencia":null,"Columna":null},"geometry":{"type":"MultiPoint","coordinates":[[-58.789931999999894,-38.170128000005818,94.351952]]}},
{"type":"Feature","properties":{"id":300,"tipo":null,"Potencia":null,"Columna":null},"geometry":{"type":"MultiPoint","coordinates":[[-58.789680999999888,-38.170315000005814,94.351952]]}},
{"type":"Feature","properties":{"id":301,"tipo":null,"Potencia":null,"Columna":null},"geometry":{"type":"MultiPoint","coordinates":[[-58.789514999999881,-38.170327000005805,94.351952]]}},
{"type":"Feature","properties":{"id":302,"tipo":null,"Potencia":null,"Columna":null},"geometry":{"type":"MultiPoint","coordinates":[[-58.789249999999889,-38.170099000005813,94.351952]]}},
{"type":"Feature","properties":{"id":303,"tipo":null,"Potencia":null,"Columna":null},"geometry":{"type":"MultiPoint","coordinates":[[-58.789159999999889,-38.169920000005824,94.351952]]}},
{"type":"Feature","properties":{"id":304,"tipo":null,"Potencia":null,"Columna":null},"geometry":{"type":"MultiPoint","coordinates":[[-58.789360999999886,-38.169760000005809,94.351952]]}},
{"type":"Feature","properties":{"id":305,"tipo":null,"Potencia":null,"Columna":null},"geometry":{"type":"MultiPoint","coordinates":[[-58.789621999999888,-38.169544000005835,94.351952]]}},
{"type":"Feature","properties":{"id":306,"tipo":null,"Potencia":null,"Columna":null},"geometry":{"type":"MultiPoint","coordinates":[[-58.789874999999896,-38.169348000005826,94.351952]]}},
{"type":"Feature","properties":{"id":307,"tipo":null,"Potencia":null,"Columna":null},"geometry":{"type":"MultiPoint","coordinates":[[-58.789039999999886,-38.169892000005817,94.351952]]}},
{"type":"Feature","properties":{"id":308,"tipo":null,"Potencia":null,"Columna":null},"geometry":{"type":"MultiPoint","coordinates":[[-58.78872999999988,-38.16966100000581,94.351952]]}},
{"type":"Feature","properties":{"id":309,"tipo":"led","Potencia":null,"Columna":null},"geometry":{"type":"MultiPoint","coordinates":[[-58.788326999999896,-38.169484000005816,94.351952]]}},
{"type":"Feature","properties":{"id":310,"tipo":"led","Potencia":null,"Columna":null},"geometry":{"type":"MultiPoint","coordinates":[[-58.788121999999888,-38.169314000005826,94.351952]]}},
{"type":"Feature","properties":{"id":311,"tipo":"led","Potencia":null,"Columna":null},"geometry":{"type":"MultiPoint","coordinates":[[-58.787842999999889,-38.169171000005811,94.351952]]}},
{"type":"Feature","properties":{"id":312,"tipo":null,"Potencia":null,"Columna":null},"geometry":{"type":"MultiPoint","coordinates":[[-58.787583999999896,-38.169377000005817,94.351952]]}},
{"type":"Feature","properties":{"id":313,"tipo":null,"Potencia":null,"Columna":null},"geometry":{"type":"MultiPoint","coordinates":[[-58.78736699999989,-38.169535000005816,94.351952]]}},
{"type":"Feature","properties":{"id":314,"tipo":"led","Potencia":null,"Columna":null},"geometry":{"type":"MultiPoint","coordinates":[[-58.787858999999891,-38.169089000005819,94.351952]]}},
{"type":"Feature","properties":{"id":315,"tipo":"led","Potencia":null,"Columna":null},"geometry":{"type":"MultiPoint","coordinates":[[-58.787577999999897,-38.168868000005837,94.351952]]}},
{"type":"Feature","properties":{"id":316,"tipo":"led 11va","Potencia":null,"Columna":null},"geometry":{"type":"MultiPoint","coordinates":[[-58.787319999999895,-38.168618000005814,94.351952]]}},
{"type":"Feature","properties":{"id":317,"tipo":"led 11va","Potencia":null,"Columna":null},"geometry":{"type":"MultiPoint","coordinates":[[-58.787125999999887,-38.168359000005822,94.351952]]}},
{"type":"Feature","properties":{"id":318,"tipo":"led 11va","Potencia":null,"Columna":null},"geometry":{"type":"MultiPoint","coordinates":[[-58.786740999999878,-38.168153000005809,94.351952]]}},
{"type":"Feature","properties":{"id":319,"tipo":"led 11va","Potencia":null,"Columna":null},"geometry":{"type":"MultiPoint","coordinates":[[-58.786555999999891,-38.167879000005811,94.351952]]}},
{"type":"Feature","properties":{"id":320,"tipo":"led 11va","Potencia":null,"Columna":null},"geometry":{"type":"MultiPoint","coordinates":[[-58.786254999999883,-38.167751000005829,94.351952]]}},
{"type":"Feature","properties":{"id":321,"tipo":"led 11va","Potencia":null,"Columna":null},"geometry":{"type":"MultiPoint","coordinates":[[-58.785997999999886,-38.167417000005806,89.388023]]}},
{"type":"Feature","properties":{"id":322,"tipo":"led 11va","Potencia":null,"Columna":null},"geometry":{"type":"MultiPoint","coordinates":[[-58.785672999999896,-38.167285000005819,89.388023]]}},
{"type":"Feature","properties":{"id":323,"tipo":"led 11va","Potencia":null,"Columna":null},"geometry":{"type":"MultiPoint","coordinates":[[-58.785495999999881,-38.167033000005823,89.388023]]}},
{"type":"Feature","properties":{"id":324,"tipo":"led","Potencia":null,"Columna":null},"geometry":{"type":"MultiPoint","coordinates":[[-58.785160999999896,-38.166874000005812,88.62291]]}},
{"type":"Feature","properties":{"id":325,"tipo":"led","Potencia":null,"Columna":null},"geometry":{"type":"MultiPoint","coordinates":[[-58.785006999999879,-38.166612000005806,88.529602]]}},
{"type":"Feature","properties":{"id":326,"tipo":"led","Potencia":null,"Columna":null},"geometry":{"type":"MultiPoint","coordinates":[[-58.78462399999988,-38.166421000005805,88.408302]]}},
{"type":"Feature","properties":{"id":327,"tipo":"led","Potencia":null,"Columna":null},"geometry":{"type":"MultiPoint","coordinates":[[-58.784428999999889,-38.16616300000581,88.772202]]}},
{"type":"Feature","properties":{"id":328,"tipo":"led","Potencia":null,"Columna":null},"geometry":{"type":"MultiPoint","coordinates":[[-58.78410799999989,-38.166031000005809,88.772202]]}},
{"type":"Feature","properties":{"id":329,"tipo":"led","Potencia":null,"Columna":null},"geometry":{"type":"MultiPoint","coordinates":[[-58.78391099999989,-38.165749000005817,88.772202]]}},
{"type":"Feature","properties":{"id":330,"tipo":"led","Potencia":null,"Columna":null},"geometry":{"type":"MultiPoint","coordinates":[[-58.783572999999883,-38.165578000005809,88.772202]]}},
{"type":"Feature","properties":{"id":331,"tipo":"led","Potencia":null,"Columna":null},"geometry":{"type":"MultiPoint","coordinates":[[-58.783381999999897,-38.165284000005812,88.772202]]}},
{"type":"Feature","properties":{"id":332,"tipo":"led","Potencia":null,"Columna":null},"geometry":{"type":"MultiPoint","coordinates":[[-58.782951999999888,-38.165086000005807,88.781532]]}},
{"type":"Feature","properties":{"id":333,"tipo":"led","Potencia":null,"Columna":null},"geometry":{"type":"MultiPoint","coordinates":[[-58.782875999999888,-38.164901000005813,88.781532]]}},
{"type":"Feature","properties":{"id":334,"tipo":"led","Potencia":null,"Columna":null},"geometry":{"type":"MultiPoint","coordinates":[[-58.782647999999895,-38.164822000005827,88.781532]]}},
{"type":"Feature","properties":{"id":335,"tipo":"led","Potencia":null,"Columna":null},"geometry":{"type":"MultiPoint","coordinates":[[-58.78257699999989,-38.164615000005803,88.781532]]}},
{"type":"Feature","properties":{"id":336,"tipo":"led","Potencia":null,"Columna":null},"geometry":{"type":"MultiPoint","coordinates":[[-58.783335999999892,-38.164953000005816,94.547897]]}},
{"type":"Feature","properties":{"id":337,"tipo":"led","Potencia":null,"Columna":null},"geometry":{"type":"MultiPoint","coordinates":[[-58.783599999999893,-38.164940000005821,94.547897]]}},
{"type":"Feature","properties":{"id":338,"tipo":"led","Potencia":null,"Columna":null},"geometry":{"type":"MultiPoint","coordinates":[[-58.78368299999989,-38.164756000005823,94.547897]]}},
{"type":"Feature","properties":{"id":339,"tipo":"led","Potencia":null,"Columna":null},"geometry":{"type":"MultiPoint","coordinates":[[-58.783914999999894,-38.164695000005807,94.547897]]}},
{"type":"Feature","properties":{"id":340,"tipo":"led","Potencia":null,"Columna":null},"geometry":{"type":"MultiPoint","coordinates":[[-58.784275999999878,-38.164694000005802,94.547897]]}},
{"type":"Feature","properties":{"id":341,"tipo":"led","Potencia":null,"Columna":null},"geometry":{"type":"MultiPoint","coordinates":[[-58.784588999999883,-38.164932000005827,94.547897]]}},
{"type":"Feature","properties":{"id":342,"tipo":"led","Potencia":null,"Columna":null},"geometry":{"type":"MultiPoint","coordinates":[[-58.784930999999887,-38.165189000005803,94.547897]]}},
{"type":"Feature","properties":{"id":343,"tipo":"led","Potencia":null,"Columna":null},"geometry":{"type":"MultiPoint","coordinates":[[-58.785214999999887,-38.165408000005833,94.547897]]}},
{"type":"Feature","properties":{"id":344,"tipo":"led","Potencia":null,"Columna":null},"geometry":{"type":"MultiPoint","coordinates":[[-58.785510999999893,-38.165651000005816,94.547897]]}},
{"type":"Feature","properties":{"id":345,"tipo":"led","Potencia":null,"Columna":null},"geometry":{"type":"MultiPoint","coordinates":[[-58.785874999999876,-38.165945000005806,94.547897]]}},
{"type":"Feature","properties":{"id":346,"tipo":"led","Potencia":null,"Columna":null},"geometry":{"type":"MultiPoint","coordinates":[[-58.786180999999878,-38.166199000005811,94.547897]]}},
{"type":"Feature","properties":{"id":347,"tipo":"led","Potencia":null,"Columna":null},"geometry":{"type":"MultiPoint","coordinates":[[-58.786456999999892,-38.166407000005805,94.547897]]}},
{"type":"Feature","properties":{"id":348,"tipo":"led","Potencia":null,"Columna":null},"geometry":{"type":"MultiPoint","coordinates":[[-58.786780999999884,-38.166667000005816,94.547897]]}},
{"type":"Feature","properties":{"id":349,"tipo":"led","Potencia":null,"Columna":null},"geometry":{"type":"MultiPoint","coordinates":[[-58.787081999999884,-38.16693400000581,94.547897]]}},
{"type":"Feature","properties":{"id":350,"tipo":"led","Potencia":null,"Columna":null},"geometry":{"type":"MultiPoint","coordinates":[[-58.78738099999989,-38.167167000005804,94.547897]]}},
{"type":"Feature","properties":{"id":351,"tipo":"led","Potencia":null,"Columna":null},"geometry":{"type":"MultiPoint","coordinates":[[-58.787648999999881,-38.167411000005828,94.277313]]}},
{"type":"Feature","properties":{"id":352,"tipo":"led","Potencia":null,"Columna":null},"geometry":{"type":"MultiPoint","coordinates":[[-58.787985999999883,-38.167665000005819,94.417267]]}},
{"type":"Feature","properties":{"id":353,"tipo":"led","Potencia":null,"Columna":null},"geometry":{"type":"MultiPoint","coordinates":[[-58.788309999999889,-38.167928000005823,93.409554]]}},
{"type":"Feature","properties":{"id":354,"tipo":"led","Potencia":null,"Columna":null},"geometry":{"type":"MultiPoint","coordinates":[[-58.788661999999896,-38.168060000005816,93.213608]]}},
{"type":"Feature","properties":{"id":355,"tipo":"led","Potencia":null,"Columna":null},"geometry":{"type":"MultiPoint","coordinates":[[-58.78889199999989,-38.168242000005812,93.894753]]}},
{"type":"Feature","properties":{"id":356,"tipo":"led","Potencia":null,"Columna":null},"geometry":{"type":"MultiPoint","coordinates":[[-58.789126999999887,-38.168435000005822,93.894753]]}},
{"type":"Feature","properties":{"id":357,"tipo":"led","Potencia":null,"Columna":null},"geometry":{"type":"MultiPoint","coordinates":[[-58.789365999999895,-38.168637000005816,93.894753]]}},
{"type":"Feature","properties":{"id":358,"tipo":null,"Potencia":null,"Columna":null},"geometry":{"type":"MultiPoint","coordinates":[[-58.789365999999895,-38.169011000005803,93.894753]]}},
{"type":"Feature","properties":{"id":359,"tipo":null,"Potencia":null,"Columna":null},"geometry":{"type":"MultiPoint","coordinates":[[-58.789168999999887,-38.169151000005812,93.894753]]}},
{"type":"Feature","properties":{"id":360,"tipo":null,"Potencia":null,"Columna":null},"geometry":{"type":"MultiPoint","coordinates":[[-58.788923999999888,-38.169337000005825,93.894753]]}},
{"type":"Feature","properties":{"id":361,"tipo":"led","Potencia":null,"Columna":null},"geometry":{"type":"MultiPoint","coordinates":[[-58.782337999999889,-38.164551000005815,88.781532]]}},
{"type":"Feature","properties":{"id":362,"tipo":"led","Potencia":null,"Columna":null},"geometry":{"type":"MultiPoint","coordinates":[[-58.781358555200292,-38.165134622546347,146.855759]]}},
{"type":"Feature","properties":{"id":363,"tipo":"led","Potencia":null,"Columna":null},"geometry":{"type":"MultiPoint","coordinates":[[-58.781434999999895,-38.165339000005815,146.855759]]}},
{"type":"Feature","properties":{"id":364,"tipo":"led","Potencia":null,"Columna":null},"geometry":{"type":"MultiPoint","coordinates":[[-58.781740999999883,-38.165435000005814,146.855759]]}},
{"type":"Feature","properties":{"id":365,"tipo":"led","Potencia":null,"Columna":null},"geometry":{"type":"MultiPoint","coordinates":[[-58.781850999999882,-38.165671000005815,146.855759]]}},
{"type":"Feature","properties":{"id":366,"tipo":"led","Potencia":null,"Columna":null},"geometry":{"type":"MultiPoint","coordinates":[[-58.782080999999891,-38.165826000005801,146.855759]]}},
{"type":"Feature","properties":{"id":367,"tipo":"led","Potencia":null,"Columna":null},"geometry":{"type":"MultiPoint","coordinates":[[-58.782299999999893,-38.165994000005803,146.855759]]}},
{"type":"Feature","properties":{"id":368,"tipo":"led","Potencia":null,"Columna":null},"geometry":{"type":"MultiPoint","coordinates":[[-58.782567999999884,-38.166240000005814,146.855759]]}},
{"type":"Feature","properties":{"id":369,"tipo":"led","Potencia":null,"Columna":null},"geometry":{"type":"MultiPoint","coordinates":[[-58.782836999999887,-38.166447000005817,146.034653]]}},
{"type":"Feature","properties":{"id":370,"tipo":"led","Potencia":null,"Columna":null},"geometry":{"type":"MultiPoint","coordinates":[[-58.783094999999889,-38.166681000005816,146.090637]]}},
{"type":"Feature","properties":{"id":371,"tipo":"led","Potencia":null,"Columna":null},"geometry":{"type":"MultiPoint","coordinates":[[-58.783354999999887,-38.166880000005797,146.958389]]}},
{"type":"Feature","properties":{"id":372,"tipo":"led","Potencia":null,"Columna":null},"geometry":{"type":"MultiPoint","coordinates":[[-58.783695999999892,-38.167144000005813,146.351898]]}},
{"type":"Feature","properties":{"id":373,"tipo":"led","Potencia":null,"Columna":null},"geometry":{"type":"MultiPoint","coordinates":[[-58.783917999999886,-38.167368000005816,146.053314]]}},
{"type":"Feature","properties":{"id":374,"tipo":"led","Potencia":null,"Columna":null},"geometry":{"type":"MultiPoint","coordinates":[[-58.784216999999892,-38.167570000005796,146.911743]]}},
{"type":"Feature","properties":{"id":375,"tipo":"led","Potencia":null,"Columna":null},"geometry":{"type":"MultiPoint","coordinates":[[-58.784433999999884,-38.167756000005802,146.799774]]}},
{"type":"Feature","properties":{"id":376,"tipo":"led","Potencia":null,"Columna":null},"geometry":{"type":"MultiPoint","coordinates":[[-58.784730999999887,-38.168013000005821,147.11702]]}},
{"type":"Feature","properties":{"id":377,"tipo":"led","Potencia":null,"Columna":null},"geometry":{"type":"MultiPoint","coordinates":[[-58.784953999999892,-38.168233000005806,147.602219]]}},
{"type":"Feature","properties":{"id":378,"tipo":"led","Potencia":null,"Columna":null},"geometry":{"type":"MultiPoint","coordinates":[[-58.785290999999887,-38.168434000005817,142.563644]]}},
{"type":"Feature","properties":{"id":379,"tipo":null,"Potencia":150,"Columna":"alta"},"geometry":{"type":"MultiPoint","coordinates":[[-58.785532999999887,-38.168654000005802,145.801392]]}},
{"type":"Feature","properties":{"id":380,"tipo":null,"Potencia":150,"Columna":"alta"},"geometry":{"type":"MultiPoint","coordinates":[[-58.78583999999988,-38.16888300000582,146.361237]]}},
{"type":"Feature","properties":{"id":381,"tipo":null,"Potencia":150,"Columna":"alta"},"geometry":{"type":"MultiPoint","coordinates":[[-58.78610899999989,-38.169112000005804,145.717407]]}},
{"type":"Feature","properties":{"id":382,"tipo":null,"Potencia":150,"Columna":"alta"},"geometry":{"type":"MultiPoint","coordinates":[[-58.786377999999885,-38.169321000005816,145.857376]]}},
{"type":"Feature","properties":{"id":383,"tipo":null,"Potencia":null,"Columna":null},"geometry":{"type":"MultiPoint","coordinates":[[-58.786675999999893,-38.169425000005802,145.904022]]}},
{"type":"Feature","properties":{"id":384,"tipo":null,"Potencia":null,"Columna":null},"geometry":{"type":"MultiPoint","coordinates":[[-58.786909999999885,-38.169625000005809,146.445206]]}},
{"type":"Feature","properties":{"id":385,"tipo":null,"Potencia":null,"Columna":null},"geometry":{"type":"MultiPoint","coordinates":[[-58.787000999999876,-38.16987500000581,145.726746]]}},
{"type":"Feature","properties":{"id":386,"tipo":null,"Potencia":null,"Columna":null},"geometry":{"type":"MultiPoint","coordinates":[[-58.787355999999882,-38.169983000005814,145.978668]]}},
{"type":"Feature","properties":{"id":387,"tipo":null,"Potencia":null,"Columna":null},"geometry":{"type":"MultiPoint","coordinates":[[-58.787565999999885,-38.170164000005805,146.445206]]}},
{"type":"Feature","properties":{"id":388,"tipo":null,"Potencia":null,"Columna":null},"geometry":{"type":"MultiPoint","coordinates":[[-58.787920999999876,-38.169956000005818,146.445206]]}},
{"type":"Feature","properties":{"id":389,"tipo":null,"Potencia":null,"Columna":null},"geometry":{"type":"MultiPoint","coordinates":[[-58.788116999999893,-38.169804000005819,146.445206]]}},
{"type":"Feature","properties":{"id":390,"tipo":null,"Potencia":null,"Columna":null},"geometry":{"type":"MultiPoint","coordinates":[[-58.788252999999884,-38.170724000005805,146.445206]]}},
{"type":"Feature","properties":{"id":391,"tipo":null,"Potencia":null,"Columna":null},"geometry":{"type":"MultiPoint","coordinates":[[-58.787559999999885,-38.170398000005818,146.445206]]}},
{"type":"Feature","properties":{"id":392,"tipo":null,"Potencia":null,"Columna":null},"geometry":{"type":"MultiPoint","coordinates":[[-58.787052999999879,-38.170779000005815,145.344193]]}},
{"type":"Feature","properties":{"id":393,"tipo":null,"Potencia":null,"Columna":null},"geometry":{"type":"MultiPoint","coordinates":[[-58.786588999999893,-38.171133000005817,145.689423]]}},
{"type":"Feature","properties":{"id":394,"tipo":null,"Potencia":null,"Columna":null},"geometry":{"type":"MultiPoint","coordinates":[[-58.786514999999888,-38.171008000005806,145.894699]]}},
{"type":"Feature","properties":{"id":395,"tipo":null,"Potencia":null,"Columna":null},"geometry":{"type":"MultiPoint","coordinates":[[-58.786173999999889,-38.170526000005815,147.46225]]}},
{"type":"Feature","properties":{"id":396,"tipo":null,"Potencia":null,"Columna":null},"geometry":{"type":"MultiPoint","coordinates":[[-58.785822999999887,-38.170416000005808,146.986389]]}},
{"type":"Feature","properties":{"id":397,"tipo":null,"Potencia":null,"Columna":null},"geometry":{"type":"MultiPoint","coordinates":[[-58.785442999999887,-38.17010300000581,146.809097]]}},
{"type":"Feature","properties":{"id":398,"tipo":null,"Potencia":null,"Columna":null},"geometry":{"type":"MultiPoint","coordinates":[[-58.785247999999896,-38.169943000005823,147.135681]]}},
{"type":"Feature","properties":{"id":399,"tipo":null,"Potencia":null,"Columna":null},"geometry":{"type":"MultiPoint","coordinates":[[-58.785038999999884,-38.169717000005811,147.984772]]}},
{"type":"Feature","properties":{"id":400,"tipo":null,"Potencia":null,"Columna":null},"geometry":{"type":"MultiPoint","coordinates":[[-58.784869999999891,-38.169466000005812,147.527573]]}},
{"type":"Feature","properties":{"id":401,"tipo":null,"Potencia":null,"Columna":null},"geometry":{"type":"MultiPoint","coordinates":[[-58.784567999999886,-38.169285000005814,147.994095]]}},
{"type":"Feature","properties":{"id":402,"tipo":null,"Potencia":null,"Columna":null},"geometry":{"type":"MultiPoint","coordinates":[[-58.784371999999877,-38.169059000005809,148.815201]]}},
{"type":"Feature","properties":{"id":403,"tipo":null,"Potencia":null,"Columna":null},"geometry":{"type":"MultiPoint","coordinates":[[-58.783999999999885,-38.168838000005799,146.417221]]}},
{"type":"Feature","properties":{"id":404,"tipo":null,"Potencia":null,"Columna":null},"geometry":{"type":"MultiPoint","coordinates":[[-58.78372499999989,-38.168538000005796,148.619263]]}},
{"type":"Feature","properties":{"id":405,"tipo":null,"Potencia":null,"Columna":null},"geometry":{"type":"MultiPoint","coordinates":[[-58.783457999999889,-38.16840600000581,147.798157]]}},
{"type":"Feature","properties":{"id":406,"tipo":null,"Potencia":null,"Columna":null},"geometry":{"type":"MultiPoint","coordinates":[[-58.783182999999887,-38.168203000005789,147.480911]]}},
{"type":"Feature","properties":{"id":407,"tipo":null,"Potencia":null,"Columna":null},"geometry":{"type":"MultiPoint","coordinates":[[-58.782871999999891,-38.168007000005808,146.015991]]}},
{"type":"Feature","properties":{"id":408,"tipo":null,"Potencia":null,"Columna":null},"geometry":{"type":"MultiPoint","coordinates":[[-58.782655999999889,-38.167771000005807,146.435883]]}},
{"type":"Feature","properties":{"id":409,"tipo":null,"Potencia":null,"Columna":null},"geometry":{"type":"MultiPoint","coordinates":[[-58.782418999999877,-38.167531000005816,146.062653]]}},
{"type":"Feature","properties":{"id":410,"tipo":"led","Potencia":null,"Columna":null},"geometry":{"type":"MultiPoint","coordinates":[[-58.782216999999896,-38.167445000005813,148.115402]]}},
{"type":"Feature","properties":{"id":411,"tipo":"led","Potencia":null,"Columna":null},"geometry":{"type":"MultiPoint","coordinates":[[-58.781963999999888,-38.167154000005809,146.659821]]}},
{"type":"Feature","properties":{"id":412,"tipo":"led","Potencia":null,"Columna":null},"geometry":{"type":"MultiPoint","coordinates":[[-58.781680999999885,-38.167012000005812,148.050079]]}},
{"type":"Feature","properties":{"id":413,"tipo":"led","Potencia":null,"Columna":null},"geometry":{"type":"MultiPoint","coordinates":[[-58.781479999999895,-38.166748000005811,148.236694]]}},
{"type":"Feature","properties":{"id":414,"tipo":"led","Potencia":null,"Columna":null},"geometry":{"type":"MultiPoint","coordinates":[[-58.781328999999879,-38.166672000005818,147.191666]]}},
{"type":"Feature","properties":{"id":415,"tipo":"led","Potencia":null,"Columna":null},"geometry":{"type":"MultiPoint","coordinates":[[-58.781131999999893,-38.166590000005812,147.96611]]}},
{"type":"Feature","properties":{"id":416,"tipo":"led","Potencia":null,"Columna":null},"geometry":{"type":"MultiPoint","coordinates":[[-58.781008999999891,-38.166360000005817,148.320679]]}},
{"type":"Feature","properties":{"id":417,"tipo":"led","Potencia":null,"Columna":null},"geometry":{"type":"MultiPoint","coordinates":[[-58.780749999999884,-38.166235000005813,148.320679]]}},
{"type":"Feature","properties":{"id":418,"tipo":"led","Potencia":null,"Columna":null},"geometry":{"type":"MultiPoint","coordinates":[[-58.780628999999884,-38.166033000005811,148.320679]]}},
{"type":"Feature","properties":{"id":419,"tipo":"led","Potencia":null,"Columna":null},"geometry":{"type":"MultiPoint","coordinates":[[-58.780331999999881,-38.165905000005814,148.320679]]}},
{"type":"Feature","properties":{"id":420,"tipo":"led","Potencia":null,"Columna":null},"geometry":{"type":"MultiPoint","coordinates":[[-58.779352792349087,-38.166619342304976,140.678833]]}},
{"type":"Feature","properties":{"id":421,"tipo":"led","Potencia":null,"Columna":null},"geometry":{"type":"MultiPoint","coordinates":[[-58.779637999999885,-38.166750000005806,140.678833]]}},
{"type":"Feature","properties":{"id":422,"tipo":"led","Potencia":null,"Columna":null},"geometry":{"type":"MultiPoint","coordinates":[[-58.77975699999989,-38.166957000005787,140.678833]]}},
{"type":"Feature","properties":{"id":423,"tipo":"led","Potencia":null,"Columna":null},"geometry":{"type":"MultiPoint","coordinates":[[-58.780025999999879,-38.167067000005815,140.678833]]}},
{"type":"Feature","properties":{"id":424,"tipo":"led","Potencia":null,"Columna":null},"geometry":{"type":"MultiPoint","coordinates":[[-58.780148999999888,-38.167284000005814,139.624466]]}},
{"type":"Feature","properties":{"id":425,"tipo":"led 11va","Potencia":null,"Columna":null},"geometry":{"type":"MultiPoint","coordinates":[[-58.780503999999887,-38.167459000005806,140.576202]]}},
{"type":"Feature","properties":{"id":426,"tipo":"led 11va","Potencia":null,"Columna":null},"geometry":{"type":"MultiPoint","coordinates":[[-58.780723999999879,-38.167715000005813,140.333603]]}},
{"type":"Feature","properties":{"id":427,"tipo":"led 11va","Potencia":null,"Columna":null},"geometry":{"type":"MultiPoint","coordinates":[[-58.781023999999881,-38.167840000005818,141.378647]]}},
{"type":"Feature","properties":{"id":428,"tipo":"led 11va","Potencia":null,"Columna":null},"geometry":{"type":"MultiPoint","coordinates":[[-58.781216999999884,-38.168111000005815,141.257339]]}},
{"type":"Feature","properties":{"id":430,"tipo":"led 14va","Potencia":120,"Columna":"baja"},"geometry":{"type":"MultiPoint","coordinates":[[-58.781561999999887,-38.168240000005802,141.406631]]}},
{"type":"Feature","properties":{"id":432,"tipo":"led 14va","Potencia":120,"Columna":"baja"},"geometry":{"type":"MultiPoint","coordinates":[[-58.782226999999885,-38.168805000005811,142.022461]]}},
{"type":"Feature","properties":{"id":433,"tipo":null,"Potencia":120,"Columna":"baja"},"geometry":{"type":"MultiPoint","coordinates":[[-58.782474999999884,-38.169078000005818,141.798523]]}},
{"type":"Feature","properties":{"id":434,"tipo":null,"Potencia":120,"Columna":"baja"},"geometry":{"type":"MultiPoint","coordinates":[[-58.782912999999887,-38.169345000005805,142.890213]]}},
{"type":"Feature","properties":{"id":435,"tipo":null,"Potencia":120,"Columna":"baja"},"geometry":{"type":"MultiPoint","coordinates":[[-58.783062999999878,-38.169484000005816,142.488998]]}},
{"type":"Feature","properties":{"id":436,"tipo":null,"Potencia":120,"Columna":"baja"},"geometry":{"type":"MultiPoint","coordinates":[[-58.78330299999989,-38.169711000005812,143.086151]]}},
{"type":"Feature","properties":{"id":437,"tipo":null,"Potencia":null,"Columna":null},"geometry":{"type":"MultiPoint","coordinates":[[-58.783666999999888,-38.170010000005796,143.086151]]}},
{"type":"Feature","properties":{"id":438,"tipo":null,"Potencia":null,"Columna":null},"geometry":{"type":"MultiPoint","coordinates":[[-58.783898999999892,-38.170186000005813,143.086151]]}},
{"type":"Feature","properties":{"id":439,"tipo":null,"Potencia":null,"Columna":null},"geometry":{"type":"MultiPoint","coordinates":[[-58.784150999999881,-38.170370000005803,143.086151]]}},
{"type":"Feature","properties":{"id":440,"tipo":null,"Potencia":null,"Columna":null},"geometry":{"type":"MultiPoint","coordinates":[[-58.784358999999888,-38.170613000005822,143.086151]]}},
{"type":"Feature","properties":{"id":441,"tipo":null,"Potencia":null,"Columna":null},"geometry":{"type":"MultiPoint","coordinates":[[-58.784589999999888,-38.170731000005823,143.086151]]}},
{"type":"Feature","properties":{"id":442,"tipo":null,"Potencia":null,"Columna":null},"geometry":{"type":"MultiPoint","coordinates":[[-58.785060999999878,-38.17110200000581,143.086151]]}},
{"type":"Feature","properties":{"id":443,"tipo":null,"Potencia":null,"Columna":null},"geometry":{"type":"MultiPoint","coordinates":[[-58.78521099999989,-38.171227000005807,143.086151]]}},
{"type":"Feature","properties":{"id":444,"tipo":null,"Potencia":null,"Columna":null},"geometry":{"type":"MultiPoint","coordinates":[[-58.785660999999884,-38.171809000005808,137.814316]]}},
{"type":"Feature","properties":{"id":445,"tipo":null,"Potencia":null,"Columna":null},"geometry":{"type":"MultiPoint","coordinates":[[-58.784402999999884,-38.172252000005813,142.442337]]}},
{"type":"Feature","properties":{"id":446,"tipo":null,"Potencia":null,"Columna":null},"geometry":{"type":"MultiPoint","coordinates":[[-58.784249999999894,-38.172119000005821,142.806244]]}},
{"type":"Feature","properties":{"id":447,"tipo":null,"Potencia":null,"Columna":null},"geometry":{"type":"MultiPoint","coordinates":[[-58.784047999999885,-38.171961000005815,142.181076]]}},
{"type":"Feature","properties":{"id":448,"tipo":null,"Potencia":null,"Columna":null},"geometry":{"type":"MultiPoint","coordinates":[[-58.783755999999883,-38.172110000005794,142.367691]]}},
{"type":"Feature","properties":{"id":449,"tipo":null,"Potencia":null,"Columna":null},"geometry":{"type":"MultiPoint","coordinates":[[-58.783214999999885,-38.171262000005804,142.591629]]}},
{"type":"Feature","properties":{"id":450,"tipo":null,"Potencia":null,"Columna":null},"geometry":{"type":"MultiPoint","coordinates":[[-58.783026999999876,-38.170938000005812,143.06749]]}},
{"type":"Feature","properties":{"id":451,"tipo":null,"Potencia":120,"Columna":"baja"},"geometry":{"type":"MultiPoint","coordinates":[[-58.782588999999888,-38.170703000005815,143.272766]]}},
{"type":"Feature","properties":{"id":452,"tipo":null,"Potencia":120,"Columna":"baja"},"geometry":{"type":"MultiPoint","coordinates":[[-58.782264999999896,-38.170517000005795,143.338089]]}},
{"type":"Feature","properties":{"id":453,"tipo":null,"Potencia":120,"Columna":"baja"},"geometry":{"type":"MultiPoint","coordinates":[[-58.781929999999889,-38.170241000005795,143.767303]]}},
{"type":"Feature","properties":{"id":454,"tipo":null,"Potencia":120,"Columna":"baja"},"geometry":{"type":"MultiPoint","coordinates":[[-58.781722999999886,-38.170073000005807,142.955536]]}},
{"type":"Feature","properties":{"id":455,"tipo":null,"Potencia":120,"Columna":"baja"},"geometry":{"type":"MultiPoint","coordinates":[[-58.781686999999884,-38.169865000005807,142.181076]]}},
{"type":"Feature","properties":{"id":456,"tipo":null,"Potencia":120,"Columna":"baja"},"geometry":{"type":"MultiPoint","coordinates":[[-58.782004999999884,-38.169497000005805,143.244781]]}},
{"type":"Feature","properties":{"id":457,"tipo":null,"Potencia":null,"Columna":null},"geometry":{"type":"MultiPoint","coordinates":[[-58.781328999999872,-38.170438000005802,143.935257]]}},
{"type":"Feature","properties":{"id":458,"tipo":null,"Potencia":120,"Columna":"baja"},"geometry":{"type":"MultiPoint","coordinates":[[-58.781478999999891,-38.169648000005814,143.935257]]}},
{"type":"Feature","properties":{"id":459,"tipo":null,"Potencia":120,"Columna":"baja"},"geometry":{"type":"MultiPoint","coordinates":[[-58.781225999999869,-38.169458000005804,143.935257]]}},
{"type":"Feature","properties":{"id":460,"tipo":null,"Potencia":120,"Columna":"baja"},"geometry":{"type":"MultiPoint","coordinates":[[-58.780953999999888,-38.169422000005795,143.935257]]}},
{"type":"Feature","properties":{"id":461,"tipo":null,"Potencia":120,"Columna":"baja"},"geometry":{"type":"MultiPoint","coordinates":[[-58.78075899999989,-38.169097000005806,143.935257]]}},
{"type":"Feature","properties":{"id":462,"tipo":null,"Potencia":null,"Columna":null},"geometry":{"type":"MultiPoint","coordinates":[[-58.780479111230733,-38.168972552158095,143.935257]]}},
{"type":"Feature","properties":{"id":463,"tipo":"led 11va","Potencia":null,"Columna":null},"geometry":{"type":"MultiPoint","coordinates":[[-58.780369999999877,-38.16881400000581,141.789185]]}},
{"type":"Feature","properties":{"id":464,"tipo":"led 11va","Potencia":null,"Columna":null},"geometry":{"type":"MultiPoint","coordinates":[[-58.78013699999989,-38.168620000005795,143.552689]]}},
{"type":"Feature","properties":{"id":465,"tipo":"led 11va","Potencia":null,"Columna":null},"geometry":{"type":"MultiPoint","coordinates":[[-58.779857999999869,-38.168391000005805,144.812332]]}},
{"type":"Feature","properties":{"id":466,"tipo":"led 11va","Potencia":null,"Columna":null},"geometry":{"type":"MultiPoint","coordinates":[[-58.779575999999871,-38.168175000005796,144.448441]]}},
{"type":"Feature","properties":{"id":467,"tipo":"led","Potencia":null,"Columna":null},"geometry":{"type":"MultiPoint","coordinates":[[-58.779326999999888,-38.167970000005809,144.401779]]}},
{"type":"Feature","properties":{"id":468,"tipo":"led","Potencia":null,"Columna":null},"geometry":{"type":"MultiPoint","coordinates":[[-58.779137999999897,-38.167819000005807,144.812332]]}},
{"type":"Feature","properties":{"id":469,"tipo":"led","Potencia":null,"Columna":null},"geometry":{"type":"MultiPoint","coordinates":[[-58.778956999999892,-38.1676670000058,145.260208]]}},
{"type":"Feature","properties":{"id":470,"tipo":"led","Potencia":null,"Columna":null},"geometry":{"type":"MultiPoint","coordinates":[[-58.778708999999878,-38.167456000005814,144.607056]]}},
{"type":"Feature","properties":{"id":471,"tipo":"led","Potencia":null,"Columna":null},"geometry":{"type":"MultiPoint","coordinates":[[-58.778505999999886,-38.167281000005815,144.719025]]}},
{"type":"Feature","properties":{"id":472,"tipo":"led","Potencia":null,"Columna":null},"geometry":{"type":"MultiPoint","coordinates":[[-58.777466999999888,-38.168015000005795,145.204224]]}},
{"type":"Feature","properties":{"id":473,"tipo":"led","Potencia":null,"Columna":null},"geometry":{"type":"MultiPoint","coordinates":[[-58.777715999999884,-38.168142000005808,145.204224]]}},
{"type":"Feature","properties":{"id":474,"tipo":"led","Potencia":null,"Columna":null},"geometry":{"type":"MultiPoint","coordinates":[[-58.777855999999886,-38.168351000005821,143.832611]]}},
{"type":"Feature","properties":{"id":475,"tipo":"led","Potencia":null,"Columna":null},"geometry":{"type":"MultiPoint","coordinates":[[-58.778106999999878,-38.168475000005792,144.28981]]}},
{"type":"Feature","properties":{"id":476,"tipo":"led","Potencia":null,"Columna":null},"geometry":{"type":"MultiPoint","coordinates":[[-58.777355999999884,-38.169461000005796,143.655334]]}},
{"type":"Feature","properties":{"id":477,"tipo":"led","Potencia":null,"Columna":null},"geometry":{"type":"MultiPoint","coordinates":[[-58.77721399999988,-38.169229000005799,143.879272]]}},
{"type":"Feature","properties":{"id":478,"tipo":"led","Potencia":null,"Columna":null},"geometry":{"type":"MultiPoint","coordinates":[[-58.776934999999888,-38.169119000005793,144.131195]]}},
{"type":"Feature","properties":{"id":479,"tipo":"led","Potencia":null,"Columna":null},"geometry":{"type":"MultiPoint","coordinates":[[-58.776757999999887,-38.168880000005814,144.131195]]}},
{"type":"Feature","properties":{"id":480,"tipo":"led","Potencia":null,"Columna":null},"geometry":{"type":"MultiPoint","coordinates":[[-58.776567999999884,-38.1688150000058,144.131195]]}},
{"type":"Feature","properties":{"id":481,"tipo":null,"Potencia":150,"Columna":"alta"},"geometry":{"type":"MultiPoint","coordinates":[[-58.775636999999897,-38.169430000005789,144.131195]]}},
{"type":"Feature","properties":{"id":482,"tipo":null,"Potencia":150,"Columna":"alta"},"geometry":{"type":"MultiPoint","coordinates":[[-58.775839999999896,-38.169585000005789,144.131195]]}},
{"type":"Feature","properties":{"id":483,"tipo":null,"Potencia":150,"Columna":"alta"},"geometry":{"type":"MultiPoint","coordinates":[[-58.776057999999892,-38.169754000005803,144.131195]]}},
{"type":"Feature","properties":{"id":484,"tipo":null,"Potencia":150,"Columna":"alta"},"geometry":{"type":"MultiPoint","coordinates":[[-58.776256999999887,-38.169925000005804,144.131195]]}},
{"type":"Feature","properties":{"id":485,"tipo":null,"Potencia":150,"Columna":"alta"},"geometry":{"type":"MultiPoint","coordinates":[[-58.776391999999888,-38.170141000005813,144.131195]]}},
{"type":"Feature","properties":{"id":486,"tipo":null,"Potencia":120,"Columna":"baja"},"geometry":{"type":"MultiPoint","coordinates":[[-58.77677499999988,-38.170444000005816,144.131195]]}},
{"type":"Feature","properties":{"id":487,"tipo":null,"Potencia":120,"Columna":"baja"},"geometry":{"type":"MultiPoint","coordinates":[[-58.77698899999988,-38.170622000005807,144.131195]]}},
{"type":"Feature","properties":{"id":488,"tipo":null,"Potencia":120,"Columna":"baja"},"geometry":{"type":"MultiPoint","coordinates":[[-58.777205999999886,-38.170820000005797,144.131195]]}},
{"type":"Feature","properties":{"id":489,"tipo":null,"Potencia":120,"Columna":"baja"},"geometry":{"type":"MultiPoint","coordinates":[[-58.777490999999884,-38.171036000005813,144.131195]]}},
{"type":"Feature","properties":{"id":490,"tipo":"led 14va","Potencia":120,"Columna":"baja"},"geometry":{"type":"MultiPoint","coordinates":[[-58.777579999999894,-38.170801000005795,144.131195]]}},
{"type":"Feature","properties":{"id":491,"tipo":"led 14va","Potencia":120,"Columna":"baja"},"geometry":{"type":"MultiPoint","coordinates":[[-58.777870999999884,-38.170561000005819,140.632187]]}},
{"type":"Feature","properties":{"id":492,"tipo":"led 14va","Potencia":120,"Columna":"baja"},"geometry":{"type":"MultiPoint","coordinates":[[-58.77819799999989,-38.170330000005798,143.963242]]}},
{"type":"Feature","properties":{"id":493,"tipo":"led 14va","Potencia":120,"Columna":"baja"},"geometry":{"type":"MultiPoint","coordinates":[[-58.778518999999889,-38.170087000005822,145.446823]]}},
{"type":"Feature","properties":{"id":494,"tipo":"led 14va","Potencia":120,"Columna":"baja"},"geometry":{"type":"MultiPoint","coordinates":[[-58.778681999999883,-38.169952000005814,145.325531]]}},
{"type":"Feature","properties":{"id":495,"tipo":null,"Potencia":150,"Columna":"alta"},"geometry":{"type":"MultiPoint","coordinates":[[-58.778745999999884,-38.169699000005814,142.824905]]}},
{"type":"Feature","properties":{"id":496,"tipo":null,"Potencia":150,"Columna":"alta"},"geometry":{"type":"MultiPoint","coordinates":[[-58.778358999999895,-38.169464000005796,144.775009]]}},
{"type":"Feature","properties":{"id":497,"tipo":null,"Potencia":150,"Columna":"alta"},"geometry":{"type":"MultiPoint","coordinates":[[-58.778520999999884,-38.169608000005802,145.372177]]}},
{"type":"Feature","properties":{"id":498,"tipo":null,"Potencia":150,"Columna":"alta"},"geometry":{"type":"MultiPoint","coordinates":[[-58.779039999999888,-38.1696960000058,149.64563]]}},
{"type":"Feature","properties":{"id":499,"tipo":null,"Potencia":150,"Columna":"alta"},"geometry":{"type":"MultiPoint","coordinates":[[-58.779279999999886,-38.169488000005799,144.457764]]}},
{"type":"Feature","properties":{"id":500,"tipo":null,"Potencia":150,"Columna":"alta"},"geometry":{"type":"MultiPoint","coordinates":[[-58.77952599999989,-38.169314000005805,144.065887]]}},
{"type":"Feature","properties":{"id":501,"tipo":null,"Potencia":150,"Columna":"alta"},"geometry":{"type":"MultiPoint","coordinates":[[-58.779742999999897,-38.169147000005808,144.168518]]}},
{"type":"Feature","properties":{"id":502,"tipo":null,"Potencia":150,"Columna":"alta"},"geometry":{"type":"MultiPoint","coordinates":[[-58.779983999999878,-38.168962000005813,144.355133]]}},
{"type":"Feature","properties":{"id":503,"tipo":null,"Potencia":null,"Columna":null},"geometry":{"type":"MultiPoint","coordinates":[[-58.779558999999878,-38.16974000000581,142.34903]]}},
{"type":"Feature","properties":{"id":504,"tipo":null,"Potencia":null,"Columna":null},"geometry":{"type":"MultiPoint","coordinates":[[-58.780101999999893,-38.170046000005819,142.339706]]}},
{"type":"Feature","properties":{"id":505,"tipo":null,"Potencia":null,"Columna":null},"geometry":{"type":"MultiPoint","coordinates":[[-58.780256999999892,-38.17017900000581,142.339706]]}},
{"type":"Feature","properties":{"id":506,"tipo":null,"Potencia":null,"Columna":null},"geometry":{"type":"MultiPoint","coordinates":[[-58.780415999999882,-38.170312000005815,142.339706]]}},
{"type":"Feature","properties":{"id":507,"tipo":null,"Potencia":null,"Columna":null},"geometry":{"type":"MultiPoint","coordinates":[[-58.780622775798165,-38.170567452779395,142.339706]]}},
{"type":"Feature","properties":{"id":508,"tipo":null,"Potencia":120,"Columna":"baja"},"geometry":{"type":"MultiPoint","coordinates":[[-58.780727999999883,-38.170562000005809,142.339706]]}},
{"type":"Feature","properties":{"id":509,"tipo":null,"Potencia":120,"Columna":"baja"},"geometry":{"type":"MultiPoint","coordinates":[[-58.780913999999896,-38.170726000005807,142.339706]]}},
{"type":"Feature","properties":{"id":510,"tipo":null,"Potencia":120,"Columna":"baja"},"geometry":{"type":"MultiPoint","coordinates":[[-58.781053999999891,-38.171001000005809,142.339706]]}},
{"type":"Feature","properties":{"id":511,"tipo":null,"Potencia":120,"Columna":"baja"},"geometry":{"type":"MultiPoint","coordinates":[[-58.781307999999889,-38.171188000005813,142.339706]]}},
{"type":"Feature","properties":{"id":512,"tipo":null,"Potencia":null,"Columna":null},"geometry":{"type":"MultiPoint","coordinates":[[-58.781974999999889,-38.171753000005801,142.339706]]}},
{"type":"Feature","properties":{"id":513,"tipo":null,"Potencia":null,"Columna":null},"geometry":{"type":"MultiPoint","coordinates":[[-58.782216999999896,-38.171946000005796,142.339706]]}},
{"type":"Feature","properties":{"id":514,"tipo":null,"Potencia":null,"Columna":null},"geometry":{"type":"MultiPoint","coordinates":[[-58.782505999999877,-38.172002000005811,142.339706]]}},
{"type":"Feature","properties":{"id":515,"tipo":null,"Potencia":null,"Columna":null},"geometry":{"type":"MultiPoint","coordinates":[[-58.782463999999877,-38.172146000005796,142.339706]]}},
{"type":"Feature","properties":{"id":516,"tipo":null,"Potencia":null,"Columna":null},"geometry":{"type":"MultiPoint","coordinates":[[-58.782617999999886,-38.172278000005797,142.339706]]}},
{"type":"Feature","properties":{"id":517,"tipo":null,"Potencia":null,"Columna":null},"geometry":{"type":"MultiPoint","coordinates":[[-58.782925999999883,-38.172513000005821,142.339706]]}},
{"type":"Feature","properties":{"id":518,"tipo":null,"Potencia":null,"Columna":null},"geometry":{"type":"MultiPoint","coordinates":[[-58.783146999999879,-38.172696000005814,142.339706]]}},
{"type":"Feature","properties":{"id":519,"tipo":null,"Potencia":null,"Columna":null},"geometry":{"type":"MultiPoint","coordinates":[[-58.783415999999889,-38.172918000005815,142.339706]]}},
{"type":"Feature","properties":{"id":520,"tipo":null,"Potencia":null,"Columna":null},"geometry":{"type":"MultiPoint","coordinates":[[-58.78383599999988,-38.173258000005809,142.339706]]}},
{"type":"Feature","properties":{"id":521,"tipo":null,"Potencia":null,"Columna":null},"geometry":{"type":"MultiPoint","coordinates":[[-58.784222999999884,-38.173573000005817,142.339706]]}},
{"type":"Feature","properties":{"id":522,"tipo":null,"Potencia":null,"Columna":null},"geometry":{"type":"MultiPoint","coordinates":[[-58.782069999999884,-38.174610000005806,150.438736]]}},
{"type":"Feature","properties":{"id":523,"tipo":null,"Potencia":null,"Columna":null},"geometry":{"type":"MultiPoint","coordinates":[[-58.77963699999988,-38.17288900000581,141.938477]]}},
{"type":"Feature","properties":{"id":524,"tipo":null,"Potencia":null,"Columna":null},"geometry":{"type":"MultiPoint","coordinates":[[-58.779492999999874,-38.172714000005811,141.938477]]}},
{"type":"Feature","properties":{"id":525,"tipo":null,"Potencia":null,"Columna":null},"geometry":{"type":"MultiPoint","coordinates":[[-58.779289999999882,-38.17254500000579,141.938477]]}},
{"type":"Feature","properties":{"id":526,"tipo":null,"Potencia":null,"Columna":null},"geometry":{"type":"MultiPoint","coordinates":[[-58.779040999999879,-38.172333000005807,141.938477]]}},
{"type":"Feature","properties":{"id":527,"tipo":null,"Potencia":null,"Columna":null},"geometry":{"type":"MultiPoint","coordinates":[[-58.778829999999886,-38.172168000005819,141.938477]]}},
{"type":"Feature","properties":{"id":528,"tipo":null,"Potencia":null,"Columna":null},"geometry":{"type":"MultiPoint","coordinates":[[-58.778576999999892,-38.17196200000582,141.938477]]}},
{"type":"Feature","properties":{"id":529,"tipo":null,"Potencia":null,"Columna":null},"geometry":{"type":"MultiPoint","coordinates":[[-58.778165999999878,-38.171628000005796,141.938477]]}},
{"type":"Feature","properties":{"id":530,"tipo":null,"Potencia":null,"Columna":null},"geometry":{"type":"MultiPoint","coordinates":[[-58.776801999999897,-38.171965000005805,144.961624]]}},
{"type":"Feature","properties":{"id":531,"tipo":null,"Potencia":null,"Columna":null},"geometry":{"type":"MultiPoint","coordinates":[[-58.776992999999877,-38.172162000005798,141.164032]]}},
{"type":"Feature","properties":{"id":532,"tipo":null,"Potencia":null,"Columna":null},"geometry":{"type":"MultiPoint","coordinates":[[-58.777347999999876,-38.172427000005804,141.845169]]}},
{"type":"Feature","properties":{"id":533,"tipo":null,"Potencia":null,"Columna":null},"geometry":{"type":"MultiPoint","coordinates":[[-58.777593999999887,-38.172628000005808,142.563644]]}},
{"type":"Feature","properties":{"id":534,"tipo":null,"Potencia":null,"Columna":null},"geometry":{"type":"MultiPoint","coordinates":[[-58.777932999999891,-38.172907000005814,141.733215]]}},
{"type":"Feature","properties":{"id":535,"tipo":null,"Potencia":null,"Columna":null},"geometry":{"type":"MultiPoint","coordinates":[[-58.778149999999883,-38.173085000005813,141.733215]]}},
{"type":"Feature","properties":{"id":536,"tipo":null,"Potencia":null,"Columna":null},"geometry":{"type":"MultiPoint","coordinates":[[-58.778397999999896,-38.173272000005788,141.733215]]}},
{"type":"Feature","properties":{"id":537,"tipo":null,"Potencia":null,"Columna":null},"geometry":{"type":"MultiPoint","coordinates":[[-58.778636999999883,-38.173471000005812,141.733215]]}},
{"type":"Feature","properties":{"id":538,"tipo":null,"Potencia":null,"Columna":null},"geometry":{"type":"MultiPoint","coordinates":[[-58.777810999999886,-38.174196000005807,141.733215]]}},
{"type":"Feature","properties":{"id":539,"tipo":null,"Potencia":null,"Columna":null},"geometry":{"type":"MultiPoint","coordinates":[[-58.777553999999888,-38.173976000005801,141.733215]]}},
{"type":"Feature","properties":{"id":540,"tipo":null,"Potencia":null,"Columna":null},"geometry":{"type":"MultiPoint","coordinates":[[-58.777247999999886,-38.173734000005808,141.733215]]}},
{"type":"Feature","properties":{"id":541,"tipo":null,"Potencia":null,"Columna":null},"geometry":{"type":"MultiPoint","coordinates":[[-58.776937999999888,-38.173486000005802,141.733215]]}},
{"type":"Feature","properties":{"id":542,"tipo":null,"Potencia":null,"Columna":null},"geometry":{"type":"MultiPoint","coordinates":[[-58.776721999999886,-38.173303000005802,141.733215]]}},
{"type":"Feature","properties":{"id":543,"tipo":null,"Potencia":null,"Columna":null},"geometry":{"type":"MultiPoint","coordinates":[[-58.776465999999878,-38.173082000005806,141.733215]]}},
{"type":"Feature","properties":{"id":544,"tipo":null,"Potencia":null,"Columna":null},"geometry":{"type":"MultiPoint","coordinates":[[-58.776235999999884,-38.173034000005799,141.733215]]}},
{"type":"Feature","properties":{"id":545,"tipo":null,"Potencia":null,"Columna":null},"geometry":{"type":"MultiPoint","coordinates":[[-58.776194999999888,-38.172871000005799,141.733215]]}},
{"type":"Feature","properties":{"id":546,"tipo":null,"Potencia":null,"Columna":null},"geometry":{"type":"MultiPoint","coordinates":[[-58.775968999999897,-38.172680000005812,141.733215]]}},
{"type":"Feature","properties":{"id":547,"tipo":null,"Potencia":120,"Columna":"baja"},"geometry":{"type":"MultiPoint","coordinates":[[-58.775571999999876,-38.172473000005809,141.742538]]}},
{"type":"Feature","properties":{"id":548,"tipo":null,"Potencia":120,"Columna":"baja"},"geometry":{"type":"MultiPoint","coordinates":[[-58.775358999999874,-38.172288000005807,141.742538]]}},
{"type":"Feature","properties":{"id":549,"tipo":null,"Potencia":120,"Columna":"baja"},"geometry":{"type":"MultiPoint","coordinates":[[-58.775099999999895,-38.172076000005788,141.742538]]}},
{"type":"Feature","properties":{"id":550,"tipo":null,"Potencia":120,"Columna":"baja"},"geometry":{"type":"MultiPoint","coordinates":[[-58.774836999999884,-38.171873000005796,141.742538]]}},
{"type":"Feature","properties":{"id":551,"tipo":null,"Potencia":120,"Columna":"baja"},"geometry":{"type":"MultiPoint","coordinates":[[-58.774622999999877,-38.171583000005796,141.742538]]}},
{"type":"Feature","properties":{"id":552,"tipo":null,"Potencia":120,"Columna":"baja"},"geometry":{"type":"MultiPoint","coordinates":[[-58.774245999999891,-38.171381000005788,141.742538]]}},
{"type":"Feature","properties":{"id":553,"tipo":null,"Potencia":120,"Columna":"baja"},"geometry":{"type":"MultiPoint","coordinates":[[-58.774050999999879,-38.171215000005795,141.742538]]}},
{"type":"Feature","properties":{"id":554,"tipo":null,"Potencia":120,"Columna":"baja"},"geometry":{"type":"MultiPoint","coordinates":[[-58.773883999999882,-38.17107900000579,141.742538]]}},
{"type":"Feature","properties":{"id":555,"tipo":null,"Potencia":120,"Columna":"baja"},"geometry":{"type":"MultiPoint","coordinates":[[-58.773681999999887,-38.170913000005797,141.742538]]}},
{"type":"Feature","properties":{"id":556,"tipo":null,"Potencia":150,"Columna":"alta"},"geometry":{"type":"MultiPoint","coordinates":[[-58.774504999999884,-38.1702250000058,141.733215]]}},
{"type":"Feature","properties":{"id":557,"tipo":null,"Potencia":150,"Columna":"alta"},"geometry":{"type":"MultiPoint","coordinates":[[-58.774855999999886,-38.170309000005794,141.733215]]}},
{"type":"Feature","properties":{"id":558,"tipo":null,"Potencia":150,"Columna":"alta"},"geometry":{"type":"MultiPoint","coordinates":[[-58.774974999999884,-38.170479000005791,141.733215]]}},
{"type":"Feature","properties":{"id":559,"tipo":null,"Potencia":150,"Columna":"alta"},"geometry":{"type":"MultiPoint","coordinates":[[-58.775296999999888,-38.17064000000579,141.733215]]}},
{"type":"Feature","properties":{"id":560,"tipo":null,"Potencia":150,"Columna":"alta"},"geometry":{"type":"MultiPoint","coordinates":[[-58.775429999999886,-38.170835000005795,141.733215]]}},
{"type":"Feature","properties":{"id":561,"tipo":null,"Potencia":120,"Columna":"baja"},"geometry":{"type":"MultiPoint","coordinates":[[-58.775690999999888,-38.171062000005797,141.733215]]}},
{"type":"Feature","properties":{"id":562,"tipo":null,"Potencia":120,"Columna":"baja"},"geometry":{"type":"MultiPoint","coordinates":[[-58.775904999999881,-38.171252000005808,141.733215]]}},
{"type":"Feature","properties":{"id":563,"tipo":null,"Potencia":120,"Columna":"baja"},"geometry":{"type":"MultiPoint","coordinates":[[-58.776107999999887,-38.171413000005792,141.733215]]}},
{"type":"Feature","properties":{"id":564,"tipo":null,"Potencia":120,"Columna":"baja"},"geometry":{"type":"MultiPoint","coordinates":[[-58.776314999999876,-38.171580000005804,141.733215]]}},
{"type":"Feature","properties":{"id":565,"tipo":null,"Potencia":120,"Columna":"baja"},"geometry":{"type":"MultiPoint","coordinates":[[-58.776531999999897,-38.171768000005784,141.733215]]}},
{"type":"Feature","properties":{"id":566,"tipo":"led 14va","Potencia":120,"Columna":"baja"},"geometry":{"type":"MultiPoint","coordinates":[[-58.777854999999882,-38.16981000000581,212.478516]]}},
{"type":"Feature","properties":{"id":567,"tipo":"led 14va","Potencia":120,"Columna":"baja"},"geometry":{"type":"MultiPoint","coordinates":[[-58.778231999999889,-38.170051000005799,212.478516]]}},
{"type":"Feature","properties":{"id":568,"tipo":null,"Potencia":null,"Columna":null},"geometry":{"type":"MultiPoint","coordinates":[[-58.773786999999871,-38.171973000005806,208.708908]]}},
{"type":"Feature","properties":{"id":569,"tipo":null,"Potencia":null,"Columna":null},"geometry":{"type":"MultiPoint","coordinates":[[-58.774674999999895,-38.173238000005789,208.708908]]}},
{"type":"Feature","properties":{"id":570,"tipo":null,"Potencia":null,"Columna":null},"geometry":{"type":"MultiPoint","coordinates":[[-58.774913999999882,-38.17339500000579,208.708908]]}},
{"type":"Feature","properties":{"id":571,"tipo":null,"Potencia":null,"Columna":null},"geometry":{"type":"MultiPoint","coordinates":[[-58.775147999999895,-38.173584000005789,208.708908]]}},
{"type":"Feature","properties":{"id":572,"tipo":null,"Potencia":null,"Columna":null},"geometry":{"type":"MultiPoint","coordinates":[[-58.775366999999896,-38.173765000005808,208.708908]]}},
{"type":"Feature","properties":{"id":573,"tipo":null,"Potencia":null,"Columna":null},"geometry":{"type":"MultiPoint","coordinates":[[-58.775601999999886,-38.173953000005795,208.186401]]}},
{"type":"Feature","properties":{"id":574,"tipo":null,"Potencia":null,"Columna":null},"geometry":{"type":"MultiPoint","coordinates":[[-58.776209999999878,-38.174306000005807,207.094711]]}},
{"type":"Feature","properties":{"id":575,"tipo":null,"Potencia":null,"Columna":null},"geometry":{"type":"MultiPoint","coordinates":[[-58.776337999999889,-38.174582000005799,208.382339]]}},
{"type":"Feature","properties":{"id":576,"tipo":null,"Potencia":null,"Columna":null},"geometry":{"type":"MultiPoint","coordinates":[[-58.776372999999893,-38.175977000005794,207.719864]]}},
{"type":"Feature","properties":{"id":577,"tipo":null,"Potencia":null,"Columna":null},"geometry":{"type":"MultiPoint","coordinates":[[-58.776516999999885,-38.1761520000058,207.719864]]}},
{"type":"Feature","properties":{"id":578,"tipo":null,"Potencia":null,"Columna":null},"geometry":{"type":"MultiPoint","coordinates":[[-58.776800999999892,-38.176293000005799,207.719864]]}},
{"type":"Feature","properties":{"id":579,"tipo":null,"Potencia":null,"Columna":null},"geometry":{"type":"MultiPoint","coordinates":[[-58.777028999999885,-38.176550000005797,207.719864]]}},
{"type":"Feature","properties":{"id":580,"tipo":null,"Potencia":null,"Columna":null},"geometry":{"type":"MultiPoint","coordinates":[[-58.777423999999883,-38.176798000005789,207.719864]]}},
{"type":"Feature","properties":{"id":581,"tipo":null,"Potencia":null,"Columna":null},"geometry":{"type":"MultiPoint","coordinates":[[-58.777592999999889,-38.177005000005799,207.719864]]}},
{"type":"Feature","properties":{"id":582,"tipo":null,"Potencia":null,"Columna":null},"geometry":{"type":"MultiPoint","coordinates":[[-58.777895999999885,-38.177171000005806,207.719864]]}},
{"type":"Feature","properties":{"id":583,"tipo":null,"Potencia":null,"Columna":null},"geometry":{"type":"MultiPoint","coordinates":[[-58.778164342320657,-38.177500544503161,207.719864]]}},
{"type":"Feature","properties":{"id":584,"tipo":null,"Potencia":null,"Columna":null},"geometry":{"type":"MultiPoint","coordinates":[[-58.778406999999895,-38.177768000005798,207.719864]]}},
{"type":"Feature","properties":{"id":585,"tipo":null,"Potencia":null,"Columna":null},"geometry":{"type":"MultiPoint","coordinates":[[-58.778673999999889,-38.177905000005808,207.710526]]}},
{"type":"Feature","properties":{"id":586,"tipo":null,"Potencia":null,"Columna":null},"geometry":{"type":"MultiPoint","coordinates":[[-58.778859999999874,-38.178140000005797,207.710526]]}},
{"type":"Feature","properties":{"id":587,"tipo":null,"Potencia":null,"Columna":null},"geometry":{"type":"MultiPoint","coordinates":[[-58.779191999999888,-38.178343000005789,207.710526]]}},
{"type":"Feature","properties":{"id":588,"tipo":null,"Potencia":null,"Columna":null},"geometry":{"type":"MultiPoint","coordinates":[[-58.779492999999889,-38.178656000005802,207.710526]]}},
{"type":"Feature","properties":{"id":589,"tipo":null,"Potencia":null,"Columna":null},"geometry":{"type":"MultiPoint","coordinates":[[-58.779733999999884,-38.178770000005805,207.710526]]}},
{"type":"Feature","properties":{"id":590,"tipo":null,"Potencia":null,"Columna":null},"geometry":{"type":"MultiPoint","coordinates":[[-58.779934999999888,-38.179003000005793,207.710526]]}},
{"type":"Feature","properties":{"id":591,"tipo":null,"Potencia":null,"Columna":null},"geometry":{"type":"MultiPoint","coordinates":[[-58.780264999999886,-38.179205000005808,207.710526]]}},
{"type":"Feature","properties":{"id":592,"tipo":null,"Potencia":null,"Columna":null},"geometry":{"type":"MultiPoint","coordinates":[[-58.77775599999989,-38.177725000005807,208.186401]]}},
{"type":"Feature","properties":{"id":593,"tipo":null,"Potencia":null,"Columna":null},"geometry":{"type":"MultiPoint","coordinates":[[-58.777182999999887,-38.178149000005781,205.247223]]}},
{"type":"Feature","properties":{"id":594,"tipo":null,"Potencia":null,"Columna":null},"geometry":{"type":"MultiPoint","coordinates":[[-58.776318999999894,-38.178810000005804,206.786789]]}},
{"type":"Feature","properties":{"id":595,"tipo":null,"Potencia":null,"Columna":null},"geometry":{"type":"MultiPoint","coordinates":[[-58.775344999999874,-38.178082000005794,207.477264]]}},
{"type":"Feature","properties":{"id":596,"tipo":null,"Potencia":null,"Columna":null},"geometry":{"type":"MultiPoint","coordinates":[[-58.775503999999891,-38.1777110000058,207.449265]]}},
{"type":"Feature","properties":{"id":597,"tipo":null,"Potencia":null,"Columna":null},"geometry":{"type":"MultiPoint","coordinates":[[-58.77571299999989,-38.177577000005797,208.121078]]}},
{"type":"Feature","properties":{"id":598,"tipo":null,"Potencia":null,"Columna":null},"geometry":{"type":"MultiPoint","coordinates":[[-58.775973999999891,-38.177299000005796,208.624939]]}},
{"type":"Feature","properties":{"id":599,"tipo":null,"Potencia":null,"Columna":null},"geometry":{"type":"MultiPoint","coordinates":[[-58.776308999999877,-38.177126000005799,207.495926]]}},
{"type":"Feature","properties":{"id":600,"tipo":null,"Potencia":null,"Columna":null},"geometry":{"type":"MultiPoint","coordinates":[[-58.776544999999885,-38.176911000005795,207.495926]]}},
{"type":"Feature","properties":{"id":601,"tipo":null,"Potencia":null,"Columna":null},"geometry":{"type":"MultiPoint","coordinates":[[-58.776714999999896,-38.176777000005806,207.495926]]}},
{"type":"Feature","properties":{"id":602,"tipo":null,"Potencia":null,"Columna":null},"geometry":{"type":"MultiPoint","coordinates":[[-58.775603999999888,-38.176983000005812,204.985962]]}},
{"type":"Feature","properties":{"id":603,"tipo":null,"Potencia":null,"Columna":null},"geometry":{"type":"MultiPoint","coordinates":[[-58.775423999999887,-38.176658000005801,206.30159]]}},
{"type":"Feature","properties":{"id":604,"tipo":null,"Potencia":null,"Columna":null},"geometry":{"type":"MultiPoint","coordinates":[[-58.774938999999897,-38.176293000005799,208.960846]]}},
{"type":"Feature","properties":{"id":605,"tipo":null,"Potencia":null,"Columna":null},"geometry":{"type":"MultiPoint","coordinates":[[-58.774707999999883,-38.176100000005789,206.142975]]}},
{"type":"Feature","properties":{"id":606,"tipo":null,"Potencia":null,"Columna":null},"geometry":{"type":"MultiPoint","coordinates":[[-58.77445499999989,-38.175894000005805,206.404236]]}},
{"type":"Feature","properties":{"id":607,"tipo":null,"Potencia":null,"Columna":null},"geometry":{"type":"MultiPoint","coordinates":[[-58.774158999999891,-38.175667000005788,206.46022]]}},
{"type":"Feature","properties":{"id":608,"tipo":null,"Potencia":null,"Columna":null},"geometry":{"type":"MultiPoint","coordinates":[[-58.773922999999868,-38.175673000005808,205.349869]]}},
{"type":"Feature","properties":{"id":609,"tipo":null,"Potencia":null,"Columna":null},"geometry":{"type":"MultiPoint","coordinates":[[-58.773654999999877,-38.175890000005808,205.937698]]}},
{"type":"Feature","properties":{"id":610,"tipo":null,"Potencia":null,"Columna":null},"geometry":{"type":"MultiPoint","coordinates":[[-58.773400999999879,-38.176086000005796,205.517822]]}},
{"type":"Feature","properties":{"id":611,"tipo":null,"Potencia":null,"Columna":null},"geometry":{"type":"MultiPoint","coordinates":[[-58.773224999999883,-38.176363000005807,206.880096]]}},
{"type":"Feature","properties":{"id":612,"tipo":null,"Potencia":null,"Columna":null},"geometry":{"type":"MultiPoint","coordinates":[[-58.77351699999987,-38.176586000005784,205.807068]]}},
{"type":"Feature","properties":{"id":613,"tipo":null,"Potencia":null,"Columna":null},"geometry":{"type":"MultiPoint","coordinates":[[-58.77375699999989,-38.176775000005797,207.188004]]}},
{"type":"Feature","properties":{"id":614,"tipo":null,"Potencia":null,"Columna":null},"geometry":{"type":"MultiPoint","coordinates":[[-58.774014999999878,-38.177003000005804,206.637497]]}},
{"type":"Feature","properties":{"id":615,"tipo":null,"Potencia":null,"Columna":null},"geometry":{"type":"MultiPoint","coordinates":[[-58.774391999999878,-38.177328000005801,205.275223]]}},
{"type":"Feature","properties":{"id":616,"tipo":null,"Potencia":null,"Columna":null},"geometry":{"type":"MultiPoint","coordinates":[[-58.774549999999884,-38.177448000005796,206.656158]]}},
{"type":"Feature","properties":{"id":617,"tipo":null,"Potencia":null,"Columna":null},"geometry":{"type":"MultiPoint","coordinates":[[-58.774771999999885,-38.177616000005784,206.656158]]}},
{"type":"Feature","properties":{"id":618,"tipo":null,"Potencia":null,"Columna":null},"geometry":{"type":"MultiPoint","coordinates":[[-58.774954999999878,-38.177806000005795,203.940933]]}},
{"type":"Feature","properties":{"id":619,"tipo":null,"Potencia":null,"Columna":null},"geometry":{"type":"MultiPoint","coordinates":[[-58.774239999999892,-38.17713800000579,204.388809]]}},
{"type":"Feature","properties":{"id":620,"tipo":null,"Potencia":null,"Columna":null},"geometry":{"type":"MultiPoint","coordinates":[[-58.774345999999888,-38.176938000005805,205.088608]]}},
{"type":"Feature","properties":{"id":621,"tipo":null,"Potencia":null,"Columna":null},"geometry":{"type":"MultiPoint","coordinates":[[-58.774694999999873,-38.176757000005807,205.181915]]}},
{"type":"Feature","properties":{"id":622,"tipo":null,"Potencia":null,"Columna":null},"geometry":{"type":"MultiPoint","coordinates":[[-58.775000999999882,-38.17653300000579,205.181915]]}},
{"type":"Feature","properties":{"id":623,"tipo":null,"Potencia":null,"Columna":null},"geometry":{"type":"MultiPoint","coordinates":[[-58.77528999999987,-38.176218000005797,205.181915]]}},
{"type":"Feature","properties":{"id":624,"tipo":null,"Potencia":null,"Columna":null},"geometry":{"type":"MultiPoint","coordinates":[[-58.775612999999886,-38.176064000005802,205.181915]]}},
{"type":"Feature","properties":{"id":625,"tipo":null,"Potencia":null,"Columna":null},"geometry":{"type":"MultiPoint","coordinates":[[-58.775787999999878,-38.175834000005793,205.181915]]}},
{"type":"Feature","properties":{"id":626,"tipo":null,"Potencia":null,"Columna":null},"geometry":{"type":"MultiPoint","coordinates":[[-58.775319999999887,-38.175342000005806,205.181915]]}},
{"type":"Feature","properties":{"id":627,"tipo":null,"Potencia":null,"Columna":null},"geometry":{"type":"MultiPoint","coordinates":[[-58.775069999999893,-38.175516000005793,205.181915]]}},
{"type":"Feature","properties":{"id":628,"tipo":null,"Potencia":null,"Columna":null},"geometry":{"type":"MultiPoint","coordinates":[[-58.77487799999988,-38.175700000005797,205.181915]]}},
{"type":"Feature","properties":{"id":629,"tipo":null,"Potencia":null,"Columna":null},"geometry":{"type":"MultiPoint","coordinates":[[-58.774590999999894,-38.175884000005802,205.181915]]}},
{"type":"Feature","properties":{"id":630,"tipo":null,"Potencia":null,"Columna":null},"geometry":{"type":"MultiPoint","coordinates":[[-58.774239999999892,-38.176190000005789,205.181915]]}},
{"type":"Feature","properties":{"id":631,"tipo":null,"Potencia":null,"Columna":null},"geometry":{"type":"MultiPoint","coordinates":[[-58.773979999999895,-38.176380000005807,205.181915]]}},
{"type":"Feature","properties":{"id":632,"tipo":null,"Potencia":null,"Columna":null},"geometry":{"type":"MultiPoint","coordinates":[[-58.773692999999881,-38.176529000005793,205.181915]]}},
{"type":"Feature","properties":{"id":633,"tipo":null,"Potencia":null,"Columna":null},"geometry":{"type":"MultiPoint","coordinates":[[-58.774115999999886,-38.175526000005796,205.181915]]}},
{"type":"Feature","properties":{"id":634,"tipo":null,"Potencia":null,"Columna":null},"geometry":{"type":"MultiPoint","coordinates":[[-58.774368999999894,-38.175344000005808,200.404602]]}},
{"type":"Feature","properties":{"id":635,"tipo":null,"Potencia":null,"Columna":null},"geometry":{"type":"MultiPoint","coordinates":[[-58.774618999999888,-38.175152000005788,204.752701]]}},
{"type":"Feature","properties":{"id":636,"tipo":null,"Potencia":null,"Columna":null},"geometry":{"type":"MultiPoint","coordinates":[[-58.774858999999886,-38.174971000005797,204.556763]]}},
{"type":"Feature","properties":{"id":637,"tipo":null,"Potencia":null,"Columna":null},"geometry":{"type":"MultiPoint","coordinates":[[-58.774259999999884,-38.175103000005798,204.192856]]}},
{"type":"Feature","properties":{"id":638,"tipo":null,"Potencia":null,"Columna":null},"geometry":{"type":"MultiPoint","coordinates":[[-58.774058999999887,-38.17492600000579,205.331207]]}},
{"type":"Feature","properties":{"id":639,"tipo":null,"Potencia":null,"Columna":null},"geometry":{"type":"MultiPoint","coordinates":[[-58.77386399999989,-38.174959000005799,205.163254]]}},
{"type":"Feature","properties":{"id":640,"tipo":null,"Potencia":null,"Columna":null},"geometry":{"type":"MultiPoint","coordinates":[[-58.77360199999989,-38.175179000005798,204.762024]]}},
{"type":"Feature","properties":{"id":641,"tipo":null,"Potencia":null,"Columna":null},"geometry":{"type":"MultiPoint","coordinates":[[-58.771087999999871,-38.176203000005792,204.603409]]}},
{"type":"Feature","properties":{"id":642,"tipo":null,"Potencia":null,"Columna":null},"geometry":{"type":"MultiPoint","coordinates":[[-58.771349999999892,-38.175961000005792,204.603409]]}},
{"type":"Feature","properties":{"id":643,"tipo":null,"Potencia":null,"Columna":null},"geometry":{"type":"MultiPoint","coordinates":[[-58.771642999999891,-38.175716000005792,204.603409]]}},
{"type":"Feature","properties":{"id":644,"tipo":null,"Potencia":null,"Columna":null},"geometry":{"type":"MultiPoint","coordinates":[[-58.771903999999893,-38.175522000005799,201.757553]]}},
{"type":"Feature","properties":{"id":645,"tipo":null,"Potencia":null,"Columna":null},"geometry":{"type":"MultiPoint","coordinates":[[-58.772148999999878,-38.1753300000058,203.119827]]}},
{"type":"Feature","properties":{"id":646,"tipo":null,"Potencia":null,"Columna":null},"geometry":{"type":"MultiPoint","coordinates":[[-58.772379999999877,-38.175158000005815,202.06546]]}},
{"type":"Feature","properties":{"id":647,"tipo":null,"Potencia":null,"Columna":null},"geometry":{"type":"MultiPoint","coordinates":[[-58.772620999999887,-38.174980000005803,200.899124]]}},
{"type":"Feature","properties":{"id":648,"tipo":null,"Potencia":null,"Columna":null},"geometry":{"type":"MultiPoint","coordinates":[[-58.772867999999889,-38.174794000005789,202.112122]]}},
{"type":"Feature","properties":{"id":649,"tipo":null,"Potencia":null,"Columna":null},"geometry":{"type":"MultiPoint","coordinates":[[-58.773079999999887,-38.174632000005815,203.297119]]}},
{"type":"Feature","properties":{"id":650,"tipo":null,"Potencia":null,"Columna":null},"geometry":{"type":"MultiPoint","coordinates":[[-58.773314999999883,-38.174450000005791,202.373367]]}},
{"type":"Feature","properties":{"id":651,"tipo":null,"Potencia":null,"Columna":null},"geometry":{"type":"MultiPoint","coordinates":[[-58.77351199999989,-38.174295000005806,201.869522]]}},
{"type":"Feature","properties":{"id":652,"tipo":"led","Potencia":null,"Columna":null},"geometry":{"type":"MultiPoint","coordinates":[[-58.775936999999885,-38.175638000005804,205.452499]]}},
{"type":"Feature","properties":{"id":653,"tipo":"led","Potencia":null,"Columna":null},"geometry":{"type":"MultiPoint","coordinates":[[-58.775676999999888,-38.175420000005808,201.337662]]}},
{"type":"Feature","properties":{"id":654,"tipo":"led","Potencia":null,"Columna":null},"geometry":{"type":"MultiPoint","coordinates":[[-58.775496999999888,-38.1752740000058,201.337662]]}},
{"type":"Feature","properties":{"id":655,"tipo":"led","Potencia":null,"Columna":null},"geometry":{"type":"MultiPoint","coordinates":[[-58.775250999999884,-38.175066000005806,201.337662]]}},
{"type":"Feature","properties":{"id":656,"tipo":"led","Potencia":null,"Columna":null},"geometry":{"type":"MultiPoint","coordinates":[[-58.775036999999884,-38.174893000005781,201.337662]]}},
{"type":"Feature","properties":{"id":657,"tipo":"led","Potencia":null,"Columna":null},"geometry":{"type":"MultiPoint","coordinates":[[-58.774738999999876,-38.174649000005815,201.337662]]}},
{"type":"Feature","properties":{"id":658,"tipo":"led","Potencia":null,"Columna":null},"geometry":{"type":"MultiPoint","coordinates":[[-58.774484999999878,-38.174450000005784,201.337662]]}},
{"type":"Feature","properties":{"id":659,"tipo":"led","Potencia":null,"Columna":null},"geometry":{"type":"MultiPoint","coordinates":[[-58.774269999999881,-38.174258000005814,201.822861]]}},
{"type":"Feature","properties":{"id":660,"tipo":"led","Potencia":null,"Columna":null},"geometry":{"type":"MultiPoint","coordinates":[[-58.774021999999881,-38.174055000005794,201.18837]]}},
{"type":"Feature","properties":{"id":661,"tipo":"led","Potencia":null,"Columna":null},"geometry":{"type":"MultiPoint","coordinates":[[-58.773763999999879,-38.173861000005807,201.944168]]}},
{"type":"Feature","properties":{"id":662,"tipo":"led","Potencia":null,"Columna":null},"geometry":{"type":"MultiPoint","coordinates":[[-58.773538999999879,-38.173665000005798,201.440308]]}},
{"type":"Feature","properties":{"id":663,"tipo":"led","Potencia":null,"Columna":null},"geometry":{"type":"MultiPoint","coordinates":[[-58.773353999999884,-38.173511000005796,201.981491]]}},
{"type":"Feature","properties":{"id":664,"tipo":"led","Potencia":null,"Columna":null},"geometry":{"type":"MultiPoint","coordinates":[[-58.772962999999869,-38.173192000005791,203.605026]]}},
{"type":"Feature","properties":{"id":665,"tipo":"led","Potencia":null,"Columna":null},"geometry":{"type":"MultiPoint","coordinates":[[-58.772752999999874,-38.17301300000581,201.449631]]}},
{"type":"Feature","properties":{"id":666,"tipo":"led","Potencia":null,"Columna":null},"geometry":{"type":"MultiPoint","coordinates":[[-58.772570999999878,-38.172870000005801,202.522659]]}},
{"type":"Feature","properties":{"id":667,"tipo":"led","Potencia":null,"Columna":null},"geometry":{"type":"MultiPoint","coordinates":[[-58.772333999999873,-38.172683000005783,202.522659]]}},
{"type":"Feature","properties":{"id":668,"tipo":"led","Potencia":null,"Columna":null},"geometry":{"type":"MultiPoint","coordinates":[[-58.772111999999886,-38.172495000005789,202.522659]]}},
{"type":"Feature","properties":{"id":669,"tipo":"led","Potencia":null,"Columna":null},"geometry":{"type":"MultiPoint","coordinates":[[-58.771909999999892,-38.172325000005792,202.522659]]}},
{"type":"Feature","properties":{"id":670,"tipo":"led","Potencia":null,"Columna":null},"geometry":{"type":"MultiPoint","coordinates":[[-58.78383499999989,-38.164322000005811,176.602005]]}},
{"type":"Feature","properties":{"id":671,"tipo":"led","Potencia":null,"Columna":null},"geometry":{"type":"MultiPoint","coordinates":[[-58.783643999999889,-38.16411400000581,176.602005]]}},
{"type":"Feature","properties":{"id":672,"tipo":"led","Potencia":null,"Columna":null},"geometry":{"type":"MultiPoint","coordinates":[[-58.78341399999988,-38.163884000005808,176.602005]]}},
{"type":"Feature","properties":{"id":673,"tipo":"led","Potencia":null,"Columna":null},"geometry":{"type":"MultiPoint","coordinates":[[-58.783141999999884,-38.163649000005805,176.602005]]}},
{"type":"Feature","properties":{"id":674,"tipo":"led","Potencia":null,"Columna":null},"geometry":{"type":"MultiPoint","coordinates":[[-58.782711999999876,-38.163285000005821,178.141571]]}},
{"type":"Feature","properties":{"id":675,"tipo":"led","Potencia":null,"Columna":null},"geometry":{"type":"MultiPoint","coordinates":[[-58.782377999999895,-38.163090000005809,178.141571]]}},
{"type":"Feature","properties":{"id":676,"tipo":"led","Potencia":null,"Columna":null},"geometry":{"type":"MultiPoint","coordinates":[[-58.782075999999897,-38.162853000005825,178.141571]]}},
{"type":"Feature","properties":{"id":677,"tipo":"led","Potencia":null,"Columna":null},"geometry":{"type":"MultiPoint","coordinates":[[-58.781779999999884,-38.162620000005795,178.141571]]}},
{"type":"Feature","properties":{"id":678,"tipo":"led","Potencia":null,"Columna":null},"geometry":{"type":"MultiPoint","coordinates":[[-58.781480999999886,-38.162426000005823,180.427582]]}},
{"type":"Feature","properties":{"id":679,"tipo":"led","Potencia":null,"Columna":null},"geometry":{"type":"MultiPoint","coordinates":[[-58.781147999999888,-38.16215600000583,180.632858]]}},
{"type":"Feature","properties":{"id":680,"tipo":"led","Potencia":null,"Columna":null},"geometry":{"type":"MultiPoint","coordinates":[[-58.78085299999988,-38.161885000005789,180.726166]]}},
{"type":"Feature","properties":{"id":681,"tipo":"led","Potencia":null,"Columna":null},"geometry":{"type":"MultiPoint","coordinates":[[-58.780575999999897,-38.161633000005814,180.623535]]}},
{"type":"Feature","properties":{"id":682,"tipo":"led","Potencia":null,"Columna":null},"geometry":{"type":"MultiPoint","coordinates":[[-58.78027199999989,-38.161371000005801,180.623535]]}},
{"type":"Feature","properties":{"id":683,"tipo":"led","Potencia":null,"Columna":null},"geometry":{"type":"MultiPoint","coordinates":[[-58.779935999999879,-38.161113000005805,180.623535]]}},
{"type":"Feature","properties":{"id":684,"tipo":"led","Potencia":null,"Columna":null},"geometry":{"type":"MultiPoint","coordinates":[[-58.779627999999889,-38.160862000005814,180.623535]]}},
{"type":"Feature","properties":{"id":685,"tipo":"led","Potencia":null,"Columna":null},"geometry":{"type":"MultiPoint","coordinates":[[-58.779339999999877,-38.160627000005803,176.723297]]}},
{"type":"Feature","properties":{"id":686,"tipo":"led","Potencia":null,"Columna":null},"geometry":{"type":"MultiPoint","coordinates":[[-58.779007999999891,-38.160367000005806,179.634476]]}},
{"type":"Feature","properties":{"id":687,"tipo":"led","Potencia":null,"Columna":null},"geometry":{"type":"MultiPoint","coordinates":[[-58.778732999999882,-38.160120000005804,180.194321]]}},
{"type":"Feature","properties":{"id":688,"tipo":"led","Potencia":null,"Columna":null},"geometry":{"type":"MultiPoint","coordinates":[[-58.778407999999885,-38.159893000005802,179.615814]]}},
{"type":"Feature","properties":{"id":689,"tipo":"led","Potencia":null,"Columna":null},"geometry":{"type":"MultiPoint","coordinates":[[-58.778125999999887,-38.159676000005796,180.474243]]}},
{"type":"Feature","properties":{"id":690,"tipo":"led","Potencia":null,"Columna":null},"geometry":{"type":"MultiPoint","coordinates":[[-58.777767999999874,-38.15935500000581,180.045029]]}},
{"type":"Feature","properties":{"id":691,"tipo":"led","Potencia":null,"Columna":null},"geometry":{"type":"MultiPoint","coordinates":[[-58.77748599999989,-38.159128000005815,180.483566]]}},
{"type":"Feature","properties":{"id":692,"tipo":"led","Potencia":null,"Columna":null},"geometry":{"type":"MultiPoint","coordinates":[[-58.777180999999892,-38.158890000005805,180.483566]]}},
{"type":"Feature","properties":{"id":693,"tipo":"led","Potencia":null,"Columna":null},"geometry":{"type":"MultiPoint","coordinates":[[-58.776835999999889,-38.158583000005812,180.483566]]}},
{"type":"Feature","properties":{"id":694,"tipo":"led","Potencia":null,"Columna":null},"geometry":{"type":"MultiPoint","coordinates":[[-58.775923999999897,-38.157859000005814,180.483566]]}},
{"type":"Feature","properties":{"id":695,"tipo":"led","Potencia":null,"Columna":null},"geometry":{"type":"MultiPoint","coordinates":[[-58.775624999999884,-38.157602000005802,180.483566]]}},
{"type":"Feature","properties":{"id":696,"tipo":"led","Potencia":null,"Columna":null},"geometry":{"type":"MultiPoint","coordinates":[[-58.775307999999875,-38.1573440000058,179.326569]]}},
{"type":"Feature","properties":{"id":697,"tipo":"led","Potencia":null,"Columna":null},"geometry":{"type":"MultiPoint","coordinates":[[-58.775060999999894,-38.157134000005804,180.43692]]}},
{"type":"Feature","properties":{"id":698,"tipo":"led","Potencia":null,"Columna":null},"geometry":{"type":"MultiPoint","coordinates":[[-58.774730999999889,-38.156875000005812,179.905075]]}},
{"type":"Feature","properties":{"id":699,"tipo":"led","Potencia":null,"Columna":null},"geometry":{"type":"MultiPoint","coordinates":[[-58.774440999999882,-38.156666000005814,179.671799]]}},
{"type":"Feature","properties":{"id":700,"tipo":null,"Potencia":null,"Columna":null},"geometry":{"type":"MultiPoint","coordinates":[[-58.774348999999887,-38.156680000005807,180.474243]]}},
{"type":"Feature","properties":{"id":701,"tipo":null,"Potencia":null,"Columna":null},"geometry":{"type":"MultiPoint","coordinates":[[-58.774023999999891,-38.156874000005807,177.040543]]}},
{"type":"Feature","properties":{"id":702,"tipo":null,"Potencia":null,"Columna":null},"geometry":{"type":"MultiPoint","coordinates":[[-58.773816999999873,-38.157013000005804,177.040543]]}},
{"type":"Feature","properties":{"id":703,"tipo":null,"Potencia":null,"Columna":null},"geometry":{"type":"MultiPoint","coordinates":[[-58.77351199999989,-38.15722900000582,180.156998]]}},
{"type":"Feature","properties":{"id":704,"tipo":null,"Potencia":null,"Columna":null},"geometry":{"type":"MultiPoint","coordinates":[[-58.773354999999889,-38.157342000005805,179.709122]]}},
{"type":"Feature","properties":{"id":705,"tipo":null,"Potencia":null,"Columna":null},"geometry":{"type":"MultiPoint","coordinates":[[-58.773018999999884,-38.157605000005802,178.925339]]}},
{"type":"Feature","properties":{"id":706,"tipo":null,"Potencia":null,"Columna":null},"geometry":{"type":"MultiPoint","coordinates":[[-58.772600999999874,-38.157941000005792,179.223923]]}},
{"type":"Feature","properties":{"id":707,"tipo":null,"Potencia":null,"Columna":null},"geometry":{"type":"MultiPoint","coordinates":[[-58.772422999999897,-38.158074000005797,179.447861]]}},
{"type":"Feature","properties":{"id":708,"tipo":null,"Potencia":null,"Columna":null},"geometry":{"type":"MultiPoint","coordinates":[[-58.772062999999882,-38.158327000005798,180.380936]]}},
{"type":"Feature","properties":{"id":709,"tipo":null,"Potencia":null,"Columna":null},"geometry":{"type":"MultiPoint","coordinates":[[-58.771683999999887,-38.158623000005804,180.06369]]}},
{"type":"Feature","properties":{"id":710,"tipo":null,"Potencia":null,"Columna":null},"geometry":{"type":"MultiPoint","coordinates":[[-58.770080999999884,-38.159852000005792,180.06369]]}},
{"type":"Feature","properties":{"id":711,"tipo":null,"Potencia":null,"Columna":null},"geometry":{"type":"MultiPoint","coordinates":[[-58.770849999999882,-38.15965900000581,180.06369]]}},
{"type":"Feature","properties":{"id":712,"tipo":null,"Potencia":null,"Columna":null},"geometry":{"type":"MultiPoint","coordinates":[[-58.77119699999988,-38.159804000005813,180.06369]]}},
{"type":"Feature","properties":{"id":713,"tipo":null,"Potencia":null,"Columna":null},"geometry":{"type":"MultiPoint","coordinates":[[-58.771450999999871,-38.160172000005794,180.06369]]}},
{"type":"Feature","properties":{"id":714,"tipo":null,"Potencia":null,"Columna":null},"geometry":{"type":"MultiPoint","coordinates":[[-58.769906999999897,-38.161675000005793,180.06369]]}},
{"type":"Feature","properties":{"id":715,"tipo":null,"Potencia":null,"Columna":null},"geometry":{"type":"MultiPoint","coordinates":[[-58.770152999999887,-38.161505000005796,180.06369]]}},
{"type":"Feature","properties":{"id":716,"tipo":null,"Potencia":null,"Columna":null},"geometry":{"type":"MultiPoint","coordinates":[[-58.770386999999886,-38.161322000005804,180.06369]]}},
{"type":"Feature","properties":{"id":717,"tipo":null,"Potencia":null,"Columna":null},"geometry":{"type":"MultiPoint","coordinates":[[-58.770623999999877,-38.161135000005807,180.06369]]}},
{"type":"Feature","properties":{"id":718,"tipo":null,"Potencia":null,"Columna":null},"geometry":{"type":"MultiPoint","coordinates":[[-58.771145999999874,-38.160573000005805,180.06369]]}},
{"type":"Feature","properties":{"id":719,"tipo":null,"Potencia":null,"Columna":null},"geometry":{"type":"MultiPoint","coordinates":[[-58.772084999999869,-38.160017000005794,180.06369]]}},
{"type":"Feature","properties":{"id":720,"tipo":null,"Potencia":null,"Columna":null},"geometry":{"type":"MultiPoint","coordinates":[[-58.772788999999889,-38.159471000005816,180.06369]]}},
{"type":"Feature","properties":{"id":721,"tipo":null,"Potencia":null,"Columna":null},"geometry":{"type":"MultiPoint","coordinates":[[-58.772929999999889,-38.159237000005803,180.06369]]}},
{"type":"Feature","properties":{"id":722,"tipo":null,"Potencia":null,"Columna":null},"geometry":{"type":"MultiPoint","coordinates":[[-58.773210999999897,-38.159140000005813,180.06369]]}},
{"type":"Feature","properties":{"id":723,"tipo":null,"Potencia":null,"Columna":null},"geometry":{"type":"MultiPoint","coordinates":[[-58.773414999999872,-38.158886000005808,180.06369]]}},
{"type":"Feature","properties":{"id":724,"tipo":null,"Potencia":null,"Columna":null},"geometry":{"type":"MultiPoint","coordinates":[[-58.773668999999884,-38.158822000005806,179.429199]]}},
{"type":"Feature","properties":{"id":725,"tipo":null,"Potencia":null,"Columna":null},"geometry":{"type":"MultiPoint","coordinates":[[-58.773915999999879,-38.158646000005803,177.348465]]}},
{"type":"Feature","properties":{"id":726,"tipo":null,"Potencia":null,"Columna":null},"geometry":{"type":"MultiPoint","coordinates":[[-58.774178999999876,-38.158449000005788,177.348465]]}},
{"type":"Feature","properties":{"id":727,"tipo":"led 15va","Potencia":150,"Columna":"alta"},"geometry":{"type":"MultiPoint","coordinates":[[-58.774674999999881,-38.158027000005816,179.466522]]}},
{"type":"Feature","properties":{"id":728,"tipo":"led 15va","Potencia":150,"Columna":"alta"},"geometry":{"type":"MultiPoint","coordinates":[[-58.774852999999887,-38.157776000005796,179.942398]]}},
{"type":"Feature","properties":{"id":729,"tipo":"led 15va","Potencia":150,"Columna":"alta"},"geometry":{"type":"MultiPoint","coordinates":[[-58.775135999999883,-38.157668000005806,179.942398]]}},
{"type":"Feature","properties":{"id":730,"tipo":"led 15va","Potencia":150,"Columna":"alta"},"geometry":{"type":"MultiPoint","coordinates":[[-58.775267999999883,-38.157454000005806,179.942398]]}},
{"type":"Feature","properties":{"id":731,"tipo":"led 15va","Potencia":120,"Columna":"baja"},"geometry":{"type":"MultiPoint","coordinates":[[-58.773568999999881,-38.157376000005812,179.942398]]}},
{"type":"Feature","properties":{"id":732,"tipo":"led 15va","Potencia":120,"Columna":"baja"},"geometry":{"type":"MultiPoint","coordinates":[[-58.773794999999886,-38.157616000005795,179.989044]]}},
{"type":"Feature","properties":{"id":733,"tipo":null,"Potencia":null,"Columna":null},"geometry":{"type":"MultiPoint","coordinates":[[-58.773993999999888,-38.15761300000581,176.583344]]}},
{"type":"Feature","properties":{"id":734,"tipo":"led 15va","Potencia":120,"Columna":"baja"},"geometry":{"type":"MultiPoint","coordinates":[[-58.774045999999878,-38.157810000005796,181.136719]]}},
{"type":"Feature","properties":{"id":735,"tipo":"led 15va","Potencia":120,"Columna":"baja"},"geometry":{"type":"MultiPoint","coordinates":[[-58.774306999999887,-38.158049000005796,180.175659]]}},
{"type":"Feature","properties":{"id":736,"tipo":"led 15va","Potencia":150,"Columna":"alta"},"geometry":{"type":"MultiPoint","coordinates":[[-58.774555999999883,-38.158234000005805,180.987427]]}},
{"type":"Feature","properties":{"id":737,"tipo":"led 15va","Potencia":150,"Columna":"alta"},"geometry":{"type":"MultiPoint","coordinates":[[-58.774783999999869,-38.158395000005804,180.987427]]}},
{"type":"Feature","properties":{"id":738,"tipo":"led 15va","Potencia":150,"Columna":"alta"},"geometry":{"type":"MultiPoint","coordinates":[[-58.775084999999883,-38.158648000005797,180.987427]]}},
{"type":"Feature","properties":{"id":739,"tipo":"led 15va","Potencia":150,"Columna":"alta"},"geometry":{"type":"MultiPoint","coordinates":[[-58.775387999999886,-38.158907000005811,180.987427]]}},
{"type":"Feature","properties":{"id":740,"tipo":null,"Potencia":null,"Columna":"alta"},"geometry":{"type":"MultiPoint","coordinates":[[-58.775636999999897,-38.159122000005823,180.987427]]}},
{"type":"Feature","properties":{"id":741,"tipo":"led 15va","Potencia":150,"Columna":"alta"},"geometry":{"type":"MultiPoint","coordinates":[[-58.775946999999874,-38.1593620000058,180.987427]]}},
{"type":"Feature","properties":{"id":742,"tipo":null,"Potencia":null,"Columna":"alta"},"geometry":{"type":"MultiPoint","coordinates":[[-58.776198999999892,-38.159551000005798,180.987427]]}},
{"type":"Feature","properties":{"id":743,"tipo":"led 15va","Potencia":150,"Columna":"alta"},"geometry":{"type":"MultiPoint","coordinates":[[-58.776481999999888,-38.159788000005811,177.460434]]}},
{"type":"Feature","properties":{"id":748,"tipo":"led 11va","Potencia":null,"Columna":null},"geometry":{"type":"MultiPoint","coordinates":[[-58.77772799999989,-38.160820000005813,180.828812]]}},
{"type":"Feature","properties":{"id":749,"tipo":"led 11va","Potencia":null,"Columna":null},"geometry":{"type":"MultiPoint","coordinates":[[-58.777974999999891,-38.161019000005808,181.696564]]}},
{"type":"Feature","properties":{"id":750,"tipo":"led 11va","Potencia":null,"Columna":null},"geometry":{"type":"MultiPoint","coordinates":[[-58.778257999999887,-38.161210000005816,180.595535]]}},
{"type":"Feature","properties":{"id":751,"tipo":"led 11va","Potencia":null,"Columna":null},"geometry":{"type":"MultiPoint","coordinates":[[-58.77859399999987,-38.161505000005803,180.595535]]}},
{"type":"Feature","properties":{"id":752,"tipo":"led","Potencia":null,"Columna":null},"geometry":{"type":"MultiPoint","coordinates":[[-58.779052999999891,-38.161739000005817,180.595535]]}},
{"type":"Feature","properties":{"id":753,"tipo":"led","Potencia":null,"Columna":null},"geometry":{"type":"MultiPoint","coordinates":[[-58.779177999999888,-38.1619820000058,180.595535]]}},
{"type":"Feature","properties":{"id":754,"tipo":"led","Potencia":null,"Columna":null},"geometry":{"type":"MultiPoint","coordinates":[[-58.779448999999893,-38.162077000005809,180.595535]]}},
{"type":"Feature","properties":{"id":755,"tipo":"led","Potencia":null,"Columna":null},"geometry":{"type":"MultiPoint","coordinates":[[-58.779574999999895,-38.162275000005806,180.595535]]}},
{"type":"Feature","properties":{"id":756,"tipo":"led","Potencia":null,"Columna":null},"geometry":{"type":"MultiPoint","coordinates":[[-58.780106999999887,-38.162633000005805,180.595535]]}},
{"type":"Feature","properties":{"id":757,"tipo":"led","Potencia":null,"Columna":null},"geometry":{"type":"MultiPoint","coordinates":[[-58.780231999999884,-38.162880000005806,180.595535]]}},
{"type":"Feature","properties":{"id":758,"tipo":"led","Potencia":null,"Columna":null},"geometry":{"type":"MultiPoint","coordinates":[[-58.780485999999897,-38.162935000005795,180.595535]]}},
{"type":"Feature","properties":{"id":759,"tipo":"led","Potencia":null,"Columna":null},"geometry":{"type":"MultiPoint","coordinates":[[-58.780625999999884,-38.163164000005814,180.595535]]}},
{"type":"Feature","properties":{"id":760,"tipo":"led","Potencia":null,"Columna":null},"geometry":{"type":"MultiPoint","coordinates":[[-58.781168999999885,-38.163491000005813,180.595535]]}},
{"type":"Feature","properties":{"id":761,"tipo":"led","Potencia":null,"Columna":null},"geometry":{"type":"MultiPoint","coordinates":[[-58.781175999999888,-38.163655000005811,180.595535]]}},
{"type":"Feature","properties":{"id":762,"tipo":"led","Potencia":null,"Columna":null},"geometry":{"type":"MultiPoint","coordinates":[[-58.78148899999988,-38.16373700000581,180.595535]]}},
{"type":"Feature","properties":{"id":763,"tipo":"led","Potencia":null,"Columna":null},"geometry":{"type":"MultiPoint","coordinates":[[-58.781596999999884,-38.163915000005815,180.595535]]}},
{"type":"Feature","properties":{"id":764,"tipo":"led","Potencia":null,"Columna":null},"geometry":{"type":"MultiPoint","coordinates":[[-58.781760999999882,-38.163974000005823,180.595535]]}},
{"type":"Feature","properties":{"id":765,"tipo":"led","Potencia":null,"Columna":null},"geometry":{"type":"MultiPoint","coordinates":[[-58.776543999999895,-38.158350000005818,180.483566]]}},
{"type":"Feature","properties":{"id":766,"tipo":"led","Potencia":null,"Columna":null},"geometry":{"type":"MultiPoint","coordinates":[[-58.776249999999884,-38.158119000005811,180.483566]]}},
{"type":"Feature","properties":{"id":767,"tipo":"led","Potencia":null,"Columna":null},"geometry":{"type":"MultiPoint","coordinates":[[-58.780937999999885,-38.164784000005795,116.885574]]}},
{"type":"Feature","properties":{"id":768,"tipo":"led","Potencia":null,"Columna":null},"geometry":{"type":"MultiPoint","coordinates":[[-58.780654999999889,-38.16473500000582,116.885574]]}},
{"type":"Feature","properties":{"id":769,"tipo":"led","Potencia":null,"Columna":null},"geometry":{"type":"MultiPoint","coordinates":[[-58.780515999999885,-38.164497000005809,116.885574]]}},
{"type":"Feature","properties":{"id":770,"tipo":"led","Potencia":null,"Columna":null},"geometry":{"type":"MultiPoint","coordinates":[[-58.780234999999884,-38.164395000005804,116.885574]]}},
{"type":"Feature","properties":{"id":771,"tipo":"led","Potencia":null,"Columna":null},"geometry":{"type":"MultiPoint","coordinates":[[-58.780184999999889,-38.164149000005807,116.167114]]}},
{"type":"Feature","properties":{"id":772,"tipo":"led","Potencia":null,"Columna":null},"geometry":{"type":"MultiPoint","coordinates":[[-58.779779999999889,-38.164002000005816,114.179672]]}},
{"type":"Feature","properties":{"id":773,"tipo":"led","Potencia":null,"Columna":null},"geometry":{"type":"MultiPoint","coordinates":[[-58.779629999999884,-38.163778000005799,114.179672]]}},
{"type":"Feature","properties":{"id":774,"tipo":"led","Potencia":null,"Columna":null},"geometry":{"type":"MultiPoint","coordinates":[[-58.779341999999886,-38.163638000005818,114.179672]]}},
{"type":"Feature","properties":{"id":775,"tipo":"led","Potencia":null,"Columna":null},"geometry":{"type":"MultiPoint","coordinates":[[-58.779141999999887,-38.163325000005813,114.179672]]}},
{"type":"Feature","properties":{"id":776,"tipo":"led","Potencia":null,"Columna":null},"geometry":{"type":"MultiPoint","coordinates":[[-58.778794999999889,-38.163170000005799,115.168732]]}},
{"type":"Feature","properties":{"id":777,"tipo":"led","Potencia":null,"Columna":null},"geometry":{"type":"MultiPoint","coordinates":[[-58.778573999999878,-38.162884000005796,112.574799]]}},
{"type":"Feature","properties":{"id":778,"tipo":"led","Potencia":null,"Columna":null},"geometry":{"type":"MultiPoint","coordinates":[[-58.778219999999877,-38.162701000005796,112.742752]]}},
{"type":"Feature","properties":{"id":779,"tipo":"led","Potencia":null,"Columna":null},"geometry":{"type":"MultiPoint","coordinates":[[-58.778002999999885,-38.162436000005805,112.789406]]}},
{"type":"Feature","properties":{"id":780,"tipo":null,"Potencia":null,"Columna":null},"geometry":{"type":"MultiPoint","coordinates":[[-58.777833999999892,-38.162351000005806,112.070938]]}},
{"type":"Feature","properties":{"id":781,"tipo":"led","Potencia":null,"Columna":null},"geometry":{"type":"MultiPoint","coordinates":[[-58.777685999999889,-38.162284000005798,112.304207]]}},
{"type":"Feature","properties":{"id":782,"tipo":"led","Potencia":null,"Columna":null},"geometry":{"type":"MultiPoint","coordinates":[[-58.777484999999885,-38.162019000005813,113.19062]]}},
{"type":"Feature","properties":{"id":783,"tipo":"led","Potencia":null,"Columna":null},"geometry":{"type":"MultiPoint","coordinates":[[-58.777134999999888,-38.161837000005804,112.621452]]}},
{"type":"Feature","properties":{"id":784,"tipo":"led","Potencia":null,"Columna":null},"geometry":{"type":"MultiPoint","coordinates":[[-58.776905999999883,-38.161537000005815,113.022667]]}},
{"type":"Feature","properties":{"id":785,"tipo":null,"Potencia":null,"Columna":null},"geometry":{"type":"MultiPoint","coordinates":[[-58.776565999999889,-38.161378000005818,113.134636]]}},
{"type":"Feature","properties":{"id":786,"tipo":null,"Potencia":null,"Columna":null},"geometry":{"type":"MultiPoint","coordinates":[[-58.776340999999888,-38.161071000005812,113.050659]]}},
{"type":"Feature","properties":{"id":787,"tipo":null,"Potencia":null,"Columna":null},"geometry":{"type":"MultiPoint","coordinates":[[-58.776017999999887,-38.160909000005809,111.277832]]}},
{"type":"Feature","properties":{"id":788,"tipo":null,"Potencia":null,"Columna":null},"geometry":{"type":"MultiPoint","coordinates":[[-58.775837999999872,-38.160663000005798,112.882706]]}},
{"type":"Feature","properties":{"id":789,"tipo":null,"Potencia":null,"Columna":null},"geometry":{"type":"MultiPoint","coordinates":[[-58.775540999999883,-38.160531000005804,112.882706]]}},
{"type":"Feature","properties":{"id":790,"tipo":null,"Potencia":null,"Columna":null},"geometry":{"type":"MultiPoint","coordinates":[[-58.775345999999885,-38.160256000005816,112.882706]]}},
{"type":"Feature","properties":{"id":791,"tipo":null,"Potencia":null,"Columna":null},"geometry":{"type":"MultiPoint","coordinates":[[-58.775012999999895,-38.160088000005807,112.882706]]}},
{"type":"Feature","properties":{"id":792,"tipo":null,"Potencia":null,"Columna":null},"geometry":{"type":"MultiPoint","coordinates":[[-58.774767999999895,-38.159782000005812,111.902985]]}},
{"type":"Feature","properties":{"id":793,"tipo":null,"Potencia":null,"Columna":null},"geometry":{"type":"MultiPoint","coordinates":[[-58.774487999999877,-38.15965600000581,112.182907]]}},
{"type":"Feature","properties":{"id":794,"tipo":null,"Potencia":null,"Columna":null},"geometry":{"type":"MultiPoint","coordinates":[[-58.774312999999886,-38.159531000005806,112.248222]]}},
{"type":"Feature","properties":{"id":795,"tipo":null,"Potencia":null,"Columna":null},"geometry":{"type":"MultiPoint","coordinates":[[-58.774146999999878,-38.1594040000058,112.276215]]}},
{"type":"Feature","properties":{"id":796,"tipo":null,"Potencia":null,"Columna":null},"geometry":{"type":"MultiPoint","coordinates":[[-58.773930999999877,-38.15921700000581,110.568695]]}},
{"type":"Feature","properties":{"id":797,"tipo":null,"Potencia":null,"Columna":null},"geometry":{"type":"MultiPoint","coordinates":[[-58.773770999999883,-38.159101000005805,112.518814]]}},
{"type":"Feature","properties":{"id":798,"tipo":null,"Potencia":null,"Columna":null},"geometry":{"type":"MultiPoint","coordinates":[[-58.773603999999885,-38.158954000005807,113.255936]]}},
{"type":"Feature","properties":{"id":799,"tipo":null,"Potencia":null,"Columna":null},"geometry":{"type":"MultiPoint","coordinates":[[-58.773434999999886,-38.158809000005796,112.434837]]}},
{"type":"Feature","properties":{"id":800,"tipo":null,"Potencia":null,"Columna":null},"geometry":{"type":"MultiPoint","coordinates":[[-58.773205999999888,-38.158619000005807,112.574799]]}},
{"type":"Feature","properties":{"id":801,"tipo":null,"Potencia":null,"Columna":null},"geometry":{"type":"MultiPoint","coordinates":[[-58.772884999999889,-38.158368000005815,113.358574]]}},
{"type":"Feature","properties":{"id":802,"tipo":null,"Potencia":null,"Columna":null},"geometry":{"type":"MultiPoint","coordinates":[[-58.772657999999879,-38.158188000005808,113.358574]]}},
{"type":"Feature","properties":{"id":803,"tipo":null,"Potencia":null,"Columna":null},"geometry":{"type":"MultiPoint","coordinates":[[-58.771787999999887,-38.158822000005806,113.358574]]}},
{"type":"Feature","properties":{"id":804,"tipo":null,"Potencia":null,"Columna":null},"geometry":{"type":"MultiPoint","coordinates":[[-58.771988999999884,-38.158972000005789,113.358574]]}},
{"type":"Feature","properties":{"id":805,"tipo":null,"Potencia":null,"Columna":null},"geometry":{"type":"MultiPoint","coordinates":[[-58.77222699999988,-38.159017000005804,110.671333]]}},
{"type":"Feature","properties":{"id":806,"tipo":null,"Potencia":null,"Columna":null},"geometry":{"type":"MultiPoint","coordinates":[[-58.772402999999876,-38.158796000005808,112.528145]]}},
{"type":"Feature","properties":{"id":807,"tipo":null,"Potencia":null,"Columna":null},"geometry":{"type":"MultiPoint","coordinates":[[-58.772701999999889,-38.158673000005798,112.360191]]}},
{"type":"Feature","properties":{"id":808,"tipo":null,"Potencia":null,"Columna":null},"geometry":{"type":"MultiPoint","coordinates":[[-58.772867999999889,-38.1584500000058,112.929359]]}},
{"type":"Feature","properties":{"id":809,"tipo":null,"Potencia":null,"Columna":null},"geometry":{"type":"MultiPoint","coordinates":[[-58.772207999999871,-38.159180000005811,112.397514]]}},
{"type":"Feature","properties":{"id":810,"tipo":null,"Potencia":null,"Columna":null},"geometry":{"type":"MultiPoint","coordinates":[[-58.772464999999883,-38.159383000005811,112.397514]]}},
{"type":"Feature","properties":{"id":811,"tipo":null,"Potencia":null,"Columna":null},"geometry":{"type":"MultiPoint","coordinates":[[-58.772692999999869,-38.159561000005816,112.397514]]}},
{"type":"Feature","properties":{"id":812,"tipo":null,"Potencia":null,"Columna":null},"geometry":{"type":"MultiPoint","coordinates":[[-58.772944999999886,-38.159773000005814,113.498535]]}},
{"type":"Feature","properties":{"id":813,"tipo":null,"Potencia":null,"Columna":null},"geometry":{"type":"MultiPoint","coordinates":[[-58.773195999999871,-38.159874000005814,112.154915]]}},
{"type":"Feature","properties":{"id":814,"tipo":null,"Potencia":null,"Columna":null},"geometry":{"type":"MultiPoint","coordinates":[[-58.773537999999888,-38.1597360000058,113.004005]]}},
{"type":"Feature","properties":{"id":815,"tipo":null,"Potencia":null,"Columna":null},"geometry":{"type":"MultiPoint","coordinates":[[-58.773652999999882,-38.159550000005794,111.212517]]}},
{"type":"Feature","properties":{"id":816,"tipo":null,"Potencia":null,"Columna":null},"geometry":{"type":"MultiPoint","coordinates":[[-58.773995999999883,-38.159404000005814,113.255936]]}},
{"type":"Feature","properties":{"id":817,"tipo":null,"Potencia":null,"Columna":null},"geometry":{"type":"MultiPoint","coordinates":[[-58.773251999999893,-38.160044000005797,113.255936]]}},
{"type":"Feature","properties":{"id":818,"tipo":null,"Potencia":null,"Columna":null},"geometry":{"type":"MultiPoint","coordinates":[[-58.773491999999884,-38.160227000005804,113.255936]]}},
{"type":"Feature","properties":{"id":819,"tipo":null,"Potencia":null,"Columna":null},"geometry":{"type":"MultiPoint","coordinates":[[-58.773714999999889,-38.160308000005813,113.255936]]}},
{"type":"Feature","properties":{"id":820,"tipo":null,"Potencia":null,"Columna":null},"geometry":{"type":"MultiPoint","coordinates":[[-58.773966999999878,-38.160120000005804,113.255936]]}},
{"type":"Feature","properties":{"id":821,"tipo":null,"Potencia":null,"Columna":null},"geometry":{"type":"MultiPoint","coordinates":[[-58.774173999999874,-38.159976000005791,113.255936]]}},
{"type":"Feature","properties":{"id":822,"tipo":null,"Potencia":null,"Columna":null},"geometry":{"type":"MultiPoint","coordinates":[[-58.774446999999881,-38.159762000005799,113.246605]]}},
{"type":"Feature","properties":{"id":823,"tipo":null,"Potencia":null,"Columna":null},"geometry":{"type":"MultiPoint","coordinates":[[-58.774737999999878,-38.159687000005817,113.246605]]}},
{"type":"Feature","properties":{"id":824,"tipo":null,"Potencia":null,"Columna":null},"geometry":{"type":"MultiPoint","coordinates":[[-58.775016999999885,-38.15947900000581,113.246605]]}},
{"type":"Feature","properties":{"id":825,"tipo":"led 15va","Potencia":150,"Columna":"alta"},"geometry":{"type":"MultiPoint","coordinates":[[-58.775740999999883,-38.158904000005798,113.246605]]}},
{"type":"Feature","properties":{"id":826,"tipo":"led 15va","Potencia":150,"Columna":"alta"},"geometry":{"type":"MultiPoint","coordinates":[[-58.775914999999884,-38.158651000005804,113.246605]]}},
{"type":"Feature","properties":{"id":827,"tipo":"led 15va","Potencia":150,"Columna":"alta"},"geometry":{"type":"MultiPoint","coordinates":[[-58.776197999999887,-38.158551000005801,113.246605]]}},
{"type":"Feature","properties":{"id":828,"tipo":"led 15va","Potencia":150,"Columna":"alta"},"geometry":{"type":"MultiPoint","coordinates":[[-58.776335999999887,-38.158346000005807,113.246605]]}},
{"type":"Feature","properties":{"id":829,"tipo":"led 15va","Potencia":150,"Columna":"alta"},"geometry":{"type":"MultiPoint","coordinates":[[-58.777448999999883,-38.159278000005806,113.43322]]}},
{"type":"Feature","properties":{"id":830,"tipo":"led 15va","Potencia":150,"Columna":"alta"},"geometry":{"type":"MultiPoint","coordinates":[[-58.777180999999892,-38.159403000005803,112.985344]]}},
{"type":"Feature","properties":{"id":831,"tipo":"led 15va","Potencia":150,"Columna":"alta"},"geometry":{"type":"MultiPoint","coordinates":[[-58.776974999999894,-38.159637000005802,112.453499]]}},
{"type":"Feature","properties":{"id":832,"tipo":"led 15va","Potencia":150,"Columna":"alta"},"geometry":{"type":"MultiPoint","coordinates":[[-58.776727999999885,-38.159709000005805,111.389801]]}},
{"type":"Feature","properties":{"id":833,"tipo":null,"Potencia":null,"Columna":null},"geometry":{"type":"MultiPoint","coordinates":[[-58.776519999999884,-38.159969000005809,112.80806]]}},
{"type":"Feature","properties":{"id":1,"tipo":null,"Potencia":null,"Columna":null},"geometry":{"type":"MultiPoint","coordinates":[[-58.776213999999882,-38.160078000005811,112.238892]]}},
{"type":"Feature","properties":{"id":835,"tipo":null,"Potencia":null,"Columna":null},"geometry":{"type":"MultiPoint","coordinates":[[-58.776007999999884,-38.160339000005813,112.164246]]}},
{"type":"Feature","properties":{"id":836,"tipo":null,"Potencia":null,"Columna":null},"geometry":{"type":"MultiPoint","coordinates":[[-58.775780999999888,-38.1604480000058,112.248222]]}},
{"type":"Feature","properties":{"id":837,"tipo":null,"Potencia":null,"Columna":null},"geometry":{"type":"MultiPoint","coordinates":[[-58.775521999999881,-38.160647000005802,114.450264]]}},
{"type":"Feature","properties":{"id":838,"tipo":null,"Potencia":null,"Columna":null},"geometry":{"type":"MultiPoint","coordinates":[[-58.775307999999889,-38.160810000005803,113.909088]]}},
{"type":"Feature","properties":{"id":839,"tipo":null,"Potencia":null,"Columna":null},"geometry":{"type":"MultiPoint","coordinates":[[-58.775075999999878,-38.161002000005809,113.227943]]}},
{"type":"Feature","properties":{"id":840,"tipo":null,"Potencia":null,"Columna":null},"geometry":{"type":"MultiPoint","coordinates":[[-58.77485999999989,-38.161159000005796,112.322868]]}},
{"type":"Feature","properties":{"id":841,"tipo":null,"Potencia":null,"Columna":null},"geometry":{"type":"MultiPoint","coordinates":[[-58.774567999999888,-38.161366000005799,112.910698]]}},
{"type":"Feature","properties":{"id":842,"tipo":null,"Potencia":null,"Columna":null},"geometry":{"type":"MultiPoint","coordinates":[[-58.774341999999891,-38.161530000005804,112.444168]]}},
{"type":"Feature","properties":{"id":843,"tipo":null,"Potencia":null,"Columna":null},"geometry":{"type":"MultiPoint","coordinates":[[-58.774118999999885,-38.161691000005796,112.444168]]}},
{"type":"Feature","properties":{"id":844,"tipo":null,"Potencia":null,"Columna":null},"geometry":{"type":"MultiPoint","coordinates":[[-58.773901999999893,-38.161868000005811,112.369522]]}},
{"type":"Feature","properties":{"id":845,"tipo":null,"Potencia":null,"Columna":null},"geometry":{"type":"MultiPoint","coordinates":[[-58.773626999999884,-38.162086000005807,111.940308]]}},
{"type":"Feature","properties":{"id":846,"tipo":null,"Potencia":null,"Columna":null},"geometry":{"type":"MultiPoint","coordinates":[[-58.773420999999885,-38.162338000005803,111.837669]]}},
{"type":"Feature","properties":{"id":847,"tipo":null,"Potencia":null,"Columna":null},"geometry":{"type":"MultiPoint","coordinates":[[-58.773157999999889,-38.162434000005803,111.986961]]}},
{"type":"Feature","properties":{"id":848,"tipo":null,"Potencia":null,"Columna":null},"geometry":{"type":"MultiPoint","coordinates":[[-58.772939999999892,-38.162602000005798,111.59507]]}},
{"type":"Feature","properties":{"id":849,"tipo":null,"Potencia":null,"Columna":null},"geometry":{"type":"MultiPoint","coordinates":[[-58.772709999999883,-38.162781000005815,109.999527]]}},
{"type":"Feature","properties":{"id":850,"tipo":null,"Potencia":null,"Columna":null},"geometry":{"type":"MultiPoint","coordinates":[[-58.772516999999887,-38.162934000005798,111.445786]]}},
{"type":"Feature","properties":{"id":851,"tipo":null,"Potencia":null,"Columna":null},"geometry":{"type":"MultiPoint","coordinates":[[-58.772312999999876,-38.163090000005802,113.293259]]}},
{"type":"Feature","properties":{"id":852,"tipo":null,"Potencia":null,"Columna":null},"geometry":{"type":"MultiPoint","coordinates":[[-58.772119999999894,-38.163247000005803,110.298111]]}},
{"type":"Feature","properties":{"id":853,"tipo":"led 15va","Potencia":120,"Columna":"baja"},"geometry":{"type":"MultiPoint","coordinates":[[-58.771782999999886,-38.163500000005804,111.119209]]}},
{"type":"Feature","properties":{"id":854,"tipo":"led 15va","Potencia":120,"Columna":"baja"},"geometry":{"type":"MultiPoint","coordinates":[[-58.771524999999883,-38.163663000005798,111.996292]]}},
{"type":"Feature","properties":{"id":855,"tipo":"led 15va","Potencia":120,"Columna":"baja"},"geometry":{"type":"MultiPoint","coordinates":[[-58.771333999999889,-38.163836000005794,111.809677]]}},
{"type":"Feature","properties":{"id":856,"tipo":"led 15va","Potencia":120,"Columna":"baja"},"geometry":{"type":"MultiPoint","coordinates":[[-58.771109999999879,-38.164010000005788,110.643341]]}},
{"type":"Feature","properties":{"id":857,"tipo":"led 15va","Potencia":120,"Columna":"baja"},"geometry":{"type":"MultiPoint","coordinates":[[-58.770927999999877,-38.164093000005792,112.985344]]}},
{"type":"Feature","properties":{"id":858,"tipo":"led 15va","Potencia":120,"Columna":"baja"},"geometry":{"type":"MultiPoint","coordinates":[[-58.770740999999887,-38.163943000005808,111.427124]]}},
{"type":"Feature","properties":{"id":859,"tipo":"led 15va","Potencia":120,"Columna":"baja"},"geometry":{"type":"MultiPoint","coordinates":[[-58.770540999999881,-38.163785000005795,111.427124]]}},
{"type":"Feature","properties":{"id":860,"tipo":"led 15va","Potencia":120,"Columna":"baja"},"geometry":{"type":"MultiPoint","coordinates":[[-58.770275999999889,-38.163570000005805,111.427124]]}},
{"type":"Feature","properties":{"id":861,"tipo":"led 15va","Potencia":120,"Columna":"baja"},"geometry":{"type":"MultiPoint","coordinates":[[-58.770282999999878,-38.163786000005793,111.427124]]}},
{"type":"Feature","properties":{"id":862,"tipo":"led 15va","Potencia":120,"Columna":"baja"},"geometry":{"type":"MultiPoint","coordinates":[[-58.770066999999877,-38.163942000005797,111.427124]]}},
{"type":"Feature","properties":{"id":863,"tipo":"led 15va","Potencia":120,"Columna":"baja"},"geometry":{"type":"MultiPoint","coordinates":[[-58.769873999999895,-38.164094000005797,111.427124]]}},
{"type":"Feature","properties":{"id":864,"tipo":"led 15va","Potencia":120,"Columna":"baja"},"geometry":{"type":"MultiPoint","coordinates":[[-58.769622999999889,-38.164279000005806,111.427124]]}},
{"type":"Feature","properties":{"id":865,"tipo":"led 15va","Potencia":120,"Columna":"baja"},"geometry":{"type":"MultiPoint","coordinates":[[-58.769429999999893,-38.164378000005804,111.427124]]}},
{"type":"Feature","properties":{"id":866,"tipo":"led 15va","Potencia":120,"Columna":"baja"},"geometry":{"type":"MultiPoint","coordinates":[[-58.76924399999988,-38.16422600000579,110.87661]]}},
{"type":"Feature","properties":{"id":867,"tipo":"led 15va","Potencia":120,"Columna":"baja"},"geometry":{"type":"MultiPoint","coordinates":[[-58.769066999999872,-38.163981000005805,109.458344]]}},
{"type":"Feature","properties":{"id":868,"tipo":"led 15va","Potencia":120,"Columna":"baja"},"geometry":{"type":"MultiPoint","coordinates":[[-58.76927299999987,-38.163807000005789,111.669716]]}},
{"type":"Feature","properties":{"id":869,"tipo":"led 15va","Potencia":120,"Columna":"baja"},"geometry":{"type":"MultiPoint","coordinates":[[-58.76950399999987,-38.163634000005807,111.24984]]}},
{"type":"Feature","properties":{"id":870,"tipo":"led 15va","Potencia":120,"Columna":"baja"},"geometry":{"type":"MultiPoint","coordinates":[[-58.769749999999888,-38.163439000005788,111.539093]]}},
{"type":"Feature","properties":{"id":871,"tipo":"led 15va","Potencia":120,"Columna":"baja"},"geometry":{"type":"MultiPoint","coordinates":[[-58.770025999999881,-38.163240000005793,111.548424]]}},
{"type":"Feature","properties":{"id":872,"tipo":"led 15va","Potencia":120,"Columna":"baja"},"geometry":{"type":"MultiPoint","coordinates":[[-58.770266999999883,-38.163074000005807,111.837669]]}},
{"type":"Feature","properties":{"id":873,"tipo":"led 15va","Potencia":120,"Columna":"baja"},"geometry":{"type":"MultiPoint","coordinates":[[-58.770491999999876,-38.162916000005801,111.660385]]}},
{"type":"Feature","properties":{"id":874,"tipo":"led 15va","Potencia":120,"Columna":"baja"},"geometry":{"type":"MultiPoint","coordinates":[[-58.770723999999895,-38.162723000005798,112.033615]]}},
{"type":"Feature","properties":{"id":875,"tipo":null,"Potencia":null,"Columna":null},"geometry":{"type":"MultiPoint","coordinates":[[-58.770952999999885,-38.162554000005798,111.212517]]}},
{"type":"Feature","properties":{"id":876,"tipo":null,"Potencia":null,"Columna":null},"geometry":{"type":"MultiPoint","coordinates":[[-58.771163999999892,-38.162392000005795,111.165863]]}},
{"type":"Feature","properties":{"id":877,"tipo":null,"Potencia":null,"Columna":null},"geometry":{"type":"MultiPoint","coordinates":[[-58.771350999999882,-38.162252000005815,111.165863]]}},
{"type":"Feature","properties":{"id":878,"tipo":null,"Potencia":null,"Columna":null},"geometry":{"type":"MultiPoint","coordinates":[[-58.771605999999885,-38.162057000005795,111.165863]]}},
{"type":"Feature","properties":{"id":879,"tipo":null,"Potencia":null,"Columna":null},"geometry":{"type":"MultiPoint","coordinates":[[-58.771912999999891,-38.161821000005808,111.165863]]}},
{"type":"Feature","properties":{"id":880,"tipo":null,"Potencia":null,"Columna":null},"geometry":{"type":"MultiPoint","coordinates":[[-58.772101999999883,-38.161684000005806,111.165863]]}},
{"type":"Feature","properties":{"id":881,"tipo":null,"Potencia":null,"Columna":null},"geometry":{"type":"MultiPoint","coordinates":[[-58.772358999999874,-38.161487000005799,111.165863]]}},
{"type":"Feature","properties":{"id":882,"tipo":null,"Potencia":null,"Columna":null},"geometry":{"type":"MultiPoint","coordinates":[[-58.772577999999882,-38.161322000005796,111.165863]]}},
{"type":"Feature","properties":{"id":883,"tipo":null,"Potencia":null,"Columna":null},"geometry":{"type":"MultiPoint","coordinates":[[-58.772884999999889,-38.161091000005811,111.165863]]}},
{"type":"Feature","properties":{"id":884,"tipo":null,"Potencia":null,"Columna":null},"geometry":{"type":"MultiPoint","coordinates":[[-58.773098999999881,-38.160928000005796,111.165863]]}},
{"type":"Feature","properties":{"id":885,"tipo":null,"Potencia":null,"Columna":null},"geometry":{"type":"MultiPoint","coordinates":[[-58.773338999999893,-38.160744000005799,111.165863]]}},
{"type":"Feature","properties":{"id":886,"tipo":null,"Potencia":null,"Columna":null},"geometry":{"type":"MultiPoint","coordinates":[[-58.773571999999881,-38.160562000005797,111.165863]]}},
{"type":"Feature","properties":{"id":887,"tipo":null,"Potencia":null,"Columna":null},"geometry":{"type":"MultiPoint","coordinates":[[-58.773804999999875,-38.160588000005809,111.165863]]}},
{"type":"Feature","properties":{"id":888,"tipo":null,"Potencia":null,"Columna":null},"geometry":{"type":"MultiPoint","coordinates":[[-58.774064999999887,-38.160793000005803,111.165863]]}},
{"type":"Feature","properties":{"id":889,"tipo":null,"Potencia":null,"Columna":null},"geometry":{"type":"MultiPoint","coordinates":[[-58.774324999999884,-38.161005000005808,111.165863]]}},
{"type":"Feature","properties":{"id":890,"tipo":null,"Potencia":null,"Columna":null},"geometry":{"type":"MultiPoint","coordinates":[[-58.77456299999988,-38.161204000005803,113.535858]]}},
{"type":"Feature","properties":{"id":891,"tipo":null,"Potencia":null,"Columna":null},"geometry":{"type":"MultiPoint","coordinates":[[-58.774781999999881,-38.161380000005821,110.606018]]}},
{"type":"Feature","properties":{"id":892,"tipo":null,"Potencia":null,"Columna":null},"geometry":{"type":"MultiPoint","coordinates":[[-58.775069999999893,-38.161618000005802,112.108261]]}},
{"type":"Feature","properties":{"id":893,"tipo":null,"Potencia":null,"Columna":null},"geometry":{"type":"MultiPoint","coordinates":[[-58.77530999999987,-38.161806000005789,112.686768]]}},
{"type":"Feature","properties":{"id":894,"tipo":null,"Potencia":null,"Columna":null},"geometry":{"type":"MultiPoint","coordinates":[[-58.775543999999883,-38.162012000005795,111.977631]]}},
{"type":"Feature","properties":{"id":895,"tipo":"led 11va","Potencia":null,"Columna":null},"geometry":{"type":"MultiPoint","coordinates":[[-58.775872999999883,-38.162282000005803,113.069321]]}},
{"type":"Feature","properties":{"id":896,"tipo":"led 11va","Potencia":null,"Columna":null},"geometry":{"type":"MultiPoint","coordinates":[[-58.776083999999877,-38.162463000005808,111.996292]]}},
{"type":"Feature","properties":{"id":897,"tipo":"led","Potencia":null,"Columna":null},"geometry":{"type":"MultiPoint","coordinates":[[-58.776955999999878,-38.163153000005799,112.266884]]}},
{"type":"Feature","properties":{"id":898,"tipo":"led","Potencia":null,"Columna":null},"geometry":{"type":"MultiPoint","coordinates":[[-58.777510999999883,-38.163607000005797,110.960587]]}},
{"type":"Feature","properties":{"id":899,"tipo":"led","Potencia":null,"Columna":null},"geometry":{"type":"MultiPoint","coordinates":[[-58.777780999999884,-38.163824000005803,110.960587]]}},
{"type":"Feature","properties":{"id":900,"tipo":"led","Potencia":null,"Columna":null},"geometry":{"type":"MultiPoint","coordinates":[[-58.778133999999895,-38.1640000000058,110.960587]]}},
{"type":"Feature","properties":{"id":901,"tipo":"led","Potencia":null,"Columna":null},"geometry":{"type":"MultiPoint","coordinates":[[-58.778303999999878,-38.164254000005819,110.960587]]}},
{"type":"Feature","properties":{"id":902,"tipo":"led","Potencia":null,"Columna":null},"geometry":{"type":"MultiPoint","coordinates":[[-58.77865099999989,-38.164443000005789,110.960587]]}},
{"type":"Feature","properties":{"id":903,"tipo":"led","Potencia":null,"Columna":null},"geometry":{"type":"MultiPoint","coordinates":[[-58.778850999999889,-38.164702000005796,110.960587]]}},
{"type":"Feature","properties":{"id":904,"tipo":"led 11va","Potencia":null,"Columna":null},"geometry":{"type":"MultiPoint","coordinates":[[-58.776613999999888,-38.162917000005798,111.697708]]}},
{"type":"Feature","properties":{"id":905,"tipo":"led 11va","Potencia":null,"Columna":null},"geometry":{"type":"MultiPoint","coordinates":[[-58.776324999999893,-38.162661000005812,112.378853]]}},
{"type":"Feature","properties":{"id":906,"tipo":"led","Potencia":null,"Columna":null},"geometry":{"type":"MultiPoint","coordinates":[[-58.779686999999889,-38.165401000005808,110.960587]]}},
{"type":"Feature","properties":{"id":907,"tipo":"led","Potencia":null,"Columna":null},"geometry":{"type":"MultiPoint","coordinates":[[-58.779316999999892,-38.165093000005811,110.960587]]}},
{"type":"Feature","properties":{"id":908,"tipo":"led","Potencia":null,"Columna":null},"geometry":{"type":"MultiPoint","coordinates":[[-58.780011999999893,-38.165520000005813,110.960587]]}},
{"type":"Feature","properties":{"id":909,"tipo":"led","Potencia":null,"Columna":null},"geometry":{"type":"MultiPoint","coordinates":[[-58.77959499999988,-38.165207000005815,110.960587]]}},
{"type":"Feature","properties":{"id":910,"tipo":"led","Potencia":null,"Columna":null},"geometry":{"type":"MultiPoint","coordinates":[[-58.779173999999884,-38.164835000005809,110.960587]]}},
{"type":"Feature","properties":{"id":911,"tipo":"led","Potencia":null,"Columna":null},"geometry":{"type":"MultiPoint","coordinates":[[-58.778895999999889,-38.166224000005812,82.501976]]}},
{"type":"Feature","properties":{"id":912,"tipo":"led","Potencia":null,"Columna":null},"geometry":{"type":"MultiPoint","coordinates":[[-58.778676999999888,-38.166129000005796,82.501976]]}},
{"type":"Feature","properties":{"id":913,"tipo":"led","Potencia":null,"Columna":null},"geometry":{"type":"MultiPoint","coordinates":[[-58.778624999999892,-38.165938000005816,82.501976]]}},
{"type":"Feature","properties":{"id":914,"tipo":"led","Potencia":null,"Columna":null},"geometry":{"type":"MultiPoint","coordinates":[[-58.778346999999883,-38.165828000005796,82.501976]]}},
{"type":"Feature","properties":{"id":915,"tipo":"led","Potencia":null,"Columna":null},"geometry":{"type":"MultiPoint","coordinates":[[-58.778202999999884,-38.165599000005805,82.501976]]}},
{"type":"Feature","properties":{"id":916,"tipo":"led 11va","Potencia":null,"Columna":null},"geometry":{"type":"MultiPoint","coordinates":[[-58.777850999999885,-38.165429000005815,82.501976]]}},
{"type":"Feature","properties":{"id":917,"tipo":"led 11va","Potencia":null,"Columna":null},"geometry":{"type":"MultiPoint","coordinates":[[-58.777660999999895,-38.165171000005799,82.501976]]}},
{"type":"Feature","properties":{"id":918,"tipo":"led 11va","Potencia":null,"Columna":null},"geometry":{"type":"MultiPoint","coordinates":[[-58.777354999999893,-38.165013000005814,82.501976]]}},
{"type":"Feature","properties":{"id":919,"tipo":"led 11va","Potencia":null,"Columna":null},"geometry":{"type":"MultiPoint","coordinates":[[-58.77715199999988,-38.164742000005802,82.501976]]}},
{"type":"Feature","properties":{"id":920,"tipo":"led 11va","Potencia":null,"Columna":null},"geometry":{"type":"MultiPoint","coordinates":[[-58.776881999999894,-38.164516000005804,82.511307]]}},
{"type":"Feature","properties":{"id":921,"tipo":"led 11va","Potencia":null,"Columna":null},"geometry":{"type":"MultiPoint","coordinates":[[-58.776618999999883,-38.164309000005808,82.511307]]}},
{"type":"Feature","properties":{"id":922,"tipo":"led 11va","Potencia":null,"Columna":null},"geometry":{"type":"MultiPoint","coordinates":[[-58.776389999999878,-38.164096000005806,82.511307]]}},
{"type":"Feature","properties":{"id":923,"tipo":"led 11va","Potencia":null,"Columna":null},"geometry":{"type":"MultiPoint","coordinates":[[-58.776117999999876,-38.163888000005812,82.511307]]}},
{"type":"Feature","properties":{"id":924,"tipo":"led 15va","Potencia":120,"Columna":"baja"},"geometry":{"type":"MultiPoint","coordinates":[[-58.775824999999884,-38.163645000005801,82.511307]]}},
{"type":"Feature","properties":{"id":925,"tipo":"led 15va","Potencia":120,"Columna":"baja"},"geometry":{"type":"MultiPoint","coordinates":[[-58.775563999999882,-38.163440000005799,82.511307]]}},
{"type":"Feature","properties":{"id":926,"tipo":"led 15va","Potencia":120,"Columna":"baja"},"geometry":{"type":"MultiPoint","coordinates":[[-58.775318999999897,-38.163228000005802,82.511307]]}},
{"type":"Feature","properties":{"id":927,"tipo":"led 15va","Potencia":120,"Columna":"baja"},"geometry":{"type":"MultiPoint","coordinates":[[-58.77505999999989,-38.163009000005822,82.511307]]}},
{"type":"Feature","properties":{"id":928,"tipo":null,"Potencia":null,"Columna":null},"geometry":{"type":"MultiPoint","coordinates":[[-58.774755999999883,-38.162770000005807,82.511307]]}},
{"type":"Feature","properties":{"id":929,"tipo":null,"Potencia":null,"Columna":null},"geometry":{"type":"MultiPoint","coordinates":[[-58.774529999999878,-38.1625730000058,82.511307]]}},
{"type":"Feature","properties":{"id":930,"tipo":null,"Potencia":null,"Columna":null},"geometry":{"type":"MultiPoint","coordinates":[[-58.774260999999882,-38.16236300000579,82.511307]]}},
{"type":"Feature","properties":{"id":931,"tipo":null,"Potencia":null,"Columna":null},"geometry":{"type":"MultiPoint","coordinates":[[-58.77398199999989,-38.162132000005805,82.511307]]}},
{"type":"Feature","properties":{"id":932,"tipo":null,"Potencia":null,"Columna":null},"geometry":{"type":"MultiPoint","coordinates":[[-58.773748999999881,-38.161933000005796,82.511307]]}},
{"type":"Feature","properties":{"id":933,"tipo":null,"Potencia":null,"Columna":null},"geometry":{"type":"MultiPoint","coordinates":[[-58.773488999999884,-38.161706000005793,83.379059]]}},
{"type":"Feature","properties":{"id":934,"tipo":null,"Potencia":null,"Columna":null},"geometry":{"type":"MultiPoint","coordinates":[[-58.77318799999987,-38.1614810000058,83.379059]]}},
{"type":"Feature","properties":{"id":935,"tipo":null,"Potencia":null,"Columna":null},"geometry":{"type":"MultiPoint","coordinates":[[-58.77292399999989,-38.161264000005801,83.379059]]}},
{"type":"Feature","properties":{"id":936,"tipo":null,"Potencia":null,"Columna":null},"geometry":{"type":"MultiPoint","coordinates":[[-58.772697999999885,-38.161049000005796,83.379059]]}},
{"type":"Feature","properties":{"id":937,"tipo":null,"Potencia":null,"Columna":null},"geometry":{"type":"MultiPoint","coordinates":[[-58.772227999999885,-38.160691000005805,83.379059]]}},
{"type":"Feature","properties":{"id":938,"tipo":null,"Potencia":null,"Columna":null},"geometry":{"type":"MultiPoint","coordinates":[[-58.771882999999882,-38.160555000005793,86.504845]]}},
{"type":"Feature","properties":{"id":939,"tipo":"led 15va","Potencia":120,"Columna":"baja"},"geometry":{"type":"MultiPoint","coordinates":[[-58.770286999999882,-38.160535000005801,85.646423]]}},
{"type":"Feature","properties":{"id":940,"tipo":"led 15va","Potencia":120,"Columna":"baja"},"geometry":{"type":"MultiPoint","coordinates":[[-58.770802267784411,-38.161138533557676,86.430199]]}},
{"type":"Feature","properties":{"id":941,"tipo":"led 15va","Potencia":120,"Columna":"baja"},"geometry":{"type":"MultiPoint","coordinates":[[-58.770970999999889,-38.161281000005786,86.411537]]}},
{"type":"Feature","properties":{"id":942,"tipo":null,"Potencia":null,"Columna":null},"geometry":{"type":"MultiPoint","coordinates":[[-58.771100999999881,-38.161472000005816,86.383545]]}},
{"type":"Feature","properties":{"id":943,"tipo":null,"Potencia":null,"Columna":null},"geometry":{"type":"MultiPoint","coordinates":[[-58.770868999999884,-38.16165100000579,86.756775]]}},
{"type":"Feature","properties":{"id":944,"tipo":null,"Potencia":null,"Columna":null},"geometry":{"type":"MultiPoint","coordinates":[[-58.770609999999891,-38.161857000005789,86.756775]]}},
{"type":"Feature","properties":{"id":945,"tipo":null,"Potencia":null,"Columna":null},"geometry":{"type":"MultiPoint","coordinates":[[-58.770389999999885,-38.162024000005793,86.756775]]}},
{"type":"Feature","properties":{"id":946,"tipo":"led 15va","Potencia":120,"Columna":"baja"},"geometry":{"type":"MultiPoint","coordinates":[[-58.771284999999885,-38.161496000005805,87.195312]]}},
{"type":"Feature","properties":{"id":947,"tipo":"led 15va","Potencia":120,"Columna":"baja"},"geometry":{"type":"MultiPoint","coordinates":[[-58.771590999999887,-38.161759000005802,83.248428]]}},
{"type":"Feature","properties":{"id":948,"tipo":"led 15va","Potencia":120,"Columna":"baja"},"geometry":{"type":"MultiPoint","coordinates":[[-58.771820999999896,-38.161939000005809,86.458191]]}},
{"type":"Feature","properties":{"id":949,"tipo":"led 15va","Potencia":120,"Columna":"baja"},"geometry":{"type":"MultiPoint","coordinates":[[-58.772033999999884,-38.162114000005815,86.374214]]}},
{"type":"Feature","properties":{"id":950,"tipo":"led 15va","Potencia":120,"Columna":"baja"},"geometry":{"type":"MultiPoint","coordinates":[[-58.772279999999874,-38.16231800000579,86.280907]]}},
{"type":"Feature","properties":{"id":951,"tipo":"led 12va","Potencia":120,"Columna":"baja"},"geometry":{"type":"MultiPoint","coordinates":[[-58.772431999999895,-38.162149000005812,86.383545]]}},
{"type":"Feature","properties":{"id":952,"tipo":"led 12va","Potencia":120,"Columna":"baja"},"geometry":{"type":"MultiPoint","coordinates":[[-58.772727999999894,-38.162029000005795,87.428581]]}},
{"type":"Feature","properties":{"id":953,"tipo":"led 12va","Potencia":120,"Columna":"baja"},"geometry":{"type":"MultiPoint","coordinates":[[-58.772856999999895,-38.161819000005806,87.111336]]}},
{"type":"Feature","properties":{"id":954,"tipo":"led 12va","Potencia":120,"Columna":"baja"},"geometry":{"type":"MultiPoint","coordinates":[[-58.773138999999887,-38.161715000005806,87.111336]]}},
{"type":"Feature","properties":{"id":955,"tipo":"led 15va","Potencia":120,"Columna":"baja"},"geometry":{"type":"MultiPoint","coordinates":[[-58.772485999999887,-38.162495000005805,87.111336]]}},
{"type":"Feature","properties":{"id":956,"tipo":"led 15va","Potencia":120,"Columna":"baja"},"geometry":{"type":"MultiPoint","coordinates":[[-58.772732999999889,-38.162683000005806,85.142563]]}},
{"type":"Feature","properties":{"id":957,"tipo":"led 15va","Potencia":120,"Columna":"baja"},"geometry":{"type":"MultiPoint","coordinates":[[-58.77296899999989,-38.162873000005796,87.381927]]}},
{"type":"Feature","properties":{"id":958,"tipo":"led 15va","Potencia":120,"Columna":"baja"},"geometry":{"type":"MultiPoint","coordinates":[[-58.773173999999884,-38.163069000005812,86.850082]]}},
{"type":"Feature","properties":{"id":959,"tipo":"led 15va","Potencia":120,"Columna":"baja"},"geometry":{"type":"MultiPoint","coordinates":[[-58.773261999999882,-38.163332000005802,86.850082]]}},
{"type":"Feature","properties":{"id":960,"tipo":"led 15va","Potencia":120,"Columna":"baja"},"geometry":{"type":"MultiPoint","coordinates":[[-58.77306299999988,-38.163575000005793,86.850082]]}},
{"type":"Feature","properties":{"id":961,"tipo":"led 15va","Potencia":120,"Columna":"baja"},"geometry":{"type":"MultiPoint","coordinates":[[-58.77287999999988,-38.163720000005803,86.850082]]}},
{"type":"Feature","properties":{"id":962,"tipo":"led 15va","Potencia":120,"Columna":"baja"},"geometry":{"type":"MultiPoint","coordinates":[[-58.772640999999879,-38.163815000005791,86.850082]]}},
{"type":"Feature","properties":{"id":963,"tipo":null,"Potencia":null,"Columna":null},"geometry":{"type":"MultiPoint","coordinates":[[-58.772709999999869,-38.163527000005807,86.850082]]}},
{"type":"Feature","properties":{"id":964,"tipo":null,"Potencia":null,"Columna":null},"geometry":{"type":"MultiPoint","coordinates":[[-58.772907999999894,-38.163371000005803,86.850082]]}},
{"type":"Feature","properties":{"id":965,"tipo":"led 15va","Potencia":120,"Columna":"baja"},"geometry":{"type":"MultiPoint","coordinates":[[-58.773475999999889,-38.163303000005804,86.850082]]}},
{"type":"Feature","properties":{"id":966,"tipo":"led 15va","Potencia":120,"Columna":"baja"},"geometry":{"type":"MultiPoint","coordinates":[[-58.773714999999889,-38.163488000005813,86.850082]]}},
{"type":"Feature","properties":{"id":967,"tipo":"led 15va","Potencia":120,"Columna":"baja"},"geometry":{"type":"MultiPoint","coordinates":[[-58.774006999999884,-38.163479000005815,86.850082]]}},
{"type":"Feature","properties":{"id":968,"tipo":"led 15va","Potencia":120,"Columna":"baja"},"geometry":{"type":"MultiPoint","coordinates":[[-58.774264999999886,-38.163286000005797,86.850082]]}},
{"type":"Feature","properties":{"id":969,"tipo":"led 15va","Potencia":120,"Columna":"baja"},"geometry":{"type":"MultiPoint","coordinates":[[-58.774490999999877,-38.16311200000581,86.850082]]}},
{"type":"Feature","properties":{"id":970,"tipo":"led 15va","Potencia":120,"Columna":"baja"},"geometry":{"type":"MultiPoint","coordinates":[[-58.77470099999988,-38.162941000005802,86.850082]]}},
{"type":"Feature","properties":{"id":971,"tipo":"led 15va","Potencia":120,"Columna":"baja"},"geometry":{"type":"MultiPoint","coordinates":[[-58.774934999999893,-38.162765000005813,86.850082]]}},
{"type":"Feature","properties":{"id":972,"tipo":"led 15va","Potencia":120,"Columna":"baja"},"geometry":{"type":"MultiPoint","coordinates":[[-58.775120999999892,-38.162613000005798,86.850082]]}},
{"type":"Feature","properties":{"id":973,"tipo":"led 15va","Potencia":120,"Columna":"baja"},"geometry":{"type":"MultiPoint","coordinates":[[-58.775379999999885,-38.162409000005802,86.850082]]}},
{"type":"Feature","properties":{"id":974,"tipo":"led 15va","Potencia":120,"Columna":"baja"},"geometry":{"type":"MultiPoint","coordinates":[[-58.775616999999862,-38.162241000005807,86.850082]]}},
{"type":"Feature","properties":{"id":975,"tipo":"led 15va","Potencia":150,"Columna":"alta"},"geometry":{"type":"MultiPoint","coordinates":[[-58.775892999999876,-38.162028000005819,86.840752]]}},
{"type":"Feature","properties":{"id":976,"tipo":"led 15va","Potencia":150,"Columna":"alta"},"geometry":{"type":"MultiPoint","coordinates":[[-58.776099999999893,-38.161865000005797,86.840752]]}},
{"type":"Feature","properties":{"id":977,"tipo":"led 15va","Potencia":150,"Columna":"alta"},"geometry":{"type":"MultiPoint","coordinates":[[-58.776348999999868,-38.161674000005803,86.840752]]}},
{"type":"Feature","properties":{"id":978,"tipo":"led 15va","Potencia":150,"Columna":"alta"},"geometry":{"type":"MultiPoint","coordinates":[[-58.776551999999889,-38.161512000005814,86.840752]]}},
{"type":"Feature","properties":{"id":979,"tipo":"led 15va","Potencia":150,"Columna":"alta"},"geometry":{"type":"MultiPoint","coordinates":[[-58.776913999999877,-38.161373000005803,86.840752]]}},
{"type":"Feature","properties":{"id":980,"tipo":"led 15va","Potencia":150,"Columna":"alta"},"geometry":{"type":"MultiPoint","coordinates":[[-58.777141999999891,-38.16120400000581,86.840752]]}},
{"type":"Feature","properties":{"id":981,"tipo":"led 15va","Potencia":150,"Columna":"alta"},"geometry":{"type":"MultiPoint","coordinates":[[-58.777359999999888,-38.161031000005813,86.840752]]}},
{"type":"Feature","properties":{"id":982,"tipo":"led 15va","Potencia":150,"Columna":"alta"},"geometry":{"type":"MultiPoint","coordinates":[[-58.777609999999882,-38.160849000005797,86.840752]]}},
{"type":"Feature","properties":{"id":983,"tipo":"led","Potencia":null,"Columna":null},"geometry":{"type":"MultiPoint","coordinates":[[-58.77784599999989,-38.160658000005803,86.840752]]}},
{"type":"Feature","properties":{"id":984,"tipo":"led","Potencia":null,"Columna":null},"geometry":{"type":"MultiPoint","coordinates":[[-58.778071999999888,-38.160478000005803,86.840752]]}},
{"type":"Feature","properties":{"id":985,"tipo":"led","Potencia":null,"Columna":null},"geometry":{"type":"MultiPoint","coordinates":[[-58.778307999999896,-38.160311000005812,86.840752]]}},
{"type":"Feature","properties":{"id":986,"tipo":"led","Potencia":null,"Columna":null},"geometry":{"type":"MultiPoint","coordinates":[[-58.778536999999886,-38.160126000005803,86.131615]]}},
{"type":"Feature","properties":{"id":987,"tipo":"led","Potencia":null,"Columna":null},"geometry":{"type":"MultiPoint","coordinates":[[-58.779515999999887,-38.160873000005807,86.588821]]}},
{"type":"Feature","properties":{"id":988,"tipo":"led","Potencia":null,"Columna":null},"geometry":{"type":"MultiPoint","coordinates":[[-58.779364999999892,-38.161155000005813,85.935669]]}},
{"type":"Feature","properties":{"id":989,"tipo":"led","Potencia":null,"Columna":null},"geometry":{"type":"MultiPoint","coordinates":[[-58.779045999999887,-38.16131100000581,85.879684]]}},
{"type":"Feature","properties":{"id":990,"tipo":"led","Potencia":null,"Columna":null},"geometry":{"type":"MultiPoint","coordinates":[[-58.778917999999891,-38.161519000005804,86.131615]]}},
{"type":"Feature","properties":{"id":991,"tipo":"led","Potencia":null,"Columna":null},"geometry":{"type":"MultiPoint","coordinates":[[-58.778633999999883,-38.161656000005813,86.084961]]}},
{"type":"Feature","properties":{"id":992,"tipo":"led","Potencia":null,"Columna":null},"geometry":{"type":"MultiPoint","coordinates":[[-58.77847199999988,-38.161851000005804,86.084961]]}},
{"type":"Feature","properties":{"id":993,"tipo":"led","Potencia":null,"Columna":null},"geometry":{"type":"MultiPoint","coordinates":[[-58.778143999999884,-38.162009000005796,86.084961]]}},
{"type":"Feature","properties":{"id":994,"tipo":"led","Potencia":null,"Columna":null},"geometry":{"type":"MultiPoint","coordinates":[[-58.77795699999988,-38.162234000005789,86.084961]]}},
{"type":"Feature","properties":{"id":995,"tipo":"led 13va","Potencia":120,"Columna":"baja"},"geometry":{"type":"MultiPoint","coordinates":[[-58.77763899999988,-38.1623930000058,86.084961]]}},
{"type":"Feature","properties":{"id":996,"tipo":"led 13va","Potencia":120,"Columna":"baja"},"geometry":{"type":"MultiPoint","coordinates":[[-58.777457999999896,-38.162629000005794,86.084961]]}},
{"type":"Feature","properties":{"id":997,"tipo":"led 13va","Potencia":120,"Columna":"baja"},"geometry":{"type":"MultiPoint","coordinates":[[-58.777170999999889,-38.162736000005808,84.508072]]}},
{"type":"Feature","properties":{"id":998,"tipo":"led 13va","Potencia":120,"Columna":"baja"},"geometry":{"type":"MultiPoint","coordinates":[[-58.777001999999882,-38.1629640000058,84.405441]]}},
{"type":"Feature","properties":{"id":999,"tipo":"led 14va","Potencia":120,"Columna":"baja"},"geometry":{"type":"MultiPoint","coordinates":[[-58.776709999999888,-38.163104000005802,84.088196]]}},
{"type":"Feature","properties":{"id":1000,"tipo":"led 14va","Potencia":120,"Columna":"baja"},"geometry":{"type":"MultiPoint","coordinates":[[-58.776538999999886,-38.163321000005809,84.648033]]}},
{"type":"Feature","properties":{"id":1001,"tipo":"led 14va","Potencia":120,"Columna":"baja"},"geometry":{"type":"MultiPoint","coordinates":[[-58.776255999999883,-38.163466000005805,84.125519]]}},
{"type":"Feature","properties":{"id":1002,"tipo":"led 14va","Potencia":120,"Columna":"baja"},"geometry":{"type":"MultiPoint","coordinates":[[-58.776113999999886,-38.163701000005794,85.095909]]}},
{"type":"Feature","properties":{"id":1003,"tipo":"led 14va","Potencia":120,"Columna":"baja"},"geometry":{"type":"MultiPoint","coordinates":[[-58.775778999999879,-38.1638590000058,84.125519]]}},
{"type":"Feature","properties":{"id":1004,"tipo":"led 14va","Potencia":120,"Columna":"baja"},"geometry":{"type":"MultiPoint","coordinates":[[-58.775556999999885,-38.16402400000581,84.125519]]}},
{"type":"Feature","properties":{"id":1005,"tipo":"led 14va","Potencia":120,"Columna":"baja"},"geometry":{"type":"MultiPoint","coordinates":[[-58.775309999999884,-38.164200000005813,84.246819]]}},
{"type":"Feature","properties":{"id":1006,"tipo":"led 14va","Potencia":120,"Columna":"baja"},"geometry":{"type":"MultiPoint","coordinates":[[-58.775070999999883,-38.164382000005816,83.798943]]}},
{"type":"Feature","properties":{"id":1007,"tipo":"led 14va","Potencia":120,"Columna":"baja"},"geometry":{"type":"MultiPoint","coordinates":[[-58.774812999999895,-38.164577000005785,84.004219]]}},
{"type":"Feature","properties":{"id":1008,"tipo":"led 14va","Potencia":120,"Columna":"baja"},"geometry":{"type":"MultiPoint","coordinates":[[-58.77459199999987,-38.164753000005803,83.677643]]}},
{"type":"Feature","properties":{"id":1009,"tipo":"led 14va","Potencia":120,"Columna":"baja"},"geometry":{"type":"MultiPoint","coordinates":[[-58.774382999999887,-38.164893000005797,84.760002]]}},
{"type":"Feature","properties":{"id":1010,"tipo":"led 14va","Potencia":120,"Columna":"baja"},"geometry":{"type":"MultiPoint","coordinates":[[-58.774139999999875,-38.165085000005796,85.282524]]}},
{"type":"Feature","properties":{"id":1011,"tipo":null,"Potencia":null,"Columna":null},"geometry":{"type":"MultiPoint","coordinates":[[-58.773617999999885,-38.165618000005786,85.273193]]}},
{"type":"Feature","properties":{"id":1012,"tipo":null,"Potencia":null,"Columna":null},"geometry":{"type":"MultiPoint","coordinates":[[-58.773416999999895,-38.165774000005797,85.273193]]}},
{"type":"Feature","properties":{"id":1013,"tipo":null,"Potencia":null,"Columna":null},"geometry":{"type":"MultiPoint","coordinates":[[-58.77277199999989,-38.166260000005799,84.452087]]}},
{"type":"Feature","properties":{"id":1014,"tipo":null,"Potencia":null,"Columna":null},"geometry":{"type":"MultiPoint","coordinates":[[-58.772459999999889,-38.1664960000058,84.554726]]}},
{"type":"Feature","properties":{"id":1015,"tipo":"led 15va","Potencia":120,"Columna":"baja"},"geometry":{"type":"MultiPoint","coordinates":[[-58.771021999999888,-38.165679000005795,85.6091]]}},
{"type":"Feature","properties":{"id":1016,"tipo":"led 15va","Potencia":120,"Columna":"baja"},"geometry":{"type":"MultiPoint","coordinates":[[-58.770844999999888,-38.165534000005799,85.972992]]}},
{"type":"Feature","properties":{"id":1017,"tipo":"led 15va","Potencia":120,"Columna":"baja"},"geometry":{"type":"MultiPoint","coordinates":[[-58.770651999999892,-38.165375000005803,85.972992]]}},
{"type":"Feature","properties":{"id":1018,"tipo":"led 15va","Potencia":120,"Columna":"baja"},"geometry":{"type":"MultiPoint","coordinates":[[-58.770689999999874,-38.165278000005792,85.972992]]}},
{"type":"Feature","properties":{"id":1019,"tipo":"led 15va","Potencia":120,"Columna":"baja"},"geometry":{"type":"MultiPoint","coordinates":[[-58.770907999999885,-38.165118000005805,85.972992]]}},
{"type":"Feature","properties":{"id":1020,"tipo":"led 15va","Potencia":120,"Columna":"baja"},"geometry":{"type":"MultiPoint","coordinates":[[-58.771109999999865,-38.164966000005798,85.972992]]}},
{"type":"Feature","properties":{"id":1021,"tipo":"led 15va","Potencia":120,"Columna":"baja"},"geometry":{"type":"MultiPoint","coordinates":[[-58.771346999999892,-38.16478600000579,85.972992]]}},
{"type":"Feature","properties":{"id":1022,"tipo":"led 15va","Potencia":120,"Columna":"baja"},"geometry":{"type":"MultiPoint","coordinates":[[-58.771652999999894,-38.164444000005801,85.963661]]}},
{"type":"Feature","properties":{"id":1023,"tipo":"led 15va","Potencia":120,"Columna":"baja"},"geometry":{"type":"MultiPoint","coordinates":[[-58.771851999999889,-38.164295000005801,85.963661]]}},
{"type":"Feature","properties":{"id":1024,"tipo":"led 15va","Potencia":120,"Columna":"baja"},"geometry":{"type":"MultiPoint","coordinates":[[-58.772079999999889,-38.164115000005822,85.963661]]}},
{"type":"Feature","properties":{"id":1025,"tipo":"led 15va","Potencia":120,"Columna":"baja"},"geometry":{"type":"MultiPoint","coordinates":[[-58.772279999999874,-38.163973000005797,85.366501]]}},
{"type":"Feature","properties":{"id":1026,"tipo":"led 15va","Potencia":120,"Columna":"baja"},"geometry":{"type":"MultiPoint","coordinates":[[-58.771211999999892,-38.165528000005786,86.532837]]}},
{"type":"Feature","properties":{"id":1027,"tipo":"led 15va","Potencia":120,"Columna":"baja"},"geometry":{"type":"MultiPoint","coordinates":[[-58.771436999999878,-38.165436000005812,85.534454]]}},
{"type":"Feature","properties":{"id":1028,"tipo":"led 15va","Potencia":120,"Columna":"baja"},"geometry":{"type":"MultiPoint","coordinates":[[-58.771636999999892,-38.16528200000581,85.506462]]}},
{"type":"Feature","properties":{"id":1029,"tipo":"led 15va","Potencia":120,"Columna":"baja"},"geometry":{"type":"MultiPoint","coordinates":[[-58.771859999999883,-38.165118000005805,86.794098]]}},
{"type":"Feature","properties":{"id":1030,"tipo":"led 15va","Potencia":120,"Columna":"baja"},"geometry":{"type":"MultiPoint","coordinates":[[-58.772123999999884,-38.164920000005807,86.738113]]}},
{"type":"Feature","properties":{"id":1031,"tipo":"led 15va","Potencia":120,"Columna":"baja"},"geometry":{"type":"MultiPoint","coordinates":[[-58.772359999999885,-38.164738000005798,86.168938]]}},
{"type":"Feature","properties":{"id":1032,"tipo":"led 15va","Potencia":120,"Columna":"baja"},"geometry":{"type":"MultiPoint","coordinates":[[-58.772526999999883,-38.164617000005805,85.767715]]}},
{"type":"Feature","properties":{"id":1033,"tipo":"led 15va","Potencia":120,"Columna":"baja"},"geometry":{"type":"MultiPoint","coordinates":[[-58.772770999999885,-38.164441000005802,87.28862]]}},
{"type":"Feature","properties":{"id":1034,"tipo":null,"Potencia":null,"Columna":null},"geometry":{"type":"MultiPoint","coordinates":[[-58.773051999999886,-38.164233000005801,85.347839]]}},
{"type":"Feature","properties":{"id":1035,"tipo":null,"Potencia":null,"Columna":null},"geometry":{"type":"MultiPoint","coordinates":[[-58.773264999999888,-38.164070000005815,86.458191]]}},
{"type":"Feature","properties":{"id":1036,"tipo":null,"Potencia":null,"Columna":null},"geometry":{"type":"MultiPoint","coordinates":[[-58.773435999999883,-38.16393400000581,86.635475]]}},
{"type":"Feature","properties":{"id":1037,"tipo":null,"Potencia":null,"Columna":null},"geometry":{"type":"MultiPoint","coordinates":[[-58.773617999999885,-38.163801000005805,86.19693]]}},
{"type":"Feature","properties":{"id":1038,"tipo":null,"Potencia":null,"Columna":null},"geometry":{"type":"MultiPoint","coordinates":[[-58.773809999999884,-38.163650000005809,86.122284]]}},
{"type":"Feature","properties":{"id":1039,"tipo":"led 15va","Potencia":120,"Columna":"baja"},"geometry":{"type":"MultiPoint","coordinates":[[-58.774028999999885,-38.163749000005808,87.15799]]}},
{"type":"Feature","properties":{"id":1040,"tipo":"led 15va","Potencia":120,"Columna":"baja"},"geometry":{"type":"MultiPoint","coordinates":[[-58.774257999999882,-38.163946000005808,87.857796]]}},
{"type":"Feature","properties":{"id":1041,"tipo":"led 15va","Potencia":120,"Columna":"baja"},"geometry":{"type":"MultiPoint","coordinates":[[-58.774250999999886,-38.164125000005797,87.195312]]}},
{"type":"Feature","properties":{"id":1042,"tipo":"led 15va","Potencia":120,"Columna":"baja"},"geometry":{"type":"MultiPoint","coordinates":[[-58.774057999999883,-38.164298000005807,87.279289]]}},
{"type":"Feature","properties":{"id":1043,"tipo":"led 15va","Potencia":120,"Columna":"baja"},"geometry":{"type":"MultiPoint","coordinates":[[-58.773837999999877,-38.164453000005814,86.243584]]}},
{"type":"Feature","properties":{"id":1044,"tipo":"led 15va","Potencia":120,"Columna":"baja"},"geometry":{"type":"MultiPoint","coordinates":[[-58.77357399999989,-38.164632000005817,87.736496]]}},
{"type":"Feature","properties":{"id":1045,"tipo":"led 15va","Potencia":120,"Columna":"baja"},"geometry":{"type":"MultiPoint","coordinates":[[-58.774527999999883,-38.16420700000581,87.736496]]}},
{"type":"Feature","properties":{"id":1046,"tipo":"led 15va","Potencia":120,"Columna":"baja"},"geometry":{"type":"MultiPoint","coordinates":[[-58.774773999999887,-38.164370000005796,87.736496]]}},
{"type":"Feature","properties":{"id":1047,"tipo":"led 15va","Potencia":120,"Columna":"baja"},"geometry":{"type":"MultiPoint","coordinates":[[-58.775068999999888,-38.164597000005813,87.736496]]}},
{"type":"Feature","properties":{"id":1048,"tipo":"led 15va","Potencia":120,"Columna":"baja"},"geometry":{"type":"MultiPoint","coordinates":[[-58.775318999999897,-38.164808000005806,87.736496]]}},
{"type":"Feature","properties":{"id":1049,"tipo":"led 15va","Potencia":120,"Columna":"baja"},"geometry":{"type":"MultiPoint","coordinates":[[-58.775572999999881,-38.165005000005806,87.736496]]}},
{"type":"Feature","properties":{"id":1050,"tipo":"led 15va","Potencia":120,"Columna":"baja"},"geometry":{"type":"MultiPoint","coordinates":[[-58.775788999999882,-38.165191000005805,87.736496]]}},
{"type":"Feature","properties":{"id":1051,"tipo":"led 14va","Potencia":150,"Columna":"alta"},"geometry":{"type":"MultiPoint","coordinates":[[-58.776241999999897,-38.165438000005814,87.736496]]}},
{"type":"Feature","properties":{"id":1052,"tipo":"led 14va","Potencia":150,"Columna":"alta"},"geometry":{"type":"MultiPoint","coordinates":[[-58.776503999999889,-38.165623000005809,87.736496]]}},
{"type":"Feature","properties":{"id":1053,"tipo":"led 14va","Potencia":150,"Columna":"alta"},"geometry":{"type":"MultiPoint","coordinates":[[-58.776778999999877,-38.165854000005815,87.736496]]}},
{"type":"Feature","properties":{"id":1054,"tipo":"led 14va","Potencia":150,"Columna":"alta"},"geometry":{"type":"MultiPoint","coordinates":[[-58.777028999999885,-38.166065000005808,87.736496]]}},
{"type":"Feature","properties":{"id":1055,"tipo":"led","Potencia":null,"Columna":null},"geometry":{"type":"MultiPoint","coordinates":[[-58.777269999999888,-38.166270000005795,87.736496]]}},
{"type":"Feature","properties":{"id":1056,"tipo":"led","Potencia":null,"Columna":null},"geometry":{"type":"MultiPoint","coordinates":[[-58.777498999999892,-38.166460000005806,87.736496]]}},
{"type":"Feature","properties":{"id":1057,"tipo":"led","Potencia":null,"Columna":null},"geometry":{"type":"MultiPoint","coordinates":[[-58.777699999999896,-38.166624000005804,87.736496]]}},
{"type":"Feature","properties":{"id":1058,"tipo":"led","Potencia":null,"Columna":null},"geometry":{"type":"MultiPoint","coordinates":[[-58.777927999999896,-38.166807000005811,87.736496]]}},
{"type":"Feature","properties":{"id":1059,"tipo":"led","Potencia":null,"Columna":null},"geometry":{"type":"MultiPoint","coordinates":[[-58.778133999999895,-38.166984000005797,87.736496]]}},
{"type":"Feature","properties":{"id":1060,"tipo":"led","Potencia":null,"Columna":null},"geometry":{"type":"MultiPoint","coordinates":[[-58.777267999999893,-38.163400000005808,111.109879]]}},
{"type":"Feature","properties":{"id":1061,"tipo":"led","Potencia":null,"Columna":null},"geometry":{"type":"MultiPoint","coordinates":[[-58.776958999999863,-38.167558000005805,100.575523]]}},
{"type":"Feature","properties":{"id":1062,"tipo":"led","Potencia":null,"Columna":null},"geometry":{"type":"MultiPoint","coordinates":[[-58.776759999999896,-38.167501000005807,100.575523]]}},
{"type":"Feature","properties":{"id":1063,"tipo":"led","Potencia":null,"Columna":null},"geometry":{"type":"MultiPoint","coordinates":[[-58.776658999999889,-38.167285000005812,100.575523]]}},
{"type":"Feature","properties":{"id":1064,"tipo":"led","Potencia":null,"Columna":null},"geometry":{"type":"MultiPoint","coordinates":[[-58.77646799999988,-38.167203000005813,100.575523]]}},
{"type":"Feature","properties":{"id":1065,"tipo":"led","Potencia":null,"Columna":null},"geometry":{"type":"MultiPoint","coordinates":[[-58.776315999999895,-38.167008000005808,100.575523]]}},
{"type":"Feature","properties":{"id":1066,"tipo":"led 15va","Potencia":150,"Columna":"alta"},"geometry":{"type":"MultiPoint","coordinates":[[-58.77597999999989,-38.166857000005805,100.575523]]}},
{"type":"Feature","properties":{"id":1067,"tipo":"led 15va","Potencia":150,"Columna":"alta"},"geometry":{"type":"MultiPoint","coordinates":[[-58.775865999999873,-38.166616000005817,100.575523]]}},
{"type":"Feature","properties":{"id":1068,"tipo":"led 15va","Potencia":150,"Columna":"alta"},"geometry":{"type":"MultiPoint","coordinates":[[-58.775527999999881,-38.166467000005802,100.575523]]}},
{"type":"Feature","properties":{"id":1069,"tipo":"led 15va","Potencia":150,"Columna":"alta"},"geometry":{"type":"MultiPoint","coordinates":[[-58.775280999999886,-38.166170000005799,100.575523]]}},
{"type":"Feature","properties":{"id":1070,"tipo":"led 15va","Potencia":120,"Columna":"baja"},"geometry":{"type":"MultiPoint","coordinates":[[-58.774890999999883,-38.1659980000058,100.575523]]}},
{"type":"Feature","properties":{"id":1071,"tipo":"led 15va","Potencia":120,"Columna":"baja"},"geometry":{"type":"MultiPoint","coordinates":[[-58.774687999999884,-38.165815000005807,100.575523]]}},
{"type":"Feature","properties":{"id":1072,"tipo":"led 15va","Potencia":120,"Columna":"baja"},"geometry":{"type":"MultiPoint","coordinates":[[-58.774351999999887,-38.165547000005802,99.054626]]}},
{"type":"Feature","properties":{"id":1073,"tipo":"led 15va","Potencia":120,"Columna":"baja"},"geometry":{"type":"MultiPoint","coordinates":[[-58.774149999999878,-38.165380000005811,98.532104]]}},
{"type":"Feature","properties":{"id":1074,"tipo":"led 15va","Potencia":120,"Columna":"baja"},"geometry":{"type":"MultiPoint","coordinates":[[-58.773904999999893,-38.165037000005796,98.420135]]}},
{"type":"Feature","properties":{"id":1075,"tipo":"led 15va","Potencia":120,"Columna":"baja"},"geometry":{"type":"MultiPoint","coordinates":[[-58.773688999999891,-38.164863000005788,98.420135]]}},
{"type":"Feature","properties":{"id":1076,"tipo":"led 15va","Potencia":120,"Columna":"baja"},"geometry":{"type":"MultiPoint","coordinates":[[-58.773429999999884,-38.164648000005798,98.420135]]}},
{"type":"Feature","properties":{"id":1077,"tipo":"led 15va","Potencia":120,"Columna":"baja"},"geometry":{"type":"MultiPoint","coordinates":[[-58.773211999999887,-38.164477000005796,98.420135]]}},
{"type":"Feature","properties":{"id":1078,"tipo":"led 15va","Potencia":120,"Columna":"baja"},"geometry":{"type":"MultiPoint","coordinates":[[-58.772817999999894,-38.164268000005791,98.420135]]}},
{"type":"Feature","properties":{"id":1079,"tipo":"led 15va","Potencia":120,"Columna":"baja"},"geometry":{"type":"MultiPoint","coordinates":[[-58.772578999999887,-38.164080000005796,98.420135]]}},
{"type":"Feature","properties":{"id":1080,"tipo":"led 15va","Potencia":120,"Columna":"baja"},"geometry":{"type":"MultiPoint","coordinates":[[-58.772336999999872,-38.163874000005798,98.420135]]}},
{"type":"Feature","properties":{"id":1081,"tipo":"led 15va","Potencia":120,"Columna":"baja"},"geometry":{"type":"MultiPoint","coordinates":[[-58.772095999999884,-38.163671000005792,98.420135]]}},
{"type":"Feature","properties":{"id":1082,"tipo":"led 15va","Potencia":120,"Columna":"baja"},"geometry":{"type":"MultiPoint","coordinates":[[-58.77175799999987,-38.163399000005803,98.420135]]}},
{"type":"Feature","properties":{"id":1083,"tipo":"led 15va","Potencia":120,"Columna":"baja"},"geometry":{"type":"MultiPoint","coordinates":[[-58.77148699999988,-38.163176000005791,98.420135]]}},
{"type":"Feature","properties":{"id":1084,"tipo":"led 15va","Potencia":120,"Columna":"baja"},"geometry":{"type":"MultiPoint","coordinates":[[-58.771223999999883,-38.162963000005796,98.420135]]}},
{"type":"Feature","properties":{"id":1085,"tipo":"led 15va","Potencia":120,"Columna":"baja"},"geometry":{"type":"MultiPoint","coordinates":[[-58.771000999999885,-38.162786000005802,98.420135]]}},
{"type":"Feature","properties":{"id":1086,"tipo":"led 15va","Potencia":120,"Columna":"baja"},"geometry":{"type":"MultiPoint","coordinates":[[-58.770779999999874,-38.162479000005803,98.420135]]}},
{"type":"Feature","properties":{"id":1087,"tipo":"led 15va","Potencia":120,"Columna":"baja"},"geometry":{"type":"MultiPoint","coordinates":[[-58.770474999999891,-38.162248000005796,98.420135]]}},
{"type":"Feature","properties":{"id":1088,"tipo":"led 15va","Potencia":120,"Columna":"baja"},"geometry":{"type":"MultiPoint","coordinates":[[-58.770236999999888,-38.162041000005814,98.420135]]}},
{"type":"Feature","properties":{"id":1089,"tipo":"led 15va","Potencia":120,"Columna":"baja"},"geometry":{"type":"MultiPoint","coordinates":[[-58.769963999999888,-38.161818000005802,98.420135]]}},
{"type":"Feature","properties":{"id":1090,"tipo":"led 15va","Potencia":120,"Columna":"baja"},"geometry":{"type":"MultiPoint","coordinates":[[-58.771279999999869,-38.163087000005795,98.420135]]}},
{"type":"Feature","properties":{"id":1091,"tipo":"led 15va","Potencia":120,"Columna":"baja"},"geometry":{"type":"MultiPoint","coordinates":[[-58.771055999999881,-38.163269000005791,98.420135]]}},
{"type":"Feature","properties":{"id":1092,"tipo":"led 15va","Potencia":120,"Columna":"baja"},"geometry":{"type":"MultiPoint","coordinates":[[-58.770847999999887,-38.163443000005792,98.420135]]}},
{"type":"Feature","properties":{"id":1093,"tipo":"led 15va","Potencia":120,"Columna":"baja"},"geometry":{"type":"MultiPoint","coordinates":[[-58.770641999999889,-38.163618000005791,98.429466]]}},
{"type":"Feature","properties":{"id":1094,"tipo":"led 15va","Potencia":120,"Columna":"baja"},"geometry":{"type":"MultiPoint","coordinates":[[-58.771111999999889,-38.1642390000058,98.420135]]}},
{"type":"Feature","properties":{"id":1095,"tipo":"led 15va","Potencia":120,"Columna":"baja"},"geometry":{"type":"MultiPoint","coordinates":[[-58.771319999999882,-38.164413000005808,98.420135]]}},
{"type":"Feature","properties":{"id":1096,"tipo":"led 15va","Potencia":120,"Columna":"baja"},"geometry":{"type":"MultiPoint","coordinates":[[-58.771592999999896,-38.164608000005799,98.420135]]}},
{"type":"Feature","properties":{"id":1097,"tipo":"led 15va","Potencia":120,"Columna":"baja"},"geometry":{"type":"MultiPoint","coordinates":[[-58.771789999999882,-38.164781000005796,98.420135]]}},
{"type":"Feature","properties":{"id":1098,"tipo":"led 15va","Potencia":120,"Columna":"baja"},"geometry":{"type":"MultiPoint","coordinates":[[-58.772014999999882,-38.16495200000579,98.420135]]}},
{"type":"Feature","properties":{"id":1099,"tipo":null,"Potencia":null,"Columna":null},"geometry":{"type":"MultiPoint","coordinates":[[-58.772960999999881,-38.165885000005808,98.420135]]}},
{"type":"Feature","properties":{"id":1100,"tipo":null,"Potencia":null,"Columna":null},"geometry":{"type":"MultiPoint","coordinates":[[-58.773307999999879,-38.166169000005794,98.420135]]}},
{"type":"Feature","properties":{"id":1101,"tipo":null,"Potencia":null,"Columna":null},"geometry":{"type":"MultiPoint","coordinates":[[-58.773101999999881,-38.1666790000058,98.420135]]}},
{"type":"Feature","properties":{"id":1102,"tipo":null,"Potencia":null,"Columna":null},"geometry":{"type":"MultiPoint","coordinates":[[-58.773546999999873,-38.166685000005799,98.420135]]}},
{"type":"Feature","properties":{"id":1103,"tipo":null,"Potencia":null,"Columna":null},"geometry":{"type":"MultiPoint","coordinates":[[-58.773494999999883,-38.166378000005807,98.420135]]}},
{"type":"Feature","properties":{"id":1104,"tipo":null,"Potencia":null,"Columna":null},"geometry":{"type":"MultiPoint","coordinates":[[-58.774050999999879,-38.166279000005801,98.420135]]}},
{"type":"Feature","properties":{"id":1105,"tipo":null,"Potencia":null,"Columna":null},"geometry":{"type":"MultiPoint","coordinates":[[-58.774067999999872,-38.165933000005815,98.420135]]}},
{"type":"Feature","properties":{"id":1106,"tipo":null,"Potencia":null,"Columna":null},"geometry":{"type":"MultiPoint","coordinates":[[-58.77427999999987,-38.165781000005808,98.420135]]}},
{"type":"Feature","properties":{"id":1107,"tipo":"led 15va","Potencia":150,"Columna":"alta"},"geometry":{"type":"MultiPoint","coordinates":[[-58.773393999999882,-38.167430000005801,98.420135]]}},
{"type":"Feature","properties":{"id":1108,"tipo":"led 15va","Potencia":150,"Columna":"alta"},"geometry":{"type":"MultiPoint","coordinates":[[-58.773732999999886,-38.1671800000058,98.420135]]}},
{"type":"Feature","properties":{"id":1109,"tipo":"led 15va","Potencia":150,"Columna":"alta"},"geometry":{"type":"MultiPoint","coordinates":[[-58.774060999999897,-38.166940000005802,98.420135]]}},
{"type":"Feature","properties":{"id":1110,"tipo":"led 15va","Potencia":150,"Columna":"alta"},"geometry":{"type":"MultiPoint","coordinates":[[-58.774358999999876,-38.1667100000058,98.420135]]}},
{"type":"Feature","properties":{"id":1111,"tipo":"led 15va","Potencia":150,"Columna":"alta"},"geometry":{"type":"MultiPoint","coordinates":[[-58.774628999999877,-38.166519000005799,98.420135]]}},
{"type":"Feature","properties":{"id":1112,"tipo":"led 15va","Potencia":150,"Columna":"alta"},"geometry":{"type":"MultiPoint","coordinates":[[-58.774994999999883,-38.166247000005797,98.420135]]}},
{"type":"Feature","properties":{"id":1113,"tipo":"led 15va","Potencia":150,"Columna":"alta"},"geometry":{"type":"MultiPoint","coordinates":[[-58.775283999999886,-38.166018000005792,98.420135]]}},
{"type":"Feature","properties":{"id":1114,"tipo":"led 15va","Potencia":150,"Columna":"alta"},"geometry":{"type":"MultiPoint","coordinates":[[-58.775582999999884,-38.165791000005811,98.420135]]}},
{"type":"Feature","properties":{"id":1115,"tipo":"led 15va","Potencia":150,"Columna":"alta"},"geometry":{"type":"MultiPoint","coordinates":[[-58.775963999999888,-38.165492000005813,98.420135]]}},
{"type":"Feature","properties":{"id":1116,"tipo":"led 14va","Potencia":150,"Columna":"alta"},"geometry":{"type":"MultiPoint","coordinates":[[-58.776255999999883,-38.1652550000058,98.420135]]}},
{"type":"Feature","properties":{"id":1117,"tipo":"led 14va","Potencia":150,"Columna":"alta"},"geometry":{"type":"MultiPoint","coordinates":[[-58.776512999999881,-38.165050000005799,98.420135]]}},
{"type":"Feature","properties":{"id":1118,"tipo":"led 14va","Potencia":150,"Columna":"alta"},"geometry":{"type":"MultiPoint","coordinates":[[-58.776903999999888,-38.164756000005816,98.420135]]}},
{"type":"Feature","properties":{"id":1119,"tipo":"led 11va","Potencia":null,"Columna":null},"geometry":{"type":"MultiPoint","coordinates":[[-58.777204999999881,-38.164534000005801,98.410805]]}},
{"type":"Feature","properties":{"id":1120,"tipo":"led 11va","Potencia":null,"Columna":null},"geometry":{"type":"MultiPoint","coordinates":[[-58.777473999999877,-38.164350000005797,98.410805]]}},
{"type":"Feature","properties":{"id":1121,"tipo":"led 11va","Potencia":null,"Columna":null},"geometry":{"type":"MultiPoint","coordinates":[[-58.777858999999886,-38.164071000005812,98.410805]]}},
{"type":"Feature","properties":{"id":1122,"tipo":"led","Potencia":null,"Columna":null},"geometry":{"type":"MultiPoint","coordinates":[[-58.778139999999894,-38.163844000005803,100.099663]]}},
{"type":"Feature","properties":{"id":1123,"tipo":"led","Potencia":null,"Columna":null},"geometry":{"type":"MultiPoint","coordinates":[[-58.778413999999884,-38.16362400000579,100.706154]]}},
{"type":"Feature","properties":{"id":1124,"tipo":"led","Potencia":null,"Columna":null},"geometry":{"type":"MultiPoint","coordinates":[[-58.77878599999989,-38.163329000005803,101.340645]]}},
{"type":"Feature","properties":{"id":1125,"tipo":"led","Potencia":null,"Columna":null},"geometry":{"type":"MultiPoint","coordinates":[[-58.779040999999879,-38.163143000005803,102.021782]]}},
{"type":"Feature","properties":{"id":1126,"tipo":"led","Potencia":null,"Columna":null},"geometry":{"type":"MultiPoint","coordinates":[[-58.779247999999882,-38.163010000005819,102.021782]]}},
{"type":"Feature","properties":{"id":1127,"tipo":"led","Potencia":null,"Columna":null},"geometry":{"type":"MultiPoint","coordinates":[[-58.779464999999888,-38.162837000005823,102.021782]]}},
{"type":"Feature","properties":{"id":1128,"tipo":"led","Potencia":null,"Columna":null},"geometry":{"type":"MultiPoint","coordinates":[[-58.77963699999988,-38.162581000005815,102.021782]]}},
{"type":"Feature","properties":{"id":1129,"tipo":"led","Potencia":null,"Columna":null},"geometry":{"type":"MultiPoint","coordinates":[[-58.780012999999883,-38.162392000005809,102.021782]]}},
{"type":"Feature","properties":{"id":1130,"tipo":"led","Potencia":null,"Columna":null},"geometry":{"type":"MultiPoint","coordinates":[[-58.780169999999877,-38.16217200000581,102.021782]]}},
{"type":"Feature","properties":{"id":1131,"tipo":"led","Potencia":null,"Columna":null},"geometry":{"type":"MultiPoint","coordinates":[[-58.780420999999876,-38.162082000005817,102.021782]]}},
{"type":"Feature","properties":{"id":1132,"tipo":"led","Potencia":null,"Columna":null},"geometry":{"type":"MultiPoint","coordinates":[[-58.780558999999862,-38.161843000005796,102.021782]]}},
{"type":"Feature","properties":{"id":1133,"tipo":"led","Potencia":null,"Columna":null},"geometry":{"type":"MultiPoint","coordinates":[[-58.781632999999886,-38.162678000005812,102.021782]]}},
{"type":"Feature","properties":{"id":1134,"tipo":"led","Potencia":null,"Columna":null},"geometry":{"type":"MultiPoint","coordinates":[[-58.781507999999889,-38.162878000005797,102.021782]]}},
{"type":"Feature","properties":{"id":1135,"tipo":"led","Potencia":null,"Columna":null},"geometry":{"type":"MultiPoint","coordinates":[[-58.781280999999879,-38.162989000005815,102.021782]]}},
{"type":"Feature","properties":{"id":1136,"tipo":"led","Potencia":null,"Columna":null},"geometry":{"type":"MultiPoint","coordinates":[[-58.781178999999888,-38.163175000005815,102.021782]]}},
{"type":"Feature","properties":{"id":1137,"tipo":"led","Potencia":null,"Columna":null},"geometry":{"type":"MultiPoint","coordinates":[[-58.780662999999883,-38.16349500000581,102.021782]]}},
{"type":"Feature","properties":{"id":1138,"tipo":"led","Potencia":null,"Columna":null},"geometry":{"type":"MultiPoint","coordinates":[[-58.780566999999884,-38.163671000005813,102.021782]]}},
{"type":"Feature","properties":{"id":1139,"tipo":"led","Potencia":null,"Columna":null},"geometry":{"type":"MultiPoint","coordinates":[[-58.780346999999878,-38.163746000005823,102.021782]]}},
{"type":"Feature","properties":{"id":1140,"tipo":"led","Potencia":null,"Columna":null},"geometry":{"type":"MultiPoint","coordinates":[[-58.78024399999989,-38.163906000005809,102.021782]]}},
{"type":"Feature","properties":{"id":1141,"tipo":"led","Potencia":null,"Columna":null},"geometry":{"type":"MultiPoint","coordinates":[[-58.779721999999886,-38.164184000005804,102.021782]]}},
{"type":"Feature","properties":{"id":1142,"tipo":"led","Potencia":null,"Columna":null},"geometry":{"type":"MultiPoint","coordinates":[[-58.779619999999895,-38.164368000005808,102.021782]]}},
{"type":"Feature","properties":{"id":1143,"tipo":"led","Potencia":null,"Columna":null},"geometry":{"type":"MultiPoint","coordinates":[[-58.779388999999895,-38.164466000005802,102.021782]]}},
{"type":"Feature","properties":{"id":1144,"tipo":"led","Potencia":null,"Columna":null},"geometry":{"type":"MultiPoint","coordinates":[[-58.779294999999877,-38.164635000005809,102.021782]]}},
{"type":"Feature","properties":{"id":1145,"tipo":"led","Potencia":null,"Columna":null},"geometry":{"type":"MultiPoint","coordinates":[[-58.778746999999889,-38.164931000005822,102.021782]]}},
{"type":"Feature","properties":{"id":1146,"tipo":"led","Potencia":null,"Columna":null},"geometry":{"type":"MultiPoint","coordinates":[[-58.778647999999876,-38.165115000005798,102.021782]]}},
{"type":"Feature","properties":{"id":1147,"tipo":"led","Potencia":null,"Columna":null},"geometry":{"type":"MultiPoint","coordinates":[[-58.778446999999886,-38.165190000005808,102.021782]]}},
{"type":"Feature","properties":{"id":1148,"tipo":"led","Potencia":null,"Columna":null},"geometry":{"type":"MultiPoint","coordinates":[[-58.778337999999884,-38.165365000005806,102.021782]]}},
{"type":"Feature","properties":{"id":1149,"tipo":"led 12va","Potencia":null,"Columna":null},"geometry":{"type":"MultiPoint","coordinates":[[-58.777917999999893,-38.165560000005804,102.021782]]}},
{"type":"Feature","properties":{"id":1150,"tipo":"led 12va","Potencia":150,"Columna":"alta"},"geometry":{"type":"MultiPoint","coordinates":[[-58.777765999999886,-38.165770000005814,102.021782]]}},
{"type":"Feature","properties":{"id":1151,"tipo":"led 12va","Potencia":150,"Columna":"alta"},"geometry":{"type":"MultiPoint","coordinates":[[-58.777498999999892,-38.165858000005805,102.031113]]}},
{"type":"Feature","properties":{"id":1152,"tipo":"led 12va","Potencia":null,"Columna":null},"geometry":{"type":"MultiPoint","coordinates":[[-58.77730299999989,-38.166132000005803,102.031113]]}},
{"type":"Feature","properties":{"id":1153,"tipo":"led 15va","Potencia":150,"Columna":"alta"},"geometry":{"type":"MultiPoint","coordinates":[[-58.776991999999879,-38.166285000005814,102.031113]]}},
{"type":"Feature","properties":{"id":1154,"tipo":"led 15va","Potencia":150,"Columna":"alta"},"geometry":{"type":"MultiPoint","coordinates":[[-58.77681699999988,-38.166511000005805,102.292374]]}},
{"type":"Feature","properties":{"id":1155,"tipo":"led 15va","Potencia":150,"Columna":"alta"},"geometry":{"type":"MultiPoint","coordinates":[[-58.776480999999883,-38.1666960000058,102.460327]]}},
{"type":"Feature","properties":{"id":1156,"tipo":"led 15va","Potencia":150,"Columna":"alta"},"geometry":{"type":"MultiPoint","coordinates":[[-58.776319999999885,-38.166905000005798,102.311035]]}},
{"type":"Feature","properties":{"id":1157,"tipo":"led 15va","Potencia":150,"Columna":"alta"},"geometry":{"type":"MultiPoint","coordinates":[[-58.776017999999887,-38.167035000005804,102.385681]]}},
{"type":"Feature","properties":{"id":1158,"tipo":"led 15va","Potencia":150,"Columna":"alta"},"geometry":{"type":"MultiPoint","coordinates":[[-58.775843999999886,-38.167261000005801,102.628281]]}},
{"type":"Feature","properties":{"id":1159,"tipo":"led 15va","Potencia":150,"Columna":"alta"},"geometry":{"type":"MultiPoint","coordinates":[[-58.775541999999874,-38.167395000005797,102.590958]]}},
{"type":"Feature","properties":{"id":1160,"tipo":"led 15va","Potencia":150,"Columna":"alta"},"geometry":{"type":"MultiPoint","coordinates":[[-58.775402999999869,-38.167575000005812,102.208397]]}},
{"type":"Feature","properties":{"id":1161,"tipo":"led 15va","Potencia":150,"Columna":"alta"},"geometry":{"type":"MultiPoint","coordinates":[[-58.775075999999878,-38.167728000005781,102.208397]]}},
{"type":"Feature","properties":{"id":1162,"tipo":"led 15va","Potencia":150,"Columna":"alta"},"geometry":{"type":"MultiPoint","coordinates":[[-58.77488099999988,-38.167991000005799,102.208397]]}},
{"type":"Feature","properties":{"id":1163,"tipo":"led 15va","Potencia":150,"Columna":"alta"},"geometry":{"type":"MultiPoint","coordinates":[[-58.774638999999894,-38.168071000005803,102.208397]]}},
{"type":"Feature","properties":{"id":1164,"tipo":"led 15va","Potencia":150,"Columna":"alta"},"geometry":{"type":"MultiPoint","coordinates":[[-58.774483999999873,-38.168290000005797,102.208397]]}},
{"type":"Feature","properties":{"id":1165,"tipo":null,"Potencia":null,"Columna":null},"geometry":{"type":"MultiPoint","coordinates":[[-58.774103999999873,-38.168468000005795,102.208397]]}},
{"type":"Feature","properties":{"id":1166,"tipo":null,"Potencia":null,"Columna":null},"geometry":{"type":"MultiPoint","coordinates":[[-58.773853999999893,-38.16863900000579,102.208397]]}},
{"type":"Feature","properties":{"id":1167,"tipo":null,"Potencia":null,"Columna":null},"geometry":{"type":"MultiPoint","coordinates":[[-58.773475999999889,-38.168939000005807,102.217728]]}},
{"type":"Feature","properties":{"id":1168,"tipo":null,"Potencia":null,"Columna":null},"geometry":{"type":"MultiPoint","coordinates":[[-58.773341999999893,-38.169084000005796,102.217728]]}},
{"type":"Feature","properties":{"id":1169,"tipo":null,"Potencia":null,"Columna":null},"geometry":{"type":"MultiPoint","coordinates":[[-58.772971306892074,-38.169490809756049,102.189735]]}},
{"type":"Feature","properties":{"id":1170,"tipo":null,"Potencia":null,"Columna":null},"geometry":{"type":"MultiPoint","coordinates":[[-58.771791999999877,-38.170213000005788,99.829071]]}},
{"type":"Feature","properties":{"id":1171,"tipo":null,"Potencia":null,"Columna":null},"geometry":{"type":"MultiPoint","coordinates":[[-58.771515999999885,-38.170430000005808,99.829071]]}},
{"type":"Feature","properties":{"id":1172,"tipo":null,"Potencia":null,"Columna":null},"geometry":{"type":"MultiPoint","coordinates":[[-58.771053999999886,-38.170782000005808,99.829071]]}},
{"type":"Feature","properties":{"id":1173,"tipo":null,"Potencia":null,"Columna":null},"geometry":{"type":"MultiPoint","coordinates":[[-58.770539999999876,-38.169675000005789,99.829071]]}},
{"type":"Feature","properties":{"id":1174,"tipo":null,"Potencia":null,"Columna":null},"geometry":{"type":"MultiPoint","coordinates":[[-58.77086099999989,-38.169414000005787,99.829071]]}},
{"type":"Feature","properties":{"id":1175,"tipo":null,"Potencia":null,"Columna":null},"geometry":{"type":"MultiPoint","coordinates":[[-58.771483999999873,-38.168997000005788,99.829071]]}},
{"type":"Feature","properties":{"id":1176,"tipo":null,"Potencia":null,"Columna":null},"geometry":{"type":"MultiPoint","coordinates":[[-58.772657999999879,-38.167883000005808,99.829071]]}},
{"type":"Feature","properties":{"id":1177,"tipo":null,"Potencia":null,"Columna":null},"geometry":{"type":"MultiPoint","coordinates":[[-58.772867999999889,-38.167703000005815,99.829071]]}},
{"type":"Feature","properties":{"id":1178,"tipo":null,"Potencia":null,"Columna":null},"geometry":{"type":"MultiPoint","coordinates":[[-58.773172999999886,-38.16761500000581,99.81974]]}},
{"type":"Feature","properties":{"id":1179,"tipo":"led","Potencia":null,"Columna":null},"geometry":{"type":"MultiPoint","coordinates":[[-58.774342999999888,-38.166883000005797,99.81974]]}},
{"type":"Feature","properties":{"id":1180,"tipo":"led","Potencia":null,"Columna":null},"geometry":{"type":"MultiPoint","coordinates":[[-58.774624999999887,-38.167218000005789,99.81974]]}},
{"type":"Feature","properties":{"id":1181,"tipo":"led","Potencia":null,"Columna":null},"geometry":{"type":"MultiPoint","coordinates":[[-58.774874999999881,-38.167334000005795,99.81974]]}},
{"type":"Feature","properties":{"id":1182,"tipo":null,"Potencia":null,"Columna":null},"geometry":{"type":"MultiPoint","coordinates":[[-58.774380999999892,-38.167709000005821,99.81974]]}},
{"type":"Feature","properties":{"id":1183,"tipo":null,"Potencia":null,"Columna":null},"geometry":{"type":"MultiPoint","coordinates":[[-58.774091999999889,-38.167502000005811,99.81974]]}},
{"type":"Feature","properties":{"id":1184,"tipo":"led","Potencia":null,"Columna":null},"geometry":{"type":"MultiPoint","coordinates":[[-58.775035999999872,-38.167536000005803,99.81974]]}},
{"type":"Feature","properties":{"id":1185,"tipo":"led","Potencia":null,"Columna":null},"geometry":{"type":"MultiPoint","coordinates":[[-58.775405999999883,-38.167737000005808,99.81974]]}},
{"type":"Feature","properties":{"id":1186,"tipo":"led","Potencia":null,"Columna":null},"geometry":{"type":"MultiPoint","coordinates":[[-58.775557364583726,-38.167993706353379,99.81974]]}},
{"type":"Feature","properties":{"id":1187,"tipo":"led","Potencia":null,"Columna":null},"geometry":{"type":"MultiPoint","coordinates":[[-58.775800999999895,-38.1680720000058,99.81974]]}},
{"type":"Feature","properties":{"id":1188,"tipo":"led","Potencia":null,"Columna":null},"geometry":{"type":"MultiPoint","coordinates":[[-58.775944999999886,-38.168301000005791,99.81974]]}},
{"type":"Feature","properties":{"id":1189,"tipo":"led","Potencia":null,"Columna":null},"geometry":{"type":"MultiPoint","coordinates":[[-58.776208999999888,-38.1683790000058,99.81974]]}},
{"type":"Feature","properties":{"id":1190,"tipo":"led","Potencia":null,"Columna":null},"geometry":{"type":"MultiPoint","coordinates":[[-58.782870999999886,-38.163559000005812,69.793571]]}},
{"type":"Feature","properties":{"id":1191,"tipo":"led","Potencia":null,"Columna":null},"geometry":{"type":"MultiPoint","coordinates":[[-58.782539999999884,-38.163772000005814,69.793571]]}},
{"type":"Feature","properties":{"id":1192,"tipo":"led","Potencia":null,"Columna":null},"geometry":{"type":"MultiPoint","coordinates":[[-58.782213999999897,-38.164037000005813,69.802902]]}},
{"type":"Feature","properties":{"id":1193,"tipo":"led","Potencia":null,"Columna":null},"geometry":{"type":"MultiPoint","coordinates":[[-58.781901999999896,-38.164262000005806,69.802902]]}},
{"type":"Feature","properties":{"id":1194,"tipo":"led","Potencia":null,"Columna":null},"geometry":{"type":"MultiPoint","coordinates":[[-58.781653757069343,-38.164474125472651,69.802902]]}},
{"type":"Feature","properties":{"id":1195,"tipo":"led","Potencia":null,"Columna":null},"geometry":{"type":"MultiPoint","coordinates":[[-58.781285999999888,-38.164765000005822,69.802902]]}},
{"type":"Feature","properties":{"id":1196,"tipo":"led","Potencia":null,"Columna":null},"geometry":{"type":"MultiPoint","coordinates":[[-58.78098699999989,-38.1649680000058,69.802902]]}},
{"type":"Feature","properties":{"id":1197,"tipo":"led","Potencia":null,"Columna":null},"geometry":{"type":"MultiPoint","coordinates":[[-58.780653999999885,-38.165258000005814,69.802902]]}},
{"type":"Feature","properties":{"id":1198,"tipo":"led","Potencia":null,"Columna":null},"geometry":{"type":"MultiPoint","coordinates":[[-58.780309999999872,-38.165454000005809,69.802902]]}},
{"type":"Feature","properties":{"id":1199,"tipo":"led","Potencia":null,"Columna":null},"geometry":{"type":"MultiPoint","coordinates":[[-58.77999966951721,-38.165690593015974,69.802902]]}},
{"type":"Feature","properties":{"id":1200,"tipo":"led","Potencia":null,"Columna":null},"geometry":{"type":"MultiPoint","coordinates":[[-58.779334999999882,-38.166060000005821,94.361282]]}},
{"type":"Feature","properties":{"id":1201,"tipo":"led","Potencia":null,"Columna":null},"geometry":{"type":"MultiPoint","coordinates":[[-58.77898699999988,-38.166359000005805,94.361282]]}},
{"type":"Feature","properties":{"id":1202,"tipo":"led","Potencia":null,"Columna":null},"geometry":{"type":"MultiPoint","coordinates":[[-58.778689999999877,-38.16658500000581,94.753174]]}},
{"type":"Feature","properties":{"id":1203,"tipo":"led","Potencia":null,"Columna":null},"geometry":{"type":"MultiPoint","coordinates":[[-58.778383999999889,-38.166830000005788,94.277313]]}},
{"type":"Feature","properties":{"id":1204,"tipo":"led","Potencia":null,"Columna":null},"geometry":{"type":"MultiPoint","coordinates":[[-58.778069999999886,-38.167077000005811,93.820107]]}},
{"type":"Feature","properties":{"id":1205,"tipo":"led","Potencia":null,"Columna":null},"geometry":{"type":"MultiPoint","coordinates":[[-58.777754999999885,-38.1673180000058,94.95845]]}},
{"type":"Feature","properties":{"id":1206,"tipo":"led","Potencia":null,"Columna":null},"geometry":{"type":"MultiPoint","coordinates":[[-58.777421999999888,-38.16757300000581,94.95845]]}},
{"type":"Feature","properties":{"id":1207,"tipo":"led","Potencia":null,"Columna":null},"geometry":{"type":"MultiPoint","coordinates":[[-58.777129999999879,-38.1677850000058,94.95845]]}},
{"type":"Feature","properties":{"id":1208,"tipo":"led","Potencia":null,"Columna":null},"geometry":{"type":"MultiPoint","coordinates":[[-58.776829999999876,-38.168036000005806,94.95845]]}},
{"type":"Feature","properties":{"id":1209,"tipo":"led","Potencia":null,"Columna":null},"geometry":{"type":"MultiPoint","coordinates":[[-58.776475999999889,-38.168328000005808,94.95845]]}},
{"type":"Feature","properties":{"id":1210,"tipo":"led","Potencia":null,"Columna":null},"geometry":{"type":"MultiPoint","coordinates":[[-58.776204999999891,-38.168531000005807,94.95845]]}},
{"type":"Feature","properties":{"id":1211,"tipo":"led","Potencia":null,"Columna":null},"geometry":{"type":"MultiPoint","coordinates":[[-58.775873999999874,-38.168795000005808,94.95845]]}},
{"type":"Feature","properties":{"id":1212,"tipo":"led","Potencia":null,"Columna":null},"geometry":{"type":"MultiPoint","coordinates":[[-58.775531999999885,-38.169047000005797,94.95845]]}},
{"type":"Feature","properties":{"id":1213,"tipo":"led","Potencia":null,"Columna":null},"geometry":{"type":"MultiPoint","coordinates":[[-58.775181999999887,-38.169181000005814,94.95845]]}},
{"type":"Feature","properties":{"id":1214,"tipo":"led","Potencia":null,"Columna":null},"geometry":{"type":"MultiPoint","coordinates":[[-58.775106999999885,-38.168991000005789,94.95845]]}},
{"type":"Feature","properties":{"id":1215,"tipo":"led","Potencia":null,"Columna":null},"geometry":{"type":"MultiPoint","coordinates":[[-58.774798999999888,-38.168871000005801,94.95845]]}},
{"type":"Feature","properties":{"id":1216,"tipo":"led","Potencia":null,"Columna":null},"geometry":{"type":"MultiPoint","coordinates":[[-58.774667999999892,-38.168642000005811,94.95845]]}},
{"type":"Feature","properties":{"id":1217,"tipo":"led","Potencia":null,"Columna":null},"geometry":{"type":"MultiPoint","coordinates":[[-58.774404999999881,-38.168535000005797,94.95845]]}},
{"type":"Feature","properties":{"id":1218,"tipo":"led 15va","Potencia":150,"Columna":"alta"},"geometry":{"type":"MultiPoint","coordinates":[[-58.774142999999874,-38.168254000005788,95.061089]]}},
{"type":"Feature","properties":{"id":1219,"tipo":"led 15va","Potencia":150,"Columna":"alta"},"geometry":{"type":"MultiPoint","coordinates":[[-58.773867999999887,-38.168122000005788,95.061089]]}},
{"type":"Feature","properties":{"id":1220,"tipo":"led 15va","Potencia":150,"Columna":"alta"},"geometry":{"type":"MultiPoint","coordinates":[[-58.773608999999887,-38.167790000005802,95.061089]]}},
{"type":"Feature","properties":{"id":1221,"tipo":"led 15va","Potencia":150,"Columna":"alta"},"geometry":{"type":"MultiPoint","coordinates":[[-58.773321999999887,-38.167668000005804,95.061089]]}},
{"type":"Feature","properties":{"id":1222,"tipo":null,"Potencia":null,"Columna":null},"geometry":{"type":"MultiPoint","coordinates":[[-58.772906999999876,-38.167178000005791,95.061089]]}},
{"type":"Feature","properties":{"id":1223,"tipo":null,"Potencia":null,"Columna":null},"geometry":{"type":"MultiPoint","coordinates":[[-58.772592999999894,-38.166924000005814,95.061089]]}},
{"type":"Feature","properties":{"id":1224,"tipo":null,"Potencia":null,"Columna":null},"geometry":{"type":"MultiPoint","coordinates":[[-58.772382999999891,-38.16675100000581,95.070419]]}},
{"type":"Feature","properties":{"id":1225,"tipo":null,"Potencia":null,"Columna":null},"geometry":{"type":"MultiPoint","coordinates":[[-58.772779999999869,-38.168629000005801,95.070419]]}},
{"type":"Feature","properties":{"id":1226,"tipo":"led 15va","Potencia":150,"Columna":"alta"},"geometry":{"type":"MultiPoint","coordinates":[[-58.773520999999889,-38.169190000005798,95.070419]]}},
{"type":"Feature","properties":{"id":1227,"tipo":"led 15va","Potencia":150,"Columna":"alta"},"geometry":{"type":"MultiPoint","coordinates":[[-58.773669999999889,-38.169408000005795,95.070419]]}},
{"type":"Feature","properties":{"id":1228,"tipo":"led 15va","Potencia":150,"Columna":"alta"},"geometry":{"type":"MultiPoint","coordinates":[[-58.773905999999883,-38.1695160000058,95.070419]]}},
{"type":"Feature","properties":{"id":1229,"tipo":"led 15va","Potencia":150,"Columna":"alta"},"geometry":{"type":"MultiPoint","coordinates":[[-58.774061999999887,-38.169711000005812,95.070419]]}},
{"type":"Feature","properties":{"id":1230,"tipo":"led 15va","Potencia":150,"Columna":"alta"},"geometry":{"type":"MultiPoint","coordinates":[[-58.774352999999877,-38.169850000005795,95.061089]]}},
{"type":"Feature","properties":{"id":1231,"tipo":"led 15va","Potencia":150,"Columna":"alta"},"geometry":{"type":"MultiPoint","coordinates":[[-58.773422999999895,-38.170619000005814,95.070419]]}},
{"type":"Feature","properties":{"id":1232,"tipo":"led 15va","Potencia":150,"Columna":"alta"},"geometry":{"type":"MultiPoint","coordinates":[[-58.773153999999884,-38.170490000005813,95.070419]]}},
{"type":"Feature","properties":{"id":1233,"tipo":"led 15va","Potencia":150,"Columna":"alta"},"geometry":{"type":"MultiPoint","coordinates":[[-58.773001999999885,-38.170276000005799,95.070419]]}},
{"type":"Feature","properties":{"id":1234,"tipo":"led 15va","Potencia":150,"Columna":"alta"},"geometry":{"type":"MultiPoint","coordinates":[[-58.772734999999884,-38.170144000005813,95.070419]]}},
{"type":"Feature","properties":{"id":1235,"tipo":"led 15va","Potencia":150,"Columna":"alta"},"geometry":{"type":"MultiPoint","coordinates":[[-58.772574999999883,-38.169909000005781,95.070419]]}},
{"type":"Feature","properties":{"id":1236,"tipo":null,"Potencia":null,"Columna":null},"geometry":{"type":"MultiPoint","coordinates":[[-58.772367999999879,-38.169701000005801,95.070419]]}},
{"type":"Feature","properties":{"id":1237,"tipo":null,"Potencia":null,"Columna":null},"geometry":{"type":"MultiPoint","coordinates":[[-58.77063799999987,-38.169838000005797,95.070419]]}},
{"type":"Feature","properties":{"id":1238,"tipo":null,"Potencia":null,"Columna":null},"geometry":{"type":"MultiPoint","coordinates":[[-58.771004999999889,-38.170087000005807,95.070419]]}},
{"type":"Feature","properties":{"id":1239,"tipo":null,"Potencia":null,"Columna":null},"geometry":{"type":"MultiPoint","coordinates":[[-58.771343999999878,-38.17035600000581,95.070419]]}},
{"type":"Feature","properties":{"id":1240,"tipo":null,"Potencia":null,"Columna":null},"geometry":{"type":"MultiPoint","coordinates":[[-58.77220999999988,-38.171050000005785,95.070419]]}},
{"type":"Feature","properties":{"id":1241,"tipo":"led","Potencia":null,"Columna":null},"geometry":{"type":"MultiPoint","coordinates":[[-58.775283999999886,-38.169309000005804,93.437546]]}},
{"type":"Feature","properties":{"id":1242,"tipo":"led","Potencia":null,"Columna":null},"geometry":{"type":"MultiPoint","coordinates":[[-58.774973999999894,-38.169564000005806,93.437546]]}},
{"type":"Feature","properties":{"id":1243,"tipo":"led","Potencia":null,"Columna":null},"geometry":{"type":"MultiPoint","coordinates":[[-58.77463199999989,-38.169801000005798,93.437546]]}},
{"type":"Feature","properties":{"id":1244,"tipo":"led","Potencia":null,"Columna":null},"geometry":{"type":"MultiPoint","coordinates":[[-58.774350999999882,-38.170027000005796,93.437546]]}},
{"type":"Feature","properties":{"id":1245,"tipo":"led","Potencia":null,"Columna":null},"geometry":{"type":"MultiPoint","coordinates":[[-58.774013999999873,-38.170278000005794,93.446877]]}},
{"type":"Feature","properties":{"id":1246,"tipo":"led","Potencia":null,"Columna":null},"geometry":{"type":"MultiPoint","coordinates":[[-58.773688999999891,-38.170511000005781,93.446877]]}},
{"type":"Feature","properties":{"id":1247,"tipo":"led","Potencia":null,"Columna":null},"geometry":{"type":"MultiPoint","coordinates":[[-58.773369999999886,-38.170736000005796,93.446877]]}},
{"type":"Feature","properties":{"id":1248,"tipo":"led","Potencia":null,"Columna":null},"geometry":{"type":"MultiPoint","coordinates":[[-58.773064999999889,-38.170965000005793,93.446877]]}},
{"type":"Feature","properties":{"id":1249,"tipo":"led","Potencia":null,"Columna":null},"geometry":{"type":"MultiPoint","coordinates":[[-58.772754999999883,-38.171233000005806,93.446877]]}},
{"type":"Feature","properties":{"id":1250,"tipo":"led","Potencia":null,"Columna":null},"geometry":{"type":"MultiPoint","coordinates":[[-58.772452999999885,-38.1714660000058,93.446877]]}},
{"type":"Feature","properties":{"id":1251,"tipo":"led","Potencia":null,"Columna":null},"geometry":{"type":"MultiPoint","coordinates":[[-58.772138999999889,-38.171659000005803,93.446877]]}},
{"type":"Feature","properties":{"id":1252,"tipo":"led","Potencia":null,"Columna":null},"geometry":{"type":"MultiPoint","coordinates":[[-58.771827999999886,-38.171961000005808,93.446877]]}},
{"type":"Feature","properties":{"id":1253,"tipo":"led","Potencia":null,"Columna":null},"geometry":{"type":"MultiPoint","coordinates":[[-58.771946999999884,-38.172135000005788,93.446877]]}},
{"type":"Feature","properties":{"id":1254,"tipo":"led","Potencia":null,"Columna":null},"geometry":{"type":"MultiPoint","coordinates":[[-58.772154999999863,-38.171991000005804,93.446877]]}},
{"type":"Feature","properties":{"id":1255,"tipo":"led","Potencia":null,"Columna":null},"geometry":{"type":"MultiPoint","coordinates":[[-58.772487999999882,-38.17173000000578,93.446877]]}},
{"type":"Feature","properties":{"id":1256,"tipo":"led","Potencia":null,"Columna":null},"geometry":{"type":"MultiPoint","coordinates":[[-58.772762999999891,-38.171491000005794,93.446877]]}},
{"type":"Feature","properties":{"id":1257,"tipo":"led","Potencia":null,"Columna":null},"geometry":{"type":"MultiPoint","coordinates":[[-58.773088999999885,-38.171246000005794,93.446877]]}},
{"type":"Feature","properties":{"id":1258,"tipo":"led","Potencia":null,"Columna":null},"geometry":{"type":"MultiPoint","coordinates":[[-58.773377999999894,-38.171023000005796,93.446877]]}},
{"type":"Feature","properties":{"id":1259,"tipo":"led","Potencia":null,"Columna":null},"geometry":{"type":"MultiPoint","coordinates":[[-58.773690999999872,-38.170794000005792,93.446877]]}},
{"type":"Feature","properties":{"id":1260,"tipo":"led","Potencia":null,"Columna":null},"geometry":{"type":"MultiPoint","coordinates":[[-58.774028999999885,-38.170545000005795,93.446877]]}},
{"type":"Feature","properties":{"id":1261,"tipo":"led","Potencia":null,"Columna":null},"geometry":{"type":"MultiPoint","coordinates":[[-58.774350999999882,-38.170312000005808,93.446877]]}},
{"type":"Feature","properties":{"id":1262,"tipo":"led","Potencia":null,"Columna":null},"geometry":{"type":"MultiPoint","coordinates":[[-58.774632999999895,-38.170074000005798,93.437546]]}},
{"type":"Feature","properties":{"id":1263,"tipo":"led","Potencia":null,"Columna":null},"geometry":{"type":"MultiPoint","coordinates":[[-58.774965999999885,-38.16981800000579,93.437546]]}},
{"type":"Feature","properties":{"id":1264,"tipo":"led","Potencia":null,"Columna":null},"geometry":{"type":"MultiPoint","coordinates":[[-58.775287999999875,-38.169569000005808,93.437546]]}},
{"type":"Feature","properties":{"id":1265,"tipo":"led","Potencia":null,"Columna":null},"geometry":{"type":"MultiPoint","coordinates":[[-58.775602999999883,-38.169330000005793,93.437546]]}},
{"type":"Feature","properties":{"id":1266,"tipo":"led","Potencia":null,"Columna":null},"geometry":{"type":"MultiPoint","coordinates":[[-58.775923999999897,-38.169093000005809,93.437546]]}},
{"type":"Feature","properties":{"id":1267,"tipo":"led","Potencia":null,"Columna":null},"geometry":{"type":"MultiPoint","coordinates":[[-58.776260999999877,-38.168839000005804,95.257034]]}},
{"type":"Feature","properties":{"id":1268,"tipo":"led","Potencia":null,"Columna":null},"geometry":{"type":"MultiPoint","coordinates":[[-58.776539999999891,-38.168610000005813,94.361282]]}},
{"type":"Feature","properties":{"id":1269,"tipo":"led","Potencia":null,"Columna":null},"geometry":{"type":"MultiPoint","coordinates":[[-58.776860999999883,-38.168363000005812,94.631874]]}},
{"type":"Feature","properties":{"id":1270,"tipo":"led","Potencia":null,"Columna":null},"geometry":{"type":"MultiPoint","coordinates":[[-58.77719299999989,-38.168110000005811,94.538567]]}},
{"type":"Feature","properties":{"id":1271,"tipo":"led","Potencia":null,"Columna":null},"geometry":{"type":"MultiPoint","coordinates":[[-58.777478999999886,-38.167893000005812,94.566559]]}},
{"type":"Feature","properties":{"id":1272,"tipo":"led","Potencia":null,"Columna":null},"geometry":{"type":"MultiPoint","coordinates":[[-58.777812999999881,-38.167657000005804,94.725182]]}},
{"type":"Feature","properties":{"id":1273,"tipo":"led","Potencia":null,"Columna":null},"geometry":{"type":"MultiPoint","coordinates":[[-58.778129999999877,-38.167416000005801,94.538567]]}},
{"type":"Feature","properties":{"id":1274,"tipo":"led","Potencia":null,"Columna":null},"geometry":{"type":"MultiPoint","coordinates":[[-58.778407999999885,-38.1671970000058,95.313019]]}},
{"type":"Feature","properties":{"id":1275,"tipo":"led","Potencia":null,"Columna":null},"geometry":{"type":"MultiPoint","coordinates":[[-58.778750999999893,-38.166950000005805,96.535339]]}},
{"type":"Feature","properties":{"id":1276,"tipo":"led","Potencia":null,"Columna":null},"geometry":{"type":"MultiPoint","coordinates":[[-58.779123999999875,-38.166750000005806,95.826202]]}},
{"type":"Feature","properties":{"id":1277,"tipo":"led","Potencia":null,"Columna":null},"geometry":{"type":"MultiPoint","coordinates":[[-58.779392999999885,-38.166494000005805,94.743843]]}},
{"type":"Feature","properties":{"id":1278,"tipo":"led","Potencia":null,"Columna":null},"geometry":{"type":"MultiPoint","coordinates":[[-58.779753999999876,-38.166241000005805,95.910179]]}},
{"type":"Feature","properties":{"id":1279,"tipo":"led","Potencia":null,"Columna":null},"geometry":{"type":"MultiPoint","coordinates":[[-58.780060999999883,-38.166005000005796,95.751556]]}},
{"type":"Feature","properties":{"id":1280,"tipo":"led","Potencia":null,"Columna":null},"geometry":{"type":"MultiPoint","coordinates":[[-58.78031999999989,-38.16576900000581,95.611595]]}},
{"type":"Feature","properties":{"id":1281,"tipo":"led","Potencia":null,"Columna":null},"geometry":{"type":"MultiPoint","coordinates":[[-58.780666999999887,-38.165573000005821,96.17144]]}},
{"type":"Feature","properties":{"id":1282,"tipo":"led","Potencia":null,"Columna":null},"geometry":{"type":"MultiPoint","coordinates":[[-58.781027999999885,-38.165277000005823,96.17144]]}},
{"type":"Feature","properties":{"id":1283,"tipo":"led","Potencia":null,"Columna":null},"geometry":{"type":"MultiPoint","coordinates":[[-58.781246999999887,-38.165028000005812,96.17144]]}},
{"type":"Feature","properties":{"id":1284,"tipo":"led","Potencia":null,"Columna":null},"geometry":{"type":"MultiPoint","coordinates":[[-58.781579999999884,-38.164838000005815,96.17144]]}},
{"type":"Feature","properties":{"id":1285,"tipo":"led","Potencia":null,"Columna":null},"geometry":{"type":"MultiPoint","coordinates":[[-58.781933999999879,-38.164615000005796,96.17144]]}},
{"type":"Feature","properties":{"id":1286,"tipo":"led","Potencia":null,"Columna":null},"geometry":{"type":"MultiPoint","coordinates":[[-58.782539999999884,-38.16405500000581,96.162109]]}},
{"type":"Feature","properties":{"id":1287,"tipo":"led","Potencia":null,"Columna":null},"geometry":{"type":"MultiPoint","coordinates":[[-58.782193999999876,-38.164309000005808,96.17144]]}},
{"type":"Feature","properties":{"id":1288,"tipo":"led","Potencia":null,"Columna":null},"geometry":{"type":"MultiPoint","coordinates":[[-58.782862999999892,-38.163792000005806,96.162109]]}},
{"type":"Feature","properties":{"id":1289,"tipo":"led","Potencia":null,"Columna":null},"geometry":{"type":"MultiPoint","coordinates":[[-58.779660999999891,-38.165876000005809,94.361282]]}},
{"type":"Feature","properties":{"id":1290,"tipo":"led","Potencia":null,"Columna":null},"geometry":{"type":"MultiPoint","coordinates":[[-58.783004969783235,-38.163367240165137,136.293411]]}},
{"type":"Feature","properties":{"id":1291,"tipo":"led","Potencia":null,"Columna":null},"geometry":{"type":"MultiPoint","coordinates":[[-58.782674999999884,-38.163093000005816,136.293411]]}},
{"type":"Feature","properties":{"id":1292,"tipo":"led","Potencia":null,"Columna":null},"geometry":{"type":"MultiPoint","coordinates":[[-58.782383999999894,-38.162836000005818,136.293411]]}},
{"type":"Feature","properties":{"id":1293,"tipo":"led","Potencia":null,"Columna":null},"geometry":{"type":"MultiPoint","coordinates":[[-58.782006999999894,-38.162571000005812,137.506409]]}},
{"type":"Feature","properties":{"id":1294,"tipo":"led","Potencia":null,"Columna":null},"geometry":{"type":"MultiPoint","coordinates":[[-58.781739999999893,-38.162314000005807,136.218765]]}},
{"type":"Feature","properties":{"id":1295,"tipo":"led","Potencia":null,"Columna":null},"geometry":{"type":"MultiPoint","coordinates":[[-58.781512999999883,-38.162090000005804,136.927902]]}},
{"type":"Feature","properties":{"id":1296,"tipo":"led","Potencia":null,"Columna":null},"geometry":{"type":"MultiPoint","coordinates":[[-58.781257999999895,-38.161847000005807,137.142502]]}},
{"type":"Feature","properties":{"id":1297,"tipo":"led","Potencia":null,"Columna":null},"geometry":{"type":"MultiPoint","coordinates":[[-58.780599999999886,-38.161372000005805,137.12384]]}},
{"type":"Feature","properties":{"id":1298,"tipo":"led","Potencia":null,"Columna":null},"geometry":{"type":"MultiPoint","coordinates":[[-58.780220999999891,-38.161097000005817,137.487747]]}},
{"type":"Feature","properties":{"id":1299,"tipo":"led","Potencia":null,"Columna":null},"geometry":{"type":"MultiPoint","coordinates":[[-58.779943999999887,-38.1608450000058,137.02121]]}},
{"type":"Feature","properties":{"id":1300,"tipo":"led","Potencia":null,"Columna":null},"geometry":{"type":"MultiPoint","coordinates":[[-58.779717999999882,-38.160628000005822,136.843933]]}},
{"type":"Feature","properties":{"id":1301,"tipo":"led","Potencia":null,"Columna":null},"geometry":{"type":"MultiPoint","coordinates":[[-58.779373999999883,-38.160380000005823,137.282471]]}},
{"type":"Feature","properties":{"id":1302,"tipo":"led","Potencia":null,"Columna":null},"geometry":{"type":"MultiPoint","coordinates":[[-58.779028999999881,-38.160102000005821,137.12384]]}},
{"type":"Feature","properties":{"id":1303,"tipo":"led","Potencia":null,"Columna":null},"geometry":{"type":"MultiPoint","coordinates":[[-58.778431999999889,-38.159620000005802,137.515732]]}},
{"type":"Feature","properties":{"id":1304,"tipo":"led","Potencia":null,"Columna":null},"geometry":{"type":"MultiPoint","coordinates":[[-58.778122999999873,-38.159352000005796,137.478409]]}},
{"type":"Feature","properties":{"id":1305,"tipo":"led","Potencia":null,"Columna":null},"geometry":{"type":"MultiPoint","coordinates":[[-58.777529999999885,-38.158878000005814,137.36644]]}},
{"type":"Feature","properties":{"id":1306,"tipo":"led","Potencia":null,"Columna":null},"geometry":{"type":"MultiPoint","coordinates":[[-58.777193999999895,-38.158598000005796,136.99321]]}},
{"type":"Feature","properties":{"id":1307,"tipo":"led","Potencia":null,"Columna":null},"geometry":{"type":"MultiPoint","coordinates":[[-58.776903999999888,-38.158356000005817,137.077194]]}},
{"type":"Feature","properties":{"id":1308,"tipo":"led","Potencia":null,"Columna":null},"geometry":{"type":"MultiPoint","coordinates":[[-58.776606999999885,-38.158117000005795,137.086517]]}},
{"type":"Feature","properties":{"id":1309,"tipo":"led","Potencia":null,"Columna":null},"geometry":{"type":"MultiPoint","coordinates":[[-58.776302999999878,-38.157863000005804,137.086517]]}},
{"type":"Feature","properties":{"id":1310,"tipo":"led","Potencia":null,"Columna":null},"geometry":{"type":"MultiPoint","coordinates":[[-58.775978999999886,-38.157608000005823,137.086517]]}},
{"type":"Feature","properties":{"id":1311,"tipo":"led","Potencia":null,"Columna":null},"geometry":{"type":"MultiPoint","coordinates":[[-58.775665999999894,-38.157355000005815,137.086517]]}},
{"type":"Feature","properties":{"id":1312,"tipo":"led","Potencia":null,"Columna":null},"geometry":{"type":"MultiPoint","coordinates":[[-58.775397999999889,-38.157113000005808,137.086517]]}},
{"type":"Feature","properties":{"id":1313,"tipo":"led","Potencia":null,"Columna":null},"geometry":{"type":"MultiPoint","coordinates":[[-58.775088999999888,-38.15686900000582,137.086517]]}},
{"type":"Feature","properties":{"id":1314,"tipo":"led","Potencia":null,"Columna":null},"geometry":{"type":"MultiPoint","coordinates":[[-58.774754999999892,-38.156600000005803,137.086517]]}},
{"type":"Feature","properties":{"id":1315,"tipo":"led","Potencia":null,"Columna":null},"geometry":{"type":"MultiPoint","coordinates":[[-58.774653999999884,-38.156390000005814,137.086517]]}},
{"type":"Feature","properties":{"id":1316,"tipo":"led","Potencia":null,"Columna":null},"geometry":{"type":"MultiPoint","coordinates":[[-58.77486299999989,-38.156260000005808,137.086517]]}},
{"type":"Feature","properties":{"id":1317,"tipo":"led","Potencia":null,"Columna":null},"geometry":{"type":"MultiPoint","coordinates":[[-58.775086999999878,-38.156091000005809,137.086517]]}},
{"type":"Feature","properties":{"id":1318,"tipo":"led","Potencia":null,"Columna":null},"geometry":{"type":"MultiPoint","coordinates":[[-58.775351999999884,-38.155853000005806,137.086517]]}},
{"type":"Feature","properties":{"id":1319,"tipo":"led","Potencia":null,"Columna":null},"geometry":{"type":"MultiPoint","coordinates":[[-58.775592999999887,-38.155653000005813,137.086517]]}},
{"type":"Feature","properties":{"id":1320,"tipo":"led","Potencia":null,"Columna":null},"geometry":{"type":"MultiPoint","coordinates":[[-58.775825999999888,-38.15547100000579,137.086517]]}},
{"type":"Feature","properties":{"id":1321,"tipo":"led","Potencia":null,"Columna":null},"geometry":{"type":"MultiPoint","coordinates":[[-58.776056999999888,-38.155288000005818,137.086517]]}},
{"type":"Feature","properties":{"id":1322,"tipo":"led","Potencia":null,"Columna":null},"geometry":{"type":"MultiPoint","coordinates":[[-58.776285999999892,-38.155121000005813,137.086517]]}},
{"type":"Feature","properties":{"id":1323,"tipo":"led","Potencia":null,"Columna":null},"geometry":{"type":"MultiPoint","coordinates":[[-58.776528999999883,-38.154931000005817,137.086517]]}},
{"type":"Feature","properties":{"id":1324,"tipo":"led","Potencia":null,"Columna":null},"geometry":{"type":"MultiPoint","coordinates":[[-58.776760999999887,-38.15475800000582,137.086517]]}},
{"type":"Feature","properties":{"id":1325,"tipo":"led","Potencia":null,"Columna":null},"geometry":{"type":"MultiPoint","coordinates":[[-58.77698899999988,-38.154586000005814,137.086517]]}},
{"type":"Feature","properties":{"id":1326,"tipo":"led","Potencia":null,"Columna":null},"geometry":{"type":"MultiPoint","coordinates":[[-58.777226999999897,-38.1544030000058,137.086517]]}},
{"type":"Feature","properties":{"id":1327,"tipo":"led","Potencia":null,"Columna":null},"geometry":{"type":"MultiPoint","coordinates":[[-58.777480999999881,-38.154212000005799,137.077194]]}},
{"type":"Feature","properties":{"id":1328,"tipo":"led","Potencia":null,"Columna":null},"geometry":{"type":"MultiPoint","coordinates":[[-58.77772899999988,-38.154033000005803,137.077194]]}},
{"type":"Feature","properties":{"id":1329,"tipo":"led","Potencia":null,"Columna":null},"geometry":{"type":"MultiPoint","coordinates":[[-58.777977999999891,-38.153852000005813,137.077194]]}},
{"type":"Feature","properties":{"id":1330,"tipo":"led","Potencia":null,"Columna":null},"geometry":{"type":"MultiPoint","coordinates":[[-58.778192999999888,-38.153684000005804,137.077194]]}},
{"type":"Feature","properties":{"id":1331,"tipo":"led","Potencia":null,"Columna":null},"geometry":{"type":"MultiPoint","coordinates":[[-58.778434999999888,-38.153502000005822,137.077194]]}},
{"type":"Feature","properties":{"id":1332,"tipo":"led","Potencia":null,"Columna":null},"geometry":{"type":"MultiPoint","coordinates":[[-58.778684999999882,-38.153308000005822,137.077194]]}},
{"type":"Feature","properties":{"id":1333,"tipo":"led","Potencia":null,"Columna":null},"geometry":{"type":"MultiPoint","coordinates":[[-58.778891999999885,-38.153152000005811,137.077194]]}},
{"type":"Feature","properties":{"id":1334,"tipo":"led","Potencia":null,"Columna":null},"geometry":{"type":"MultiPoint","coordinates":[[-58.779145999999891,-38.152980000005812,137.077194]]}},
{"type":"Feature","properties":{"id":1335,"tipo":null,"Potencia":null,"Columna":null},"geometry":{"type":"MultiPoint","coordinates":[[-58.77982716769182,-38.15245750605439,137.077194]]}},
{"type":"Feature","properties":{"id":1336,"tipo":null,"Potencia":null,"Columna":null},"geometry":{"type":"MultiPoint","coordinates":[[-58.780336999999889,-38.15207900000582,137.077194]]}},
{"type":"Feature","properties":{"id":1337,"tipo":null,"Potencia":null,"Columna":null},"geometry":{"type":"MultiPoint","coordinates":[[-58.78127399999989,-38.151360000005795,137.077194]]}},
{"type":"Feature","properties":{"id":1338,"tipo":null,"Potencia":null,"Columna":null},"geometry":{"type":"MultiPoint","coordinates":[[-58.782000999999894,-38.150791000005817,137.077194]]}},
{"type":"Feature","properties":{"id":1339,"tipo":null,"Potencia":null,"Columna":null},"geometry":{"type":"MultiPoint","coordinates":[[-58.782388999999888,-38.150509000005819,137.077194]]}},
{"type":"Feature","properties":{"id":1340,"tipo":null,"Potencia":null,"Columna":null},"geometry":{"type":"MultiPoint","coordinates":[[-58.78276099999988,-38.150224000005821,137.077194]]}},
{"type":"Feature","properties":{"id":1341,"tipo":null,"Potencia":null,"Columna":null},"geometry":{"type":"MultiPoint","coordinates":[[-58.783144362537968,-38.149939132426894,137.077194]]}},
{"type":"Feature","properties":{"id":1342,"tipo":null,"Potencia":null,"Columna":null},"geometry":{"type":"MultiPoint","coordinates":[[-58.783505354338473,-38.149663398237848,137.077194]]}},
{"type":"Feature","properties":{"id":1343,"tipo":null,"Potencia":null,"Columna":null},"geometry":{"type":"MultiPoint","coordinates":[[-58.783916999999889,-38.149342000005817,137.077194]]}},
{"type":"Feature","properties":{"id":1344,"tipo":null,"Potencia":null,"Columna":null},"geometry":{"type":"MultiPoint","coordinates":[[-58.784085999999895,-38.149266000005817,137.077194]]}},
{"type":"Feature","properties":{"id":1345,"tipo":null,"Potencia":null,"Columna":null},"geometry":{"type":"MultiPoint","coordinates":[[-58.784481999999883,-38.149631000005819,137.077194]]}},
{"type":"Feature","properties":{"id":1346,"tipo":null,"Potencia":null,"Columna":null},"geometry":{"type":"MultiPoint","coordinates":[[-58.78466899999988,-38.15047600000581,137.077194]]}},
{"type":"Feature","properties":{"id":1347,"tipo":null,"Potencia":null,"Columna":null},"geometry":{"type":"MultiPoint","coordinates":[[-58.784441999999885,-38.150650000005811,137.077194]]}},
{"type":"Feature","properties":{"id":1348,"tipo":null,"Potencia":null,"Columna":null},"geometry":{"type":"MultiPoint","coordinates":[[-58.784219999999891,-38.150814000005809,137.077194]]}},
{"type":"Feature","properties":{"id":1349,"tipo":null,"Potencia":null,"Columna":null},"geometry":{"type":"MultiPoint","coordinates":[[-58.783835999999873,-38.151114000005819,134.613892]]}},
{"type":"Feature","properties":{"id":1350,"tipo":null,"Potencia":null,"Columna":null},"geometry":{"type":"MultiPoint","coordinates":[[-58.783580999999877,-38.151162000005812,135.369675]]}},
{"type":"Feature","properties":{"id":1351,"tipo":null,"Potencia":null,"Columna":null},"geometry":{"type":"MultiPoint","coordinates":[[-58.78331799999988,-38.151500000005818,135.080429]]}},
{"type":"Feature","properties":{"id":1352,"tipo":null,"Potencia":null,"Columna":null},"geometry":{"type":"MultiPoint","coordinates":[[-58.783125999999889,-38.151677000005826,135.005783]]}},
{"type":"Feature","properties":{"id":1353,"tipo":null,"Potencia":null,"Columna":null},"geometry":{"type":"MultiPoint","coordinates":[[-58.782710999999885,-38.151972000005813,134.781845]]}},
{"type":"Feature","properties":{"id":1354,"tipo":null,"Potencia":null,"Columna":null},"geometry":{"type":"MultiPoint","coordinates":[[-58.782294999999884,-38.152310000005819,135.472321]]}},
{"type":"Feature","properties":{"id":1355,"tipo":null,"Potencia":null,"Columna":null},"geometry":{"type":"MultiPoint","coordinates":[[-58.78163799999988,-38.152608000005806,135.005783]]}},
{"type":"Feature","properties":{"id":1356,"tipo":null,"Potencia":null,"Columna":null},"geometry":{"type":"MultiPoint","coordinates":[[-58.78103199999989,-38.15310900000582,134.819168]]}},
{"type":"Feature","properties":{"id":1357,"tipo":null,"Potencia":null,"Columna":null},"geometry":{"type":"MultiPoint","coordinates":[[-58.78079963078217,-38.153276895014237,133.764801]]}},
{"type":"Feature","properties":{"id":1358,"tipo":null,"Potencia":null,"Columna":null},"geometry":{"type":"MultiPoint","coordinates":[[-58.780599452051547,-38.153431835493848,136.134796]]}},
{"type":"Feature","properties":{"id":1359,"tipo":null,"Potencia":null,"Columna":null},"geometry":{"type":"MultiPoint","coordinates":[[-58.780546999999878,-38.153447000005826,137.534393]]}},
{"type":"Feature","properties":{"id":1360,"tipo":null,"Potencia":null,"Columna":null},"geometry":{"type":"MultiPoint","coordinates":[[-58.780373999999881,-38.153584000005807,139.101959]]}},
{"type":"Feature","properties":{"id":1361,"tipo":null,"Potencia":null,"Columna":null},"geometry":{"type":"MultiPoint","coordinates":[[-58.779775999999885,-38.154047000005811,135.724243]]}},
{"type":"Feature","properties":{"id":1362,"tipo":null,"Potencia":null,"Columna":null},"geometry":{"type":"MultiPoint","coordinates":[[-58.779194999999888,-38.154495000005795,134.166016]]}},
{"type":"Feature","properties":{"id":1363,"tipo":null,"Potencia":null,"Columna":null},"geometry":{"type":"MultiPoint","coordinates":[[-58.77842399999988,-38.155135000005814,135.052429]]}},
{"type":"Feature","properties":{"id":1364,"tipo":null,"Potencia":null,"Columna":null},"geometry":{"type":"MultiPoint","coordinates":[[-58.778058999999892,-38.155497000005816,133.802124]]}},
{"type":"Feature","properties":{"id":1365,"tipo":null,"Potencia":null,"Columna":null},"geometry":{"type":"MultiPoint","coordinates":[[-58.777435999999881,-38.155986000005797,132.617126]]}},
{"type":"Feature","properties":{"id":1366,"tipo":null,"Potencia":null,"Columna":null},"geometry":{"type":"MultiPoint","coordinates":[[-58.776958999999863,-38.156362000005799,134.026062]]}},
{"type":"Feature","properties":{"id":1367,"tipo":null,"Potencia":150,"Columna":"alta"},"geometry":{"type":"MultiPoint","coordinates":[[-58.776372999999893,-38.156687000005803,133.643494]]}},
{"type":"Feature","properties":{"id":1368,"tipo":null,"Potencia":150,"Columna":"alta"},"geometry":{"type":"MultiPoint","coordinates":[[-58.776186999999894,-38.156910000005809,133.84877]]}},
{"type":"Feature","properties":{"id":1369,"tipo":null,"Potencia":150,"Columna":"alta"},"geometry":{"type":"MultiPoint","coordinates":[[-58.775888999999886,-38.157041000005805,133.578186]]}},
{"type":"Feature","properties":{"id":1370,"tipo":null,"Potencia":150,"Columna":"alta"},"geometry":{"type":"MultiPoint","coordinates":[[-58.775716999999894,-38.157268000005807,133.578186]]}},
{"type":"Feature","properties":{"id":1371,"tipo":null,"Potencia":null,"Columna":null},"geometry":{"type":"MultiPoint","coordinates":[[-58.776142999999884,-38.156201000005808,133.578186]]}},
{"type":"Feature","properties":{"id":1372,"tipo":null,"Potencia":120,"Columna":"baja"},"geometry":{"type":"MultiPoint","coordinates":[[-58.776605999999873,-38.156622000005811,133.578186]]}},
{"type":"Feature","properties":{"id":1373,"tipo":null,"Potencia":120,"Columna":"baja"},"geometry":{"type":"MultiPoint","coordinates":[[-58.776854999999891,-38.156823000005808,133.578186]]}},
{"type":"Feature","properties":{"id":1374,"tipo":null,"Potencia":120,"Columna":"baja"},"geometry":{"type":"MultiPoint","coordinates":[[-58.777065999999884,-38.156984000005799,133.578186]]}},
{"type":"Feature","properties":{"id":1375,"tipo":null,"Potencia":120,"Columna":"baja"},"geometry":{"type":"MultiPoint","coordinates":[[-58.77728299999989,-38.15717400000581,133.578186]]}},
{"type":"Feature","properties":{"id":1376,"tipo":null,"Potencia":120,"Columna":"baja"},"geometry":{"type":"MultiPoint","coordinates":[[-58.777498999999892,-38.157344000005807,133.578186]]}},
{"type":"Feature","properties":{"id":1377,"tipo":null,"Potencia":150,"Columna":"alta"},"geometry":{"type":"MultiPoint","coordinates":[[-58.777646999999888,-38.157572000005814,133.578186]]}},
{"type":"Feature","properties":{"id":1378,"tipo":null,"Potencia":150,"Columna":"alta"},"geometry":{"type":"MultiPoint","coordinates":[[-58.777888999999895,-38.157687000005801,133.578186]]}},
{"type":"Feature","properties":{"id":1379,"tipo":null,"Potencia":150,"Columna":"alta"},"geometry":{"type":"MultiPoint","coordinates":[[-58.778063999999887,-38.157918000005822,132.859726]]}},
{"type":"Feature","properties":{"id":1380,"tipo":null,"Potencia":150,"Columna":"alta"},"geometry":{"type":"MultiPoint","coordinates":[[-58.778345999999878,-38.158032000005811,134.529907]]}},
{"type":"Feature","properties":{"id":1381,"tipo":null,"Potencia":150,"Columna":"alta"},"geometry":{"type":"MultiPoint","coordinates":[[-58.77849899999989,-38.158279000005805,133.923416]]}},
{"type":"Feature","properties":{"id":1382,"tipo":null,"Potencia":150,"Columna":"alta"},"geometry":{"type":"MultiPoint","coordinates":[[-58.778740999999876,-38.158475000005815,133.615509]]}},
{"type":"Feature","properties":{"id":1383,"tipo":null,"Potencia":150,"Columna":"alta"},"geometry":{"type":"MultiPoint","coordinates":[[-58.779050999999896,-38.158607000005816,135.052429]]}},
{"type":"Feature","properties":{"id":1384,"tipo":null,"Potencia":150,"Columna":"alta"},"geometry":{"type":"MultiPoint","coordinates":[[-58.779291999999877,-38.158896000005797,135.92952]]}},
{"type":"Feature","properties":{"id":1385,"tipo":null,"Potencia":150,"Columna":"alta"},"geometry":{"type":"MultiPoint","coordinates":[[-58.779614999999872,-38.15906800000581,134.343307]]}},
{"type":"Feature","properties":{"id":1386,"tipo":null,"Potencia":150,"Columna":"alta"},"geometry":{"type":"MultiPoint","coordinates":[[-58.779791999999887,-38.159315000005812,135.155075]]}},
{"type":"Feature","properties":{"id":1387,"tipo":null,"Potencia":150,"Columna":"alta"},"geometry":{"type":"MultiPoint","coordinates":[[-58.780118999999878,-38.159466000005814,136.797272]]}},
{"type":"Feature","properties":{"id":1388,"tipo":null,"Potencia":150,"Columna":"alta"},"geometry":{"type":"MultiPoint","coordinates":[[-58.78028899999989,-38.159711000005814,135.789551]]}},
{"type":"Feature","properties":{"id":1389,"tipo":null,"Potencia":150,"Columna":"alta"},"geometry":{"type":"MultiPoint","coordinates":[[-58.780697999999894,-38.159966000005802,134.875153]]}},
{"type":"Feature","properties":{"id":1390,"tipo":"led","Potencia":null,"Columna":null},"geometry":{"type":"MultiPoint","coordinates":[[-58.780850999999885,-38.160185000005804,135.798889]]}},
{"type":"Feature","properties":{"id":1391,"tipo":"led","Potencia":null,"Columna":null},"geometry":{"type":"MultiPoint","coordinates":[[-58.781194999999883,-38.160355000005815,135.351013]]}},
{"type":"Feature","properties":{"id":1392,"tipo":"led","Potencia":null,"Columna":null},"geometry":{"type":"MultiPoint","coordinates":[[-58.781456999999889,-38.160650000005823,133.942078]]}},
{"type":"Feature","properties":{"id":1393,"tipo":"led","Potencia":null,"Columna":null},"geometry":{"type":"MultiPoint","coordinates":[[-58.781745999999892,-38.160811000005815,135.528305]]}},
{"type":"Feature","properties":{"id":1394,"tipo":"led","Potencia":null,"Columna":null},"geometry":{"type":"MultiPoint","coordinates":[[-58.781916999999893,-38.161036000005815,135.528305]]}},
{"type":"Feature","properties":{"id":1395,"tipo":"led","Potencia":null,"Columna":null},"geometry":{"type":"MultiPoint","coordinates":[[-58.782203999999879,-38.161173000005803,136.452042]]}},
{"type":"Feature","properties":{"id":1396,"tipo":"led","Potencia":null,"Columna":null},"geometry":{"type":"MultiPoint","coordinates":[[-58.782346999999888,-38.161403000005798,135.920181]]}},
{"type":"Feature","properties":{"id":1397,"tipo":"led","Potencia":null,"Columna":null},"geometry":{"type":"MultiPoint","coordinates":[[-58.782650999999895,-38.161554000005822,134.763184]]}},
{"type":"Feature","properties":{"id":1398,"tipo":"led","Potencia":null,"Columna":null},"geometry":{"type":"MultiPoint","coordinates":[[-58.782777999999887,-38.16176400000581,135.145737]]}},
{"type":"Feature","properties":{"id":1399,"tipo":"led","Potencia":null,"Columna":null},"geometry":{"type":"MultiPoint","coordinates":[[-58.783084999999893,-38.161861000005821,135.21106]]}},
{"type":"Feature","properties":{"id":1400,"tipo":"led","Potencia":null,"Columna":null},"geometry":{"type":"MultiPoint","coordinates":[[-58.783224999999888,-38.162068000005796,135.630936]]}},
{"type":"Feature","properties":{"id":1401,"tipo":"led","Potencia":null,"Columna":null},"geometry":{"type":"MultiPoint","coordinates":[[-58.783512999999893,-38.162179000005807,135.416336]]}},
{"type":"Feature","properties":{"id":1402,"tipo":"led","Potencia":null,"Columna":null},"geometry":{"type":"MultiPoint","coordinates":[[-58.783657999999889,-38.162418000005808,137.273132]]}},
{"type":"Feature","properties":{"id":1403,"tipo":"led","Potencia":null,"Columna":null},"geometry":{"type":"MultiPoint","coordinates":[[-58.783889999999879,-38.162486000005813,137.273132]]}},
{"type":"Feature","properties":{"id":1404,"tipo":"led","Potencia":null,"Columna":null},"geometry":{"type":"MultiPoint","coordinates":[[-58.77786299999989,-38.159132000005798,136.946564]]}},
{"type":"Feature","properties":{"id":1405,"tipo":"led","Potencia":null,"Columna":null},"geometry":{"type":"MultiPoint","coordinates":[[-58.778747999999894,-38.159861000005819,136.881241]]}},
{"type":"Feature","properties":{"id":1406,"tipo":"led","Potencia":null,"Columna":null},"geometry":{"type":"MultiPoint","coordinates":[[-58.78089499999988,-38.161622000005799,136.843933]]}},
{"type":"Feature","properties":{"id":1407,"tipo":"led","Potencia":null,"Columna":null},"geometry":{"type":"MultiPoint","coordinates":[[-58.784721999999888,-38.161652000005816,66.546494]]}},
{"type":"Feature","properties":{"id":1408,"tipo":"led","Potencia":null,"Columna":null},"geometry":{"type":"MultiPoint","coordinates":[[-58.784448999999888,-38.161514000005809,66.546494]]}},
{"type":"Feature","properties":{"id":1409,"tipo":"led","Potencia":null,"Columna":null},"geometry":{"type":"MultiPoint","coordinates":[[-58.784344999999888,-38.161381000005804,66.546494]]}},
{"type":"Feature","properties":{"id":1410,"tipo":"led","Potencia":null,"Columna":null},"geometry":{"type":"MultiPoint","coordinates":[[-58.784139999999887,-38.16135900000581,66.546494]]}},
{"type":"Feature","properties":{"id":1411,"tipo":"led","Potencia":null,"Columna":null},"geometry":{"type":"MultiPoint","coordinates":[[-58.784007999999886,-38.161177000005821,66.546494]]}},
{"type":"Feature","properties":{"id":1412,"tipo":"led","Potencia":null,"Columna":null},"geometry":{"type":"MultiPoint","coordinates":[[-58.78374499999989,-38.161054000005812,66.546494]]}},
{"type":"Feature","properties":{"id":1413,"tipo":"led","Potencia":null,"Columna":null},"geometry":{"type":"MultiPoint","coordinates":[[-58.783535999999877,-38.160766000005822,66.546494]]}},
{"type":"Feature","properties":{"id":1414,"tipo":"led","Potencia":null,"Columna":null},"geometry":{"type":"MultiPoint","coordinates":[[-58.783199999999887,-38.160615000005805,66.546494]]}},
{"type":"Feature","properties":{"id":1415,"tipo":"led","Potencia":null,"Columna":null},"geometry":{"type":"MultiPoint","coordinates":[[-58.782983999999885,-38.160331000005819,66.546494]]}},
{"type":"Feature","properties":{"id":1416,"tipo":"led","Potencia":null,"Columna":null},"geometry":{"type":"MultiPoint","coordinates":[[-58.782605999999895,-38.160117000005812,66.546494]]}},
{"type":"Feature","properties":{"id":1417,"tipo":"led","Potencia":null,"Columna":null},"geometry":{"type":"MultiPoint","coordinates":[[-58.782424999999876,-38.159873000005817,66.546494]]}},
{"type":"Feature","properties":{"id":1418,"tipo":"led","Potencia":null,"Columna":null},"geometry":{"type":"MultiPoint","coordinates":[[-58.782097999999884,-38.159721000005817,66.546494]]}},
{"type":"Feature","properties":{"id":1419,"tipo":"led","Potencia":null,"Columna":null},"geometry":{"type":"MultiPoint","coordinates":[[-58.781928999999884,-38.1594630000058,65.081573]]}},
{"type":"Feature","properties":{"id":1420,"tipo":null,"Potencia":null,"Columna":null},"geometry":{"type":"MultiPoint","coordinates":[[-58.781525999999886,-38.159243000005823,64.503075]]}},
{"type":"Feature","properties":{"id":1421,"tipo":null,"Potencia":null,"Columna":null},"geometry":{"type":"MultiPoint","coordinates":[[-58.781330999999888,-38.158993000005815,63.336735]]}},
{"type":"Feature","properties":{"id":1422,"tipo":null,"Potencia":null,"Columna":null},"geometry":{"type":"MultiPoint","coordinates":[[-58.781034999999889,-38.158850000005806,63.859253]]}},
{"type":"Feature","properties":{"id":1423,"tipo":null,"Potencia":null,"Columna":null},"geometry":{"type":"MultiPoint","coordinates":[[-58.780844999999886,-38.158581000005817,63.551342]]}},
{"type":"Feature","properties":{"id":1424,"tipo":null,"Potencia":null,"Columna":null},"geometry":{"type":"MultiPoint","coordinates":[[-58.780612999999889,-38.158386000005812,63.551342]]}},
{"type":"Feature","properties":{"id":1425,"tipo":null,"Potencia":null,"Columna":null},"geometry":{"type":"MultiPoint","coordinates":[[-58.780279999999884,-38.158213000005809,63.551342]]}},
{"type":"Feature","properties":{"id":1426,"tipo":null,"Potencia":null,"Columna":null},"geometry":{"type":"MultiPoint","coordinates":[[-58.780070999999879,-38.157949000005807,63.551342]]}},
{"type":"Feature","properties":{"id":1427,"tipo":null,"Potencia":null,"Columna":null},"geometry":{"type":"MultiPoint","coordinates":[[-58.779702999999891,-38.157760000005808,62.916855]]}},
{"type":"Feature","properties":{"id":1428,"tipo":null,"Potencia":null,"Columna":null},"geometry":{"type":"MultiPoint","coordinates":[[-58.779265999999893,-38.157414000005822,62.991501]]}},
{"type":"Feature","properties":{"id":1429,"tipo":null,"Potencia":null,"Columna":null},"geometry":{"type":"MultiPoint","coordinates":[[-58.779085999999879,-38.157105000005807,63.038155]]}},
{"type":"Feature","properties":{"id":1430,"tipo":null,"Potencia":null,"Columna":null},"geometry":{"type":"MultiPoint","coordinates":[[-58.778666999999892,-38.156938000005809,62.692917]]}},
{"type":"Feature","properties":{"id":1431,"tipo":null,"Potencia":null,"Columna":null},"geometry":{"type":"MultiPoint","coordinates":[[-58.778108999999887,-38.156313000005809,62.226383]]}},
{"type":"Feature","properties":{"id":1432,"tipo":null,"Potencia":null,"Columna":null},"geometry":{"type":"MultiPoint","coordinates":[[-58.777841999999886,-38.154620000005806,62.403667]]}},
{"type":"Feature","properties":{"id":1433,"tipo":null,"Potencia":null,"Columna":null},"geometry":{"type":"MultiPoint","coordinates":[[-58.778567999999893,-38.155234000005812,62.403667]]}},
{"type":"Feature","properties":{"id":1434,"tipo":null,"Potencia":null,"Columna":null},"geometry":{"type":"MultiPoint","coordinates":[[-58.778904999999888,-38.155642000005798,62.403667]]}},
{"type":"Feature","properties":{"id":1435,"tipo":null,"Potencia":null,"Columna":null},"geometry":{"type":"MultiPoint","coordinates":[[-58.779378999999878,-38.155882000005818,62.403667]]}},
{"type":"Feature","properties":{"id":1436,"tipo":null,"Potencia":null,"Columna":null},"geometry":{"type":"MultiPoint","coordinates":[[-58.779437999999885,-38.156009000005817,62.403667]]}},
{"type":"Feature","properties":{"id":1437,"tipo":"led","Potencia":null,"Columna":null},"geometry":{"type":"MultiPoint","coordinates":[[-58.779589999999885,-38.155973000005815,62.403667]]}},
{"type":"Feature","properties":{"id":1438,"tipo":"led","Potencia":null,"Columna":null},"geometry":{"type":"MultiPoint","coordinates":[[-58.779792999999891,-38.155818000005809,62.403667]]}},
{"type":"Feature","properties":{"id":1439,"tipo":"led","Potencia":null,"Columna":null},"geometry":{"type":"MultiPoint","coordinates":[[-58.780052999999889,-38.15561500000581,62.403667]]}},
{"type":"Feature","properties":{"id":1440,"tipo":"led","Potencia":null,"Columna":null},"geometry":{"type":"MultiPoint","coordinates":[[-58.780331999999881,-38.155399000005808,62.403667]]}},
{"type":"Feature","properties":{"id":1441,"tipo":"led","Potencia":null,"Columna":null},"geometry":{"type":"MultiPoint","coordinates":[[-58.780389999999883,-38.155295000005808,62.403667]]}},
{"type":"Feature","properties":{"id":1442,"tipo":"led","Potencia":null,"Columna":null},"geometry":{"type":"MultiPoint","coordinates":[[-58.780537999999886,-38.155241000005809,62.403667]]}},
{"type":"Feature","properties":{"id":1443,"tipo":"led","Potencia":null,"Columna":null},"geometry":{"type":"MultiPoint","coordinates":[[-58.780769999999883,-38.15506900000581,62.403667]]}},
{"type":"Feature","properties":{"id":1444,"tipo":"led","Potencia":null,"Columna":null},"geometry":{"type":"MultiPoint","coordinates":[[-58.78098699999989,-38.154907000005821,62.403667]]}},
{"type":"Feature","properties":{"id":1445,"tipo":"led","Potencia":null,"Columna":null},"geometry":{"type":"MultiPoint","coordinates":[[-58.781282999999888,-38.154681000005809,62.403667]]}},
{"type":"Feature","properties":{"id":1446,"tipo":"led","Potencia":null,"Columna":null},"geometry":{"type":"MultiPoint","coordinates":[[-58.781512999999883,-38.154504000005815,62.403667]]}},
{"type":"Feature","properties":{"id":1447,"tipo":"led","Potencia":null,"Columna":null},"geometry":{"type":"MultiPoint","coordinates":[[-58.781735999999889,-38.15433700000581,62.403667]]}},
{"type":"Feature","properties":{"id":1448,"tipo":"led","Potencia":null,"Columna":null},"geometry":{"type":"MultiPoint","coordinates":[[-58.781958999999894,-38.15416700000582,62.403667]]}},
{"type":"Feature","properties":{"id":1449,"tipo":"led","Potencia":null,"Columna":null},"geometry":{"type":"MultiPoint","coordinates":[[-58.782189999999886,-38.15398700000582,62.403667]]}},
{"type":"Feature","properties":{"id":1450,"tipo":"led","Potencia":null,"Columna":null},"geometry":{"type":"MultiPoint","coordinates":[[-58.782447999999889,-38.153789000005823,62.403667]]}},
{"type":"Feature","properties":{"id":1451,"tipo":"led","Potencia":null,"Columna":null},"geometry":{"type":"MultiPoint","coordinates":[[-58.782655999999889,-38.153625000005817,62.394337]]}},
{"type":"Feature","properties":{"id":1452,"tipo":"led","Potencia":null,"Columna":null},"geometry":{"type":"MultiPoint","coordinates":[[-58.782897999999889,-38.153442000005796,62.403667]]}},
{"type":"Feature","properties":{"id":1453,"tipo":"led","Potencia":null,"Columna":null},"geometry":{"type":"MultiPoint","coordinates":[[-58.783137999999887,-38.153260000005808,62.403667]]}},
{"type":"Feature","properties":{"id":1454,"tipo":null,"Potencia":null,"Columna":null},"geometry":{"type":"MultiPoint","coordinates":[[-58.78386681081102,-38.152748268576033,62.403667]]}},
{"type":"Feature","properties":{"id":1455,"tipo":null,"Potencia":null,"Columna":null},"geometry":{"type":"MultiPoint","coordinates":[[-58.784156775517211,-38.152533024542166,62.403667]]}},
{"type":"Feature","properties":{"id":1456,"tipo":null,"Potencia":null,"Columna":null},"geometry":{"type":"MultiPoint","coordinates":[[-58.784693999999895,-38.152103000005816,62.403667]]}},
{"type":"Feature","properties":{"id":1457,"tipo":null,"Potencia":null,"Columna":null},"geometry":{"type":"MultiPoint","coordinates":[[-58.785248605312461,-38.151700963623789,62.403667]]}},
{"type":"Feature","properties":{"id":1458,"tipo":null,"Potencia":null,"Columna":null},"geometry":{"type":"MultiPoint","coordinates":[[-58.78569313829329,-38.151364859360463,62.403667]]}},
{"type":"Feature","properties":{"id":1459,"tipo":null,"Potencia":null,"Columna":null},"geometry":{"type":"MultiPoint","coordinates":[[-58.786016999999894,-38.151088000005821,62.403667]]}},
{"type":"Feature","properties":{"id":1464,"tipo":null,"Potencia":null,"Columna":null},"geometry":{"type":"MultiPoint","coordinates":[[-58.78742599999989,-38.153434000005824,62.021107]]}},
{"type":"Feature","properties":{"id":1465,"tipo":null,"Potencia":null,"Columna":null},"geometry":{"type":"MultiPoint","coordinates":[[-58.786970999999888,-38.153777000005817,60.481544]]}},
{"type":"Feature","properties":{"id":1466,"tipo":null,"Potencia":null,"Columna":null},"geometry":{"type":"MultiPoint","coordinates":[[-58.785886999999889,-38.153742000005828,59.651112]]}},
{"type":"Feature","properties":{"id":1467,"tipo":null,"Potencia":null,"Columna":null},"geometry":{"type":"MultiPoint","coordinates":[[-58.784544999999888,-38.153774000005818,59.613789]]}},
{"type":"Feature","properties":{"id":1468,"tipo":null,"Potencia":null,"Columna":null},"geometry":{"type":"MultiPoint","coordinates":[[-58.784157999999884,-38.154093000005815,59.231232]]}},
{"type":"Feature","properties":{"id":1469,"tipo":null,"Potencia":null,"Columna":null},"geometry":{"type":"MultiPoint","coordinates":[[-58.784137999999885,-38.154076000005816,57.775642]]}},
{"type":"Feature","properties":{"id":1470,"tipo":null,"Potencia":null,"Columna":null},"geometry":{"type":"MultiPoint","coordinates":[[-58.783935999999883,-38.154263000005813,60.733471]]}},
{"type":"Feature","properties":{"id":1471,"tipo":null,"Potencia":null,"Columna":null},"geometry":{"type":"MultiPoint","coordinates":[[-58.78388399999988,-38.154416000005824,60.518867]]}},
{"type":"Feature","properties":{"id":1472,"tipo":null,"Potencia":null,"Columna":null},"geometry":{"type":"MultiPoint","coordinates":[[-58.783665999999883,-38.154466000005804,58.867336]]}},
{"type":"Feature","properties":{"id":1473,"tipo":null,"Potencia":null,"Columna":null},"geometry":{"type":"MultiPoint","coordinates":[[-58.783422999999893,-38.154645000005807,58.79269]]}},
{"type":"Feature","properties":{"id":1474,"tipo":null,"Potencia":120,"Columna":"baja"},"geometry":{"type":"MultiPoint","coordinates":[[-58.783217999999884,-38.154772000005821,58.79269]]}},
{"type":"Feature","properties":{"id":1475,"tipo":null,"Potencia":120,"Columna":"baja"},"geometry":{"type":"MultiPoint","coordinates":[[-58.783208999999886,-38.154795000005812,58.79269]]}},
{"type":"Feature","properties":{"id":1476,"tipo":null,"Potencia":120,"Columna":"baja"},"geometry":{"type":"MultiPoint","coordinates":[[-58.782941999999885,-38.155012000005819,58.802021]]}},
{"type":"Feature","properties":{"id":1477,"tipo":null,"Potencia":120,"Columna":"baja"},"geometry":{"type":"MultiPoint","coordinates":[[-58.782718999999879,-38.155190000005817,58.802021]]}},
{"type":"Feature","properties":{"id":1478,"tipo":null,"Potencia":120,"Columna":"baja"},"geometry":{"type":"MultiPoint","coordinates":[[-58.78269799999989,-38.155179000005816,58.802021]]}},
{"type":"Feature","properties":{"id":1479,"tipo":null,"Potencia":120,"Columna":"baja"},"geometry":{"type":"MultiPoint","coordinates":[[-58.782527999999893,-38.155291000005811,58.802021]]}},
{"type":"Feature","properties":{"id":1480,"tipo":"led 14va","Potencia":120,"Columna":"baja"},"geometry":{"type":"MultiPoint","coordinates":[[-58.782272999999883,-38.155509000005821,58.802021]]}},
{"type":"Feature","properties":{"id":1481,"tipo":"led 14va","Potencia":120,"Columna":"baja"},"geometry":{"type":"MultiPoint","coordinates":[[-58.782057999999886,-38.15566700000582,58.802021]]}},
{"type":"Feature","properties":{"id":1482,"tipo":"led 14va","Potencia":120,"Columna":"baja"},"geometry":{"type":"MultiPoint","coordinates":[[-58.781852999999877,-38.155824000005822,58.802021]]}},
{"type":"Feature","properties":{"id":1483,"tipo":"led 14va","Potencia":120,"Columna":"baja"},"geometry":{"type":"MultiPoint","coordinates":[[-58.781608999999897,-38.156013000005821,58.802021]]}},
{"type":"Feature","properties":{"id":1484,"tipo":null,"Potencia":120,"Columna":"baja"},"geometry":{"type":"MultiPoint","coordinates":[[-58.781331999999878,-38.156225000005804,58.802021]]}},
{"type":"Feature","properties":{"id":1485,"tipo":null,"Potencia":120,"Columna":"baja"},"geometry":{"type":"MultiPoint","coordinates":[[-58.781111999999887,-38.156371000005812,58.802021]]}},
{"type":"Feature","properties":{"id":1486,"tipo":null,"Potencia":120,"Columna":"baja"},"geometry":{"type":"MultiPoint","coordinates":[[-58.780895999999885,-38.15656200000582,58.802021]]}},
{"type":"Feature","properties":{"id":1487,"tipo":null,"Potencia":120,"Columna":"baja"},"geometry":{"type":"MultiPoint","coordinates":[[-58.780661999999893,-38.156737000005805,58.802021]]}},
{"type":"Feature","properties":{"id":1488,"tipo":null,"Potencia":120,"Columna":"baja"},"geometry":{"type":"MultiPoint","coordinates":[[-58.780411999999885,-38.15693200000581,58.802021]]}},
{"type":"Feature","properties":{"id":1489,"tipo":null,"Potencia":120,"Columna":"baja"},"geometry":{"type":"MultiPoint","coordinates":[[-58.78019699999988,-38.157100000005819,58.802021]]}},
{"type":"Feature","properties":{"id":1490,"tipo":null,"Potencia":120,"Columna":"baja"},"geometry":{"type":"MultiPoint","coordinates":[[-58.77994499999987,-38.157286000005804,58.802021]]}},
{"type":"Feature","properties":{"id":1491,"tipo":null,"Potencia":120,"Columna":"baja"},"geometry":{"type":"MultiPoint","coordinates":[[-58.779710999999885,-38.157460000005806,58.802021]]}},
{"type":"Feature","properties":{"id":1492,"tipo":null,"Potencia":150,"Columna":"alta"},"geometry":{"type":"MultiPoint","coordinates":[[-58.779506999999889,-38.15771600000582,58.802021]]}},
{"type":"Feature","properties":{"id":1493,"tipo":null,"Potencia":150,"Columna":"alta"},"geometry":{"type":"MultiPoint","coordinates":[[-58.779220999999893,-38.157836000005815,58.802021]]}},
{"type":"Feature","properties":{"id":1494,"tipo":null,"Potencia":150,"Columna":"alta"},"geometry":{"type":"MultiPoint","coordinates":[[-58.779016999999889,-38.158095000005808,58.811352]]}},
{"type":"Feature","properties":{"id":1495,"tipo":null,"Potencia":150,"Columna":"alta"},"geometry":{"type":"MultiPoint","coordinates":[[-58.778735999999881,-38.158206000005791,55.722893]]}},
{"type":"Feature","properties":{"id":1496,"tipo":null,"Potencia":150,"Columna":"alta"},"geometry":{"type":"MultiPoint","coordinates":[[-58.778550999999887,-38.158443000005811,56.609306]]}},
{"type":"Feature","properties":{"id":1497,"tipo":null,"Potencia":150,"Columna":"alta"},"geometry":{"type":"MultiPoint","coordinates":[[-58.778262999999896,-38.158573000005802,55.368324]]}},
{"type":"Feature","properties":{"id":1498,"tipo":null,"Potencia":150,"Columna":"alta"},"geometry":{"type":"MultiPoint","coordinates":[[-58.778120999999878,-38.158787000005802,55.368324]]}},
{"type":"Feature","properties":{"id":1499,"tipo":null,"Potencia":150,"Columna":"alta"},"geometry":{"type":"MultiPoint","coordinates":[[-58.777815999999881,-38.158926000005813,55.368324]]}},
{"type":"Feature","properties":{"id":1500,"tipo":"led","Potencia":null,"Columna":null},"geometry":{"type":"MultiPoint","coordinates":[[-58.776814999999871,-38.15808200000582,56.245411]]}},
{"type":"Feature","properties":{"id":1501,"tipo":"led","Potencia":null,"Columna":null},"geometry":{"type":"MultiPoint","coordinates":[[-58.776966999999885,-38.157852000005818,55.68557]]}},
{"type":"Feature","properties":{"id":1502,"tipo":"led","Potencia":null,"Columna":null},"geometry":{"type":"MultiPoint","coordinates":[[-58.777251999999876,-38.157734000005803,57.234463]]}},
{"type":"Feature","properties":{"id":1503,"tipo":"led","Potencia":null,"Columna":null},"geometry":{"type":"MultiPoint","coordinates":[[-58.777402999999893,-38.157522000005812,57.094501]]}},
{"type":"Feature","properties":{"id":1504,"tipo":"led","Potencia":null,"Columna":null},"geometry":{"type":"MultiPoint","coordinates":[[-58.777679999999883,-38.157412000005806,57.654343]]}},
{"type":"Feature","properties":{"id":1505,"tipo":"led","Potencia":null,"Columna":null},"geometry":{"type":"MultiPoint","coordinates":[[-58.777876999999883,-38.157262000005815,56.618637]]}},
{"type":"Feature","properties":{"id":1506,"tipo":"led","Potencia":null,"Columna":null},"geometry":{"type":"MultiPoint","coordinates":[[-58.778057999999888,-38.157135000005809,56.553322]]}},
{"type":"Feature","properties":{"id":1507,"tipo":"led","Potencia":null,"Columna":null},"geometry":{"type":"MultiPoint","coordinates":[[-58.778124999999882,-38.157073000005809,56.814583]]}},
{"type":"Feature","properties":{"id":1508,"tipo":"led","Potencia":null,"Columna":null},"geometry":{"type":"MultiPoint","coordinates":[[-58.778412999999887,-38.156848000005802,57.243793]]}},
{"type":"Feature","properties":{"id":1509,"tipo":"led","Potencia":null,"Columna":null},"geometry":{"type":"MultiPoint","coordinates":[[-58.778649999999885,-38.156663000005814,55.760216]]}},
{"type":"Feature","properties":{"id":1510,"tipo":"led","Potencia":null,"Columna":null},"geometry":{"type":"MultiPoint","coordinates":[[-58.778870999999896,-38.156499000005802,55.732224]]}},
{"type":"Feature","properties":{"id":1511,"tipo":"led","Potencia":null,"Columna":null},"geometry":{"type":"MultiPoint","coordinates":[[-58.779109999999882,-38.156323000005813,56.665291]]}},
{"type":"Feature","properties":{"id":1512,"tipo":"led","Potencia":null,"Columna":null},"geometry":{"type":"MultiPoint","coordinates":[[-58.779362999999883,-38.156124000005796,56.805252]]}},
{"type":"Feature","properties":{"id":1513,"tipo":null,"Potencia":null,"Columna":null},"geometry":{"type":"MultiPoint","coordinates":[[-58.779915999999893,-38.156319000005816,57.859619]]}},
{"type":"Feature","properties":{"id":1514,"tipo":null,"Potencia":null,"Columna":null},"geometry":{"type":"MultiPoint","coordinates":[[-58.780014999999892,-38.156561000005809,57.794304]]}},
{"type":"Feature","properties":{"id":1515,"tipo":null,"Potencia":null,"Columna":null},"geometry":{"type":"MultiPoint","coordinates":[[-58.780430999999894,-38.156761000005808,57.645012]]}},
{"type":"Feature","properties":{"id":1516,"tipo":"led 15va","Potencia":120,"Columna":"baja"},"geometry":{"type":"MultiPoint","coordinates":[[-58.780672999999879,-38.156978000005822,57.719658]]}},
{"type":"Feature","properties":{"id":1517,"tipo":"led 15va","Potencia":120,"Columna":"baja"},"geometry":{"type":"MultiPoint","coordinates":[[-58.78096699999989,-38.157238000005812,57.831627]]}},
{"type":"Feature","properties":{"id":1518,"tipo":"led 15va","Potencia":120,"Columna":"baja"},"geometry":{"type":"MultiPoint","coordinates":[[-58.781218999999894,-38.157444000005817,57.159817]]}},
{"type":"Feature","properties":{"id":1519,"tipo":"led 15va","Potencia":120,"Columna":"baja"},"geometry":{"type":"MultiPoint","coordinates":[[-58.781451999999881,-38.157651000005821,55.377655]]}},
{"type":"Feature","properties":{"id":1520,"tipo":"led 15va","Potencia":120,"Columna":"baja"},"geometry":{"type":"MultiPoint","coordinates":[[-58.781822999999889,-38.157945000005803,58.139542]]}},
{"type":"Feature","properties":{"id":1521,"tipo":"led 15va","Potencia":120,"Columna":"baja"},"geometry":{"type":"MultiPoint","coordinates":[[-58.782094999999885,-38.15815900000581,58.139542]]}},
{"type":"Feature","properties":{"id":1522,"tipo":"led 15va","Potencia":120,"Columna":"baja"},"geometry":{"type":"MultiPoint","coordinates":[[-58.782365999999882,-38.158371000005801,58.139542]]}},
{"type":"Feature","properties":{"id":1523,"tipo":"led 15va","Potencia":120,"Columna":"baja"},"geometry":{"type":"MultiPoint","coordinates":[[-58.782611999999894,-38.158564000005818,58.139542]]}},
{"type":"Feature","properties":{"id":1524,"tipo":"led","Potencia":null,"Columna":null},"geometry":{"type":"MultiPoint","coordinates":[[-58.782823999999891,-38.158737000005821,58.139542]]}},
{"type":"Feature","properties":{"id":1525,"tipo":"led","Potencia":null,"Columna":null},"geometry":{"type":"MultiPoint","coordinates":[[-58.783097999999889,-38.158947000005796,58.139542]]}},
{"type":"Feature","properties":{"id":1526,"tipo":"led","Potencia":null,"Columna":null},"geometry":{"type":"MultiPoint","coordinates":[[-58.783363999999885,-38.159169000005818,58.139542]]}},
{"type":"Feature","properties":{"id":1527,"tipo":"led","Potencia":null,"Columna":null},"geometry":{"type":"MultiPoint","coordinates":[[-58.783591999999885,-38.159380000005804,58.139542]]}},
{"type":"Feature","properties":{"id":1528,"tipo":"led","Potencia":null,"Columna":null},"geometry":{"type":"MultiPoint","coordinates":[[-58.783822999999884,-38.159667000005804,58.139542]]}},
{"type":"Feature","properties":{"id":1529,"tipo":"led","Potencia":null,"Columna":null},"geometry":{"type":"MultiPoint","coordinates":[[-58.784075999999892,-38.159864000005825,58.139542]]}},
{"type":"Feature","properties":{"id":1530,"tipo":"led","Potencia":null,"Columna":null},"geometry":{"type":"MultiPoint","coordinates":[[-58.784355999999889,-38.160114000005812,58.139542]]}},
{"type":"Feature","properties":{"id":1531,"tipo":"led","Potencia":null,"Columna":null},"geometry":{"type":"MultiPoint","coordinates":[[-58.784561999999895,-38.160316000005821,58.139542]]}},
{"type":"Feature","properties":{"id":1532,"tipo":"led","Potencia":null,"Columna":null},"geometry":{"type":"MultiPoint","coordinates":[[-58.784859999999888,-38.160513000005821,58.139542]]}},
{"type":"Feature","properties":{"id":1533,"tipo":"led","Potencia":null,"Columna":null},"geometry":{"type":"MultiPoint","coordinates":[[-58.785066999999891,-38.16066100000581,58.139542]]}},
{"type":"Feature","properties":{"id":1534,"tipo":"led","Potencia":null,"Columna":null},"geometry":{"type":"MultiPoint","coordinates":[[-58.785262999999887,-38.160843000005805,58.139542]]}},
{"type":"Feature","properties":{"id":1535,"tipo":"led","Potencia":null,"Columna":null},"geometry":{"type":"MultiPoint","coordinates":[[-58.785468999999893,-38.161031000005821,58.139542]]}},
{"type":"Feature","properties":{"id":1536,"tipo":"led","Potencia":null,"Columna":null},"geometry":{"type":"MultiPoint","coordinates":[[-58.785679999999886,-38.16121400000582,58.139542]]}},
{"type":"Feature","properties":{"id":1537,"tipo":"led","Potencia":null,"Columna":null},"geometry":{"type":"MultiPoint","coordinates":[[-58.786720999999893,-38.16039700000583,57.178478]]}},
{"type":"Feature","properties":{"id":1538,"tipo":"led","Potencia":null,"Columna":null},"geometry":{"type":"MultiPoint","coordinates":[[-58.786495999999893,-38.160319000005821,57.178478]]}},
{"type":"Feature","properties":{"id":1539,"tipo":"led","Potencia":null,"Columna":null},"geometry":{"type":"MultiPoint","coordinates":[[-58.786345999999881,-38.160085000005822,57.178478]]}},
{"type":"Feature","properties":{"id":1540,"tipo":"led","Potencia":null,"Columna":null},"geometry":{"type":"MultiPoint","coordinates":[[-58.786079999999892,-38.159983000005802,57.178478]]}},
{"type":"Feature","properties":{"id":1541,"tipo":"led","Potencia":null,"Columna":null},"geometry":{"type":"MultiPoint","coordinates":[[-58.785955999999885,-38.159773000005828,57.178478]]}},
{"type":"Feature","properties":{"id":1542,"tipo":"led 11va","Potencia":null,"Columna":null},"geometry":{"type":"MultiPoint","coordinates":[[-58.785614999999879,-38.159606000005823,57.187809]]}},
{"type":"Feature","properties":{"id":1543,"tipo":"led 11va","Potencia":null,"Columna":null},"geometry":{"type":"MultiPoint","coordinates":[[-58.785404999999876,-38.15932200000583,57.187809]]}},
{"type":"Feature","properties":{"id":1544,"tipo":"led 11va","Potencia":null,"Columna":null},"geometry":{"type":"MultiPoint","coordinates":[[-58.785098999999889,-38.159180000005819,57.187809]]}},
{"type":"Feature","properties":{"id":1545,"tipo":"led 11va","Potencia":null,"Columna":null},"geometry":{"type":"MultiPoint","coordinates":[[-58.784914999999884,-38.15891500000582,57.187809]]}},
{"type":"Feature","properties":{"id":1546,"tipo":"led 11va","Potencia":null,"Columna":null},"geometry":{"type":"MultiPoint","coordinates":[[-58.784529999999876,-38.15871500000582,57.187809]]}},
{"type":"Feature","properties":{"id":1547,"tipo":"led 11va","Potencia":null,"Columna":null},"geometry":{"type":"MultiPoint","coordinates":[[-58.784211999999883,-38.158454000005818,57.187809]]}},
{"type":"Feature","properties":{"id":1548,"tipo":"led 11va","Potencia":null,"Columna":null},"geometry":{"type":"MultiPoint","coordinates":[[-58.783988999999892,-38.15827900000582,57.187809]]}},
{"type":"Feature","properties":{"id":1549,"tipo":"led 11va","Potencia":null,"Columna":null},"geometry":{"type":"MultiPoint","coordinates":[[-58.783818999999895,-38.158028000005828,57.187809]]}},
{"type":"Feature","properties":{"id":1550,"tipo":null,"Potencia":120,"Columna":"baja"},"geometry":{"type":"MultiPoint","coordinates":[[-58.783477999999896,-38.15776100000582,57.187809]]}},
{"type":"Feature","properties":{"id":1551,"tipo":null,"Potencia":120,"Columna":"baja"},"geometry":{"type":"MultiPoint","coordinates":[[-58.783154999999887,-38.157597000005815,57.187809]]}},
{"type":"Feature","properties":{"id":1552,"tipo":null,"Potencia":120,"Columna":"baja"},"geometry":{"type":"MultiPoint","coordinates":[[-58.78293999999989,-38.157296000005822,57.187809]]}},
{"type":"Feature","properties":{"id":1553,"tipo":null,"Potencia":120,"Columna":"baja"},"geometry":{"type":"MultiPoint","coordinates":[[-58.782620999999885,-38.157148000005812,57.187809]]}},
{"type":"Feature","properties":{"id":1554,"tipo":null,"Potencia":120,"Columna":"baja"},"geometry":{"type":"MultiPoint","coordinates":[[-58.782437999999892,-38.156895000005818,57.187809]]}},
{"type":"Feature","properties":{"id":1555,"tipo":null,"Potencia":120,"Columna":"baja"},"geometry":{"type":"MultiPoint","coordinates":[[-58.782167999999892,-38.156674000005808,57.187809]]}},
{"type":"Feature","properties":{"id":1556,"tipo":null,"Potencia":120,"Columna":"baja"},"geometry":{"type":"MultiPoint","coordinates":[[-58.781926999999889,-38.156455000005813,59.613789]]}},
{"type":"Feature","properties":{"id":1557,"tipo":null,"Potencia":120,"Columna":"baja"},"geometry":{"type":"MultiPoint","coordinates":[[-58.781686999999884,-38.156270000005819,57.085171]]}},
{"type":"Feature","properties":{"id":1558,"tipo":null,"Potencia":null,"Columna":null},"geometry":{"type":"MultiPoint","coordinates":[[-58.781066999999886,-38.15593300000581,57.225132]]}},
{"type":"Feature","properties":{"id":1559,"tipo":null,"Potencia":null,"Columna":null},"geometry":{"type":"MultiPoint","coordinates":[[-58.780835999999894,-38.155749000005827,57.225132]]}},
{"type":"Feature","properties":{"id":1560,"tipo":null,"Potencia":null,"Columna":null},"geometry":{"type":"MultiPoint","coordinates":[[-58.780719999999874,-38.155454000005804,55.956158]]}},
{"type":"Feature","properties":{"id":1561,"tipo":null,"Potencia":null,"Columna":null},"geometry":{"type":"MultiPoint","coordinates":[[-58.78015499999988,-38.155005000005822,56.973206]]}},
{"type":"Feature","properties":{"id":1562,"tipo":null,"Potencia":null,"Columna":null},"geometry":{"type":"MultiPoint","coordinates":[[-58.779930999999891,-38.15482000000582,57.812965]]}},
{"type":"Feature","properties":{"id":1563,"tipo":null,"Potencia":null,"Columna":null},"geometry":{"type":"MultiPoint","coordinates":[[-58.779731999999875,-38.154651000005813,57.505054]]}},
{"type":"Feature","properties":{"id":1564,"tipo":null,"Potencia":null,"Columna":null},"geometry":{"type":"MultiPoint","coordinates":[[-58.77950499999988,-38.154465000005821,57.505054]]}},
{"type":"Feature","properties":{"id":1565,"tipo":null,"Potencia":null,"Columna":null},"geometry":{"type":"MultiPoint","coordinates":[[-58.778749999999889,-38.154045000005809,57.505054]]}},
{"type":"Feature","properties":{"id":1566,"tipo":null,"Potencia":null,"Columna":null},"geometry":{"type":"MultiPoint","coordinates":[[-58.779310999999893,-38.152953000005802,57.505054]]}},
{"type":"Feature","properties":{"id":1567,"tipo":null,"Potencia":null,"Columna":null},"geometry":{"type":"MultiPoint","coordinates":[[-58.779602999999888,-38.153112000005819,57.505054]]}},
{"type":"Feature","properties":{"id":1568,"tipo":null,"Potencia":null,"Columna":null},"geometry":{"type":"MultiPoint","coordinates":[[-58.779845999999885,-38.153398000005815,57.505054]]}},
{"type":"Feature","properties":{"id":1569,"tipo":null,"Potencia":null,"Columna":null},"geometry":{"type":"MultiPoint","coordinates":[[-58.780169999999877,-38.153559000005806,57.505054]]}},
{"type":"Feature","properties":{"id":1570,"tipo":"led 11va","Potencia":null,"Columna":null},"geometry":{"type":"MultiPoint","coordinates":[[-58.78036499999989,-38.153831000005802,57.505054]]}},
{"type":"Feature","properties":{"id":1571,"tipo":"led 11va","Potencia":null,"Columna":null},"geometry":{"type":"MultiPoint","coordinates":[[-58.780663999999888,-38.153975000005822,57.505054]]}},
{"type":"Feature","properties":{"id":1572,"tipo":"led 11va","Potencia":null,"Columna":null},"geometry":{"type":"MultiPoint","coordinates":[[-58.780908999999887,-38.154286000005818,57.505054]]}},
{"type":"Feature","properties":{"id":1573,"tipo":"led 11va","Potencia":null,"Columna":null},"geometry":{"type":"MultiPoint","coordinates":[[-58.781241999999878,-38.154444000005803,57.505054]]}},
{"type":"Feature","properties":{"id":1574,"tipo":"led 11va","Potencia":null,"Columna":null},"geometry":{"type":"MultiPoint","coordinates":[[-58.781450999999883,-38.154724000005807,57.505054]]}},
{"type":"Feature","properties":{"id":1575,"tipo":"led 11va","Potencia":null,"Columna":null},"geometry":{"type":"MultiPoint","coordinates":[[-58.781738999999888,-38.15485200000581,57.887611]]}},
{"type":"Feature","properties":{"id":1576,"tipo":"led 11va","Potencia":null,"Columna":null},"geometry":{"type":"MultiPoint","coordinates":[[-58.781922999999892,-38.155089000005816,57.887611]]}},
{"type":"Feature","properties":{"id":1577,"tipo":"led 11va","Potencia":null,"Columna":null},"geometry":{"type":"MultiPoint","coordinates":[[-58.782325999999877,-38.155312000005829,57.887611]]}},
{"type":"Feature","properties":{"id":1578,"tipo":"led 11va","Potencia":null,"Columna":null},"geometry":{"type":"MultiPoint","coordinates":[[-58.782521999999894,-38.155604000005816,54.519234]]}},
{"type":"Feature","properties":{"id":1579,"tipo":"led 11va","Potencia":null,"Columna":null},"geometry":{"type":"MultiPoint","coordinates":[[-58.782867999999887,-38.155765000005822,55.060413]]}},
{"type":"Feature","properties":{"id":1580,"tipo":"led 11va","Potencia":null,"Columna":null},"geometry":{"type":"MultiPoint","coordinates":[[-58.783066999999882,-38.15602300000581,55.526947]]}},
{"type":"Feature","properties":{"id":1581,"tipo":"led 11va","Potencia":null,"Columna":null},"geometry":{"type":"MultiPoint","coordinates":[[-58.783362999999881,-38.156136000005823,55.414978]]}},
{"type":"Feature","properties":{"id":1582,"tipo":null,"Potencia":null,"Columna":null},"geometry":{"type":"MultiPoint","coordinates":[[-58.783645999999884,-38.156278000005813,55.769547]]}},
{"type":"Feature","properties":{"id":1583,"tipo":null,"Potencia":null,"Columna":null},"geometry":{"type":"MultiPoint","coordinates":[[-58.783868999999889,-38.156102000005816,56.646629]]}},
{"type":"Feature","properties":{"id":1584,"tipo":null,"Potencia":null,"Columna":null},"geometry":{"type":"MultiPoint","coordinates":[[-58.784129999999891,-38.155920000005828,56.637299]]}},
{"type":"Feature","properties":{"id":1585,"tipo":null,"Potencia":null,"Columna":null},"geometry":{"type":"MultiPoint","coordinates":[[-58.784341999999889,-38.155744000005804,56.637299]]}},
{"type":"Feature","properties":{"id":1586,"tipo":"led","Potencia":null,"Columna":null},"geometry":{"type":"MultiPoint","coordinates":[[-58.784556999999886,-38.155580000005813,56.637299]]}},
{"type":"Feature","properties":{"id":1587,"tipo":"led","Potencia":null,"Columna":null},"geometry":{"type":"MultiPoint","coordinates":[[-58.784795999999886,-38.155399000005822,56.637299]]}},
{"type":"Feature","properties":{"id":1588,"tipo":"led","Potencia":null,"Columna":null},"geometry":{"type":"MultiPoint","coordinates":[[-58.785001999999885,-38.155249000005817,56.637299]]}},
{"type":"Feature","properties":{"id":1589,"tipo":"led","Potencia":null,"Columna":null},"geometry":{"type":"MultiPoint","coordinates":[[-58.785233999999889,-38.155063000005818,56.637299]]}},
{"type":"Feature","properties":{"id":1590,"tipo":"led","Potencia":null,"Columna":null},"geometry":{"type":"MultiPoint","coordinates":[[-58.785537999999882,-38.154833000005823,56.637299]]}},
{"type":"Feature","properties":{"id":1591,"tipo":"led","Potencia":null,"Columna":null},"geometry":{"type":"MultiPoint","coordinates":[[-58.785782999999881,-38.154645000005814,56.637299]]}},
{"type":"Feature","properties":{"id":1592,"tipo":"led","Potencia":null,"Columna":null},"geometry":{"type":"MultiPoint","coordinates":[[-58.786003999999878,-38.154492000005824,56.637299]]}},
{"type":"Feature","properties":{"id":1593,"tipo":"led","Potencia":null,"Columna":null},"geometry":{"type":"MultiPoint","coordinates":[[-58.786232999999896,-38.154298000005817,56.637299]]}},
{"type":"Feature","properties":{"id":1594,"tipo":"led","Potencia":null,"Columna":null},"geometry":{"type":"MultiPoint","coordinates":[[-58.786483999999881,-38.154346000005809,56.637299]]}},
{"type":"Feature","properties":{"id":1595,"tipo":"led","Potencia":null,"Columna":null},"geometry":{"type":"MultiPoint","coordinates":[[-58.786744999999883,-38.154548000005811,56.637299]]}},
{"type":"Feature","properties":{"id":1596,"tipo":"led","Potencia":null,"Columna":null},"geometry":{"type":"MultiPoint","coordinates":[[-58.786729999999892,-38.154675000005817,56.637299]]}},
{"type":"Feature","properties":{"id":1597,"tipo":"led","Potencia":null,"Columna":null},"geometry":{"type":"MultiPoint","coordinates":[[-58.786492999999879,-38.154858000005824,56.637299]]}},
{"type":"Feature","properties":{"id":1598,"tipo":"led","Potencia":null,"Columna":null},"geometry":{"type":"MultiPoint","coordinates":[[-58.786256999999885,-38.155020000005813,56.637299]]}},
{"type":"Feature","properties":{"id":1599,"tipo":"led","Potencia":null,"Columna":null},"geometry":{"type":"MultiPoint","coordinates":[[-58.786041999999888,-38.155204000005803,56.637299]]}},
{"type":"Feature","properties":{"id":1600,"tipo":"led","Potencia":null,"Columna":null},"geometry":{"type":"MultiPoint","coordinates":[[-58.785786999999885,-38.155406000005819,56.637299]]}},
{"type":"Feature","properties":{"id":1601,"tipo":"led","Potencia":null,"Columna":null},"geometry":{"type":"MultiPoint","coordinates":[[-58.785556999999883,-38.155577000005827,56.637299]]}},
{"type":"Feature","properties":{"id":1602,"tipo":"led","Potencia":null,"Columna":null},"geometry":{"type":"MultiPoint","coordinates":[[-58.785334999999897,-38.155742000005816,56.637299]]}},
{"type":"Feature","properties":{"id":1603,"tipo":"led","Potencia":null,"Columna":null},"geometry":{"type":"MultiPoint","coordinates":[[-58.78507299999989,-38.155891000005809,55.592262]]}},
{"type":"Feature","properties":{"id":1604,"tipo":"led","Potencia":null,"Columna":null},"geometry":{"type":"MultiPoint","coordinates":[[-58.786944999999889,-38.154717000005817,56.805252]]}},
{"type":"Feature","properties":{"id":1605,"tipo":"led","Potencia":null,"Columna":null},"geometry":{"type":"MultiPoint","coordinates":[[-58.787227999999885,-38.154957000005815,54.35128]]}},
{"type":"Feature","properties":{"id":1606,"tipo":"led","Potencia":null,"Columna":null},"geometry":{"type":"MultiPoint","coordinates":[[-58.787336999999887,-38.155139000005811,54.35128]]}},
{"type":"Feature","properties":{"id":1607,"tipo":"led","Potencia":null,"Columna":null},"geometry":{"type":"MultiPoint","coordinates":[[-58.787063999999887,-38.155356000005831,54.35128]]}},
{"type":"Feature","properties":{"id":1608,"tipo":"led","Potencia":null,"Columna":null},"geometry":{"type":"MultiPoint","coordinates":[[-58.786850999999885,-38.155522000005803,54.35128]]}},
{"type":"Feature","properties":{"id":1609,"tipo":"led","Potencia":null,"Columna":null},"geometry":{"type":"MultiPoint","coordinates":[[-58.786600999999891,-38.155717000005815,54.35128]]}},
{"type":"Feature","properties":{"id":1610,"tipo":"led","Potencia":null,"Columna":null},"geometry":{"type":"MultiPoint","coordinates":[[-58.786394999999885,-38.15586600000583,54.35128]]}},
{"type":"Feature","properties":{"id":1611,"tipo":"led","Potencia":null,"Columna":null},"geometry":{"type":"MultiPoint","coordinates":[[-58.78616799999989,-38.156031000005804,54.35128]]}},
{"type":"Feature","properties":{"id":1612,"tipo":"led","Potencia":null,"Columna":null},"geometry":{"type":"MultiPoint","coordinates":[[-58.785912999999887,-38.156242000005825,54.35128]]}},
{"type":"Feature","properties":{"id":1613,"tipo":"led","Potencia":null,"Columna":null},"geometry":{"type":"MultiPoint","coordinates":[[-58.785677999999891,-38.156423000005809,54.35128]]}},
{"type":"Feature","properties":{"id":1614,"tipo":"led 15va","Potencia":120,"Columna":"baja"},"geometry":{"type":"MultiPoint","coordinates":[[-58.785332999999888,-38.156573000005814,54.35128]]}},
{"type":"Feature","properties":{"id":1615,"tipo":"led 15va","Potencia":120,"Columna":"baja"},"geometry":{"type":"MultiPoint","coordinates":[[-58.785106999999897,-38.15675200000581,54.35128]]}},
{"type":"Feature","properties":{"id":1616,"tipo":"led 15va","Potencia":120,"Columna":"baja"},"geometry":{"type":"MultiPoint","coordinates":[[-58.784883999999877,-38.156918000005817,54.35128]]}},
{"type":"Feature","properties":{"id":1617,"tipo":"led 15va","Potencia":120,"Columna":"baja"},"geometry":{"type":"MultiPoint","coordinates":[[-58.784680999999892,-38.157078000005804,54.35128]]}},
{"type":"Feature","properties":{"id":1618,"tipo":"led 15va","Potencia":120,"Columna":"baja"},"geometry":{"type":"MultiPoint","coordinates":[[-58.784351999999885,-38.157322000005806,54.360611]]}},
{"type":"Feature","properties":{"id":1619,"tipo":"led 15va","Potencia":120,"Columna":"baja"},"geometry":{"type":"MultiPoint","coordinates":[[-58.784172999999896,-38.15746000000582,54.360611]]}},
{"type":"Feature","properties":{"id":1620,"tipo":"led 15va","Potencia":120,"Columna":"baja"},"geometry":{"type":"MultiPoint","coordinates":[[-58.78395299999989,-38.157625000005815,54.360611]]}},
{"type":"Feature","properties":{"id":1621,"tipo":"led 15va","Potencia":120,"Columna":"baja"},"geometry":{"type":"MultiPoint","coordinates":[[-58.783698999999892,-38.157802000005809,54.360611]]}},
{"type":"Feature","properties":{"id":1622,"tipo":"led 11va","Potencia":null,"Columna":null},"geometry":{"type":"MultiPoint","coordinates":[[-58.783477999999896,-38.157978000005819,54.360611]]}},
{"type":"Feature","properties":{"id":1623,"tipo":"led 11va","Potencia":null,"Columna":null},"geometry":{"type":"MultiPoint","coordinates":[[-58.783280999999889,-38.158133000005819,54.360611]]}},
{"type":"Feature","properties":{"id":1624,"tipo":"led 11va","Potencia":null,"Columna":null},"geometry":{"type":"MultiPoint","coordinates":[[-58.783051999999884,-38.15829300000582,54.360611]]}},
{"type":"Feature","properties":{"id":1625,"tipo":"led 11va","Potencia":null,"Columna":null},"geometry":{"type":"MultiPoint","coordinates":[[-58.782839999999887,-38.1584670000058,54.360611]]}},
{"type":"Feature","properties":{"id":1626,"tipo":"led","Potencia":null,"Columna":null},"geometry":{"type":"MultiPoint","coordinates":[[-58.782533999999885,-38.158706000005814,54.360611]]}},
{"type":"Feature","properties":{"id":1627,"tipo":"led","Potencia":null,"Columna":null},"geometry":{"type":"MultiPoint","coordinates":[[-58.782316999999885,-38.158863000005795,54.360611]]}},
{"type":"Feature","properties":{"id":1628,"tipo":"led","Potencia":null,"Columna":null},"geometry":{"type":"MultiPoint","coordinates":[[-58.782054999999886,-38.15902000000581,54.360611]]}},
{"type":"Feature","properties":{"id":1629,"tipo":"led","Potencia":null,"Columna":null},"geometry":{"type":"MultiPoint","coordinates":[[-58.781823999999894,-38.15921900000582,55.247025]]}},
{"type":"Feature","properties":{"id":1630,"tipo":"led","Potencia":null,"Columna":null},"geometry":{"type":"MultiPoint","coordinates":[[-58.781590999999885,-38.159433000005812,52.242542]]}},
{"type":"Feature","properties":{"id":1631,"tipo":"led","Potencia":null,"Columna":null},"geometry":{"type":"MultiPoint","coordinates":[[-58.781429999999887,-38.159649000005814,52.709076]]}},
{"type":"Feature","properties":{"id":1632,"tipo":"led","Potencia":null,"Columna":null},"geometry":{"type":"MultiPoint","coordinates":[[-58.781135999999869,-38.15978300000581,52.606441]]}},
{"type":"Feature","properties":{"id":1633,"tipo":"led","Potencia":null,"Columna":null},"geometry":{"type":"MultiPoint","coordinates":[[-58.780955999999897,-38.160018000005813,52.606441]]}},
{"type":"Feature","properties":{"id":1634,"tipo":"led","Potencia":null,"Columna":null},"geometry":{"type":"MultiPoint","coordinates":[[-58.780619999999892,-38.160164000005821,52.606441]]}},
{"type":"Feature","properties":{"id":1635,"tipo":"led","Potencia":null,"Columna":null},"geometry":{"type":"MultiPoint","coordinates":[[-58.780451999999883,-38.160380000005816,52.615772]]}},
{"type":"Feature","properties":{"id":1636,"tipo":"led","Potencia":null,"Columna":null},"geometry":{"type":"MultiPoint","coordinates":[[-58.780190999999888,-38.160499000005814,52.615772]]}},
{"type":"Feature","properties":{"id":1637,"tipo":"led","Potencia":null,"Columna":null},"geometry":{"type":"MultiPoint","coordinates":[[-58.780047999999894,-38.160721000005815,52.615772]]}},
{"type":"Feature","properties":{"id":1638,"tipo":"led 14va","Potencia":150,"Columna":"alta"},"geometry":{"type":"MultiPoint","coordinates":[[-58.77893899999988,-38.159890000005802,52.615772]]}},
{"type":"Feature","properties":{"id":1639,"tipo":"led 14va","Potencia":150,"Columna":"alta"},"geometry":{"type":"MultiPoint","coordinates":[[-58.77916699999988,-38.159700000005813,52.615772]]}},
{"type":"Feature","properties":{"id":1640,"tipo":"led 14va","Potencia":150,"Columna":"alta"},"geometry":{"type":"MultiPoint","coordinates":[[-58.779397999999894,-38.1595140000058,52.802383]]}},
{"type":"Feature","properties":{"id":1641,"tipo":"led 14va","Potencia":150,"Columna":"alta"},"geometry":{"type":"MultiPoint","coordinates":[[-58.779602999999888,-38.159364000005802,53.184944]]}},
{"type":"Feature","properties":{"id":1642,"tipo":null,"Potencia":150,"Columna":"alta"},"geometry":{"type":"MultiPoint","coordinates":[[-58.779858999999881,-38.159123000005813,52.858368]]}},
{"type":"Feature","properties":{"id":1643,"tipo":null,"Potencia":150,"Columna":"alta"},"geometry":{"type":"MultiPoint","coordinates":[[-58.780092999999894,-38.158950000005802,52.811714]]}},
{"type":"Feature","properties":{"id":1644,"tipo":null,"Potencia":150,"Columna":"alta"},"geometry":{"type":"MultiPoint","coordinates":[[-58.780342999999888,-38.158756000005802,53.035652]]}},
{"type":"Feature","properties":{"id":1645,"tipo":null,"Potencia":150,"Columna":"alta"},"geometry":{"type":"MultiPoint","coordinates":[[-58.780555999999876,-38.158588000005807,52.438488]]}},
{"type":"Feature","properties":{"id":1646,"tipo":null,"Potencia":120,"Columna":"baja"},"geometry":{"type":"MultiPoint","coordinates":[[-58.780772999999897,-38.158307000005813,52.75573]]}},
{"type":"Feature","properties":{"id":1647,"tipo":null,"Potencia":120,"Columna":"baja"},"geometry":{"type":"MultiPoint","coordinates":[[-58.780982999999885,-38.158155000005806,52.961006]]}},
{"type":"Feature","properties":{"id":1648,"tipo":null,"Potencia":120,"Columna":"baja"},"geometry":{"type":"MultiPoint","coordinates":[[-58.781221999999893,-38.157987000005804,53.912739]]}},
{"type":"Feature","properties":{"id":1649,"tipo":null,"Potencia":120,"Columna":"baja"},"geometry":{"type":"MultiPoint","coordinates":[[-58.781426999999887,-38.157837000005813,52.951675]]}},
{"type":"Feature","properties":{"id":1650,"tipo":null,"Potencia":120,"Columna":"baja"},"geometry":{"type":"MultiPoint","coordinates":[[-58.781678999999876,-38.157644000005803,52.625103]]}},
{"type":"Feature","properties":{"id":1651,"tipo":null,"Potencia":120,"Columna":"baja"},"geometry":{"type":"MultiPoint","coordinates":[[-58.781926999999889,-38.157463000005798,54.780491]]}},
{"type":"Feature","properties":{"id":1652,"tipo":null,"Potencia":120,"Columna":"baja"},"geometry":{"type":"MultiPoint","coordinates":[[-58.782144999999886,-38.157291000005806,53.828762]]}},
{"type":"Feature","properties":{"id":1653,"tipo":null,"Potencia":120,"Columna":"baja"},"geometry":{"type":"MultiPoint","coordinates":[[-58.782369999999887,-38.157119000005828,53.362225]]}},
{"type":"Feature","properties":{"id":1654,"tipo":null,"Potencia":120,"Columna":"baja"},"geometry":{"type":"MultiPoint","coordinates":[[-58.782636999999887,-38.156919000005814,53.287582]]}},
{"type":"Feature","properties":{"id":1655,"tipo":null,"Potencia":120,"Columna":"baja"},"geometry":{"type":"MultiPoint","coordinates":[[-58.782921999999886,-38.156809000005815,54.509903]]}},
{"type":"Feature","properties":{"id":1656,"tipo":null,"Potencia":120,"Columna":"baja"},"geometry":{"type":"MultiPoint","coordinates":[[-58.783151999999887,-38.156633000005812,53.614155]]}},
{"type":"Feature","properties":{"id":1657,"tipo":null,"Potencia":120,"Columna":"baja"},"geometry":{"type":"MultiPoint","coordinates":[[-58.78340999999989,-38.156438000005814,53.399548]]}},
{"type":"Feature","properties":{"id":1658,"tipo":"led 15va","Potencia":150,"Columna":"alta"},"geometry":{"type":"MultiPoint","coordinates":[[-58.783595999999889,-38.156450000005819,53.651478]]}},
{"type":"Feature","properties":{"id":1659,"tipo":"led 15va","Potencia":150,"Columna":"alta"},"geometry":{"type":"MultiPoint","coordinates":[[-58.783898999999892,-38.156598000005815,53.296913]]}},
{"type":"Feature","properties":{"id":1660,"tipo":"led 15va","Potencia":150,"Columna":"alta"},"geometry":{"type":"MultiPoint","coordinates":[[-58.784131999999886,-38.156896000005808,53.912739]]}},
{"type":"Feature","properties":{"id":1661,"tipo":null,"Potencia":150,"Columna":"alta"},"geometry":{"type":"MultiPoint","coordinates":[[-58.784457999999887,-38.157041000005805,53.772778]]}},
{"type":"Feature","properties":{"id":1662,"tipo":"led 15va","Potencia":150,"Columna":"alta"},"geometry":{"type":"MultiPoint","coordinates":[[-58.784670999999889,-38.157337000005818,54.687183]]}},
{"type":"Feature","properties":{"id":1663,"tipo":"led 15va","Potencia":150,"Columna":"alta"},"geometry":{"type":"MultiPoint","coordinates":[[-58.785021999999877,-38.157501000005823,53.539509]]}},
{"type":"Feature","properties":{"id":1664,"tipo":"led 15va","Potencia":150,"Columna":"alta"},"geometry":{"type":"MultiPoint","coordinates":[[-58.785225999999881,-38.157800000005814,53.642147]]}},
{"type":"Feature","properties":{"id":1665,"tipo":"led 15va","Potencia":150,"Columna":"alta"},"geometry":{"type":"MultiPoint","coordinates":[[-58.785542999999876,-38.157962000005817,53.483524]]}},
{"type":"Feature","properties":{"id":1666,"tipo":"led 15va","Potencia":150,"Columna":"alta"},"geometry":{"type":"MultiPoint","coordinates":[[-58.785772999999885,-38.158247000005829,52.111912]]}},
{"type":"Feature","properties":{"id":1667,"tipo":"led 15va","Potencia":150,"Columna":"alta"},"geometry":{"type":"MultiPoint","coordinates":[[-58.786028999999893,-38.158368000005822,54.006042]]}},
{"type":"Feature","properties":{"id":1668,"tipo":"led 15va","Potencia":150,"Columna":"alta"},"geometry":{"type":"MultiPoint","coordinates":[[-58.786266999999889,-38.158689000005815,53.838093]]}},
{"type":"Feature","properties":{"id":1669,"tipo":"led 15va","Potencia":150,"Columna":"alta"},"geometry":{"type":"MultiPoint","coordinates":[[-58.786594999999892,-38.158824000005829,54.369942]]}},
{"type":"Feature","properties":{"id":1670,"tipo":"led 12va","Potencia":null,"Columna":null},"geometry":{"type":"MultiPoint","coordinates":[[-58.786808999999884,-38.159088000005823,54.369942]]}},
{"type":"Feature","properties":{"id":1671,"tipo":"led 12va","Potencia":null,"Columna":null},"geometry":{"type":"MultiPoint","coordinates":[[-58.787090999999876,-38.159212000005823,53.539509]]}},
{"type":"Feature","properties":{"id":1672,"tipo":"led 12va","Potencia":null,"Columna":null},"geometry":{"type":"MultiPoint","coordinates":[[-58.787233999999884,-38.159438000005821,55.275017]]}},
{"type":"Feature","properties":{"id":1673,"tipo":"led 12va","Potencia":null,"Columna":null},"geometry":{"type":"MultiPoint","coordinates":[[-58.787509999999884,-38.159550000005822,51.934631]]}},
{"type":"Feature","properties":{"id":1674,"tipo":"led 12va","Potencia":null,"Columna":null},"geometry":{"type":"MultiPoint","coordinates":[[-58.787596999999884,-38.159723000005812,53.567501]]}},
{"type":"Feature","properties":{"id":1675,"tipo":"led","Potencia":null,"Columna":null},"geometry":{"type":"MultiPoint","coordinates":[[-58.788560053817264,-38.159058190861103,60.873432]]}},
{"type":"Feature","properties":{"id":1676,"tipo":"led","Potencia":null,"Columna":null},"geometry":{"type":"MultiPoint","coordinates":[[-58.788348999999876,-38.15888500000581,60.873432]]}},
{"type":"Feature","properties":{"id":1677,"tipo":"led","Potencia":null,"Columna":null},"geometry":{"type":"MultiPoint","coordinates":[[-58.788132999999888,-38.158695000005828,60.873432]]}},
{"type":"Feature","properties":{"id":1678,"tipo":"led","Potencia":null,"Columna":null},"geometry":{"type":"MultiPoint","coordinates":[[-58.787893999999888,-38.158522000005824,60.873432]]}},
{"type":"Feature","properties":{"id":1679,"tipo":"led","Potencia":null,"Columna":null},"geometry":{"type":"MultiPoint","coordinates":[[-58.787741999999881,-38.158345000005831,60.873432]]}},
{"type":"Feature","properties":{"id":1680,"tipo":"led","Potencia":null,"Columna":null},"geometry":{"type":"MultiPoint","coordinates":[[-58.787478999999884,-38.158133000005819,60.873432]]}},
{"type":"Feature","properties":{"id":1681,"tipo":"led","Potencia":null,"Columna":null},"geometry":{"type":"MultiPoint","coordinates":[[-58.787213999999885,-38.157926000005816,57.74765]]}},
{"type":"Feature","properties":{"id":1682,"tipo":"led","Potencia":null,"Columna":null},"geometry":{"type":"MultiPoint","coordinates":[[-58.786958999999889,-38.157709000005809,60.97607]]}},
{"type":"Feature","properties":{"id":1683,"tipo":"led","Potencia":null,"Columna":null},"geometry":{"type":"MultiPoint","coordinates":[[-58.786680999999888,-38.157486000005818,60.873432]]}},
{"type":"Feature","properties":{"id":1684,"tipo":"led","Potencia":null,"Columna":null},"geometry":{"type":"MultiPoint","coordinates":[[-58.786543999999893,-38.157237000005807,61.63855]]}},
{"type":"Feature","properties":{"id":1685,"tipo":"led","Potencia":null,"Columna":null},"geometry":{"type":"MultiPoint","coordinates":[[-58.786172999999884,-38.157084000005824,61.106701]]}},
{"type":"Feature","properties":{"id":1686,"tipo":"led","Potencia":null,"Columna":null},"geometry":{"type":"MultiPoint","coordinates":[[-58.785985999999887,-38.156796000005819,61.106701]]}},
{"type":"Feature","properties":{"id":1687,"tipo":"led","Potencia":null,"Columna":null},"geometry":{"type":"MultiPoint","coordinates":[[-58.785669999999897,-38.156558000005823,61.106701]]}},
{"type":"Feature","properties":{"id":1688,"tipo":"led","Potencia":null,"Columna":null},"geometry":{"type":"MultiPoint","coordinates":[[-58.785442999999887,-38.156344000005809,61.106701]]}},
{"type":"Feature","properties":{"id":1689,"tipo":"led","Potencia":null,"Columna":null},"geometry":{"type":"MultiPoint","coordinates":[[-58.785149999999888,-38.156106000005813,61.106701]]}},
{"type":"Feature","properties":{"id":1690,"tipo":"led","Potencia":null,"Columna":null},"geometry":{"type":"MultiPoint","coordinates":[[-58.784908999999892,-38.155925000005823,61.106701]]}},
{"type":"Feature","properties":{"id":1691,"tipo":"led","Potencia":null,"Columna":null},"geometry":{"type":"MultiPoint","coordinates":[[-58.784641999999891,-38.155706000005807,61.106701]]}},
{"type":"Feature","properties":{"id":1692,"tipo":null,"Potencia":120,"Columna":"baja"},"geometry":{"type":"MultiPoint","coordinates":[[-58.784290999999889,-38.15553200000582,61.106701]]}},
{"type":"Feature","properties":{"id":1693,"tipo":null,"Potencia":120,"Columna":"baja"},"geometry":{"type":"MultiPoint","coordinates":[[-58.784035999999887,-38.155325000005817,61.106701]]}},
{"type":"Feature","properties":{"id":1694,"tipo":null,"Potencia":120,"Columna":"baja"},"geometry":{"type":"MultiPoint","coordinates":[[-58.783824999999894,-38.155152000005813,61.106701]]}},
{"type":"Feature","properties":{"id":1695,"tipo":null,"Potencia":120,"Columna":"baja"},"geometry":{"type":"MultiPoint","coordinates":[[-58.78354799999989,-38.15493000000582,61.106701]]}},
{"type":"Feature","properties":{"id":1696,"tipo":null,"Potencia":120,"Columna":"baja"},"geometry":{"type":"MultiPoint","coordinates":[[-58.783245999999878,-38.154685000005813,61.106701]]}},
{"type":"Feature","properties":{"id":1697,"tipo":null,"Potencia":120,"Columna":"baja"},"geometry":{"type":"MultiPoint","coordinates":[[-58.782979999999881,-38.154472000005811,61.116032]]}},
{"type":"Feature","properties":{"id":1698,"tipo":null,"Potencia":120,"Columna":"baja"},"geometry":{"type":"MultiPoint","coordinates":[[-58.782728999999897,-38.154276000005815,61.116032]]}},
{"type":"Feature","properties":{"id":1699,"tipo":null,"Potencia":120,"Columna":"baja"},"geometry":{"type":"MultiPoint","coordinates":[[-58.782404999999883,-38.154023000005807,61.116032]]}},
{"type":"Feature","properties":{"id":1700,"tipo":"led 14va","Potencia":120,"Columna":"baja"},"geometry":{"type":"MultiPoint","coordinates":[[-58.782214999999887,-38.153757000005825,61.116032]]}},
{"type":"Feature","properties":{"id":1701,"tipo":"led 14va","Potencia":120,"Columna":"baja"},"geometry":{"type":"MultiPoint","coordinates":[[-58.781989999999887,-38.15356900000581,61.116032]]}},
{"type":"Feature","properties":{"id":1702,"tipo":"led 14va","Potencia":120,"Columna":"baja"},"geometry":{"type":"MultiPoint","coordinates":[[-58.781797999999888,-38.15340900000583,61.116032]]}},
{"type":"Feature","properties":{"id":1703,"tipo":"led 14va","Potencia":120,"Columna":"baja"},"geometry":{"type":"MultiPoint","coordinates":[[-58.78161999999989,-38.153274000005823,61.116032]]}},
{"type":"Feature","properties":{"id":1704,"tipo":"led 14va","Potencia":120,"Columna":"baja"},"geometry":{"type":"MultiPoint","coordinates":[[-58.781403999999888,-38.153104000005825,61.116032]]}},
{"type":"Feature","properties":{"id":1705,"tipo":null,"Potencia":null,"Columna":null},"geometry":{"type":"MultiPoint","coordinates":[[-58.781059999999883,-38.152929000005813,61.116032]]}},
{"type":"Feature","properties":{"id":1706,"tipo":null,"Potencia":null,"Columna":null},"geometry":{"type":"MultiPoint","coordinates":[[-58.780891999999881,-38.152797000005826,61.116032]]}},
{"type":"Feature","properties":{"id":1707,"tipo":null,"Potencia":null,"Columna":null},"geometry":{"type":"MultiPoint","coordinates":[[-58.780512999999885,-38.152498000005814,61.843826]]}},
{"type":"Feature","properties":{"id":1708,"tipo":null,"Potencia":null,"Columna":null},"geometry":{"type":"MultiPoint","coordinates":[[-58.780202999999872,-38.152252000005817,59.352531]]}},
{"type":"Feature","properties":{"id":1709,"tipo":null,"Potencia":null,"Columna":null},"geometry":{"type":"MultiPoint","coordinates":[[-58.781398999999894,-38.15156100000582,62.60894]]}},
{"type":"Feature","properties":{"id":1710,"tipo":null,"Potencia":null,"Columna":null},"geometry":{"type":"MultiPoint","coordinates":[[-58.781643999999893,-38.151939000005811,62.98217]]}},
{"type":"Feature","properties":{"id":1711,"tipo":null,"Potencia":null,"Columna":null},"geometry":{"type":"MultiPoint","coordinates":[[-58.782013999999883,-38.152082000005805,62.972839]]}},
{"type":"Feature","properties":{"id":1712,"tipo":null,"Potencia":null,"Columna":null},"geometry":{"type":"MultiPoint","coordinates":[[-58.782277999999877,-38.152293000005812,62.972839]]}},
{"type":"Feature","properties":{"id":1713,"tipo":null,"Potencia":null,"Columna":null},"geometry":{"type":"MultiPoint","coordinates":[[-58.782494999999884,-38.152628000005819,62.972839]]}},
{"type":"Feature","properties":{"id":1714,"tipo":null,"Potencia":null,"Columna":null},"geometry":{"type":"MultiPoint","coordinates":[[-58.782950999999883,-38.152833000005813,62.972839]]}},
{"type":"Feature","properties":{"id":1715,"tipo":null,"Potencia":null,"Columna":null},"geometry":{"type":"MultiPoint","coordinates":[[-58.78325799999989,-38.153244000005813,62.972839]]}},
{"type":"Feature","properties":{"id":1716,"tipo":null,"Potencia":null,"Columna":null},"geometry":{"type":"MultiPoint","coordinates":[[-58.783583999999877,-38.153342000005821,60.612175]]}},
{"type":"Feature","properties":{"id":1717,"tipo":null,"Potencia":null,"Columna":null},"geometry":{"type":"MultiPoint","coordinates":[[-58.783819999999885,-38.153535000005832,60.024342]]}},
{"type":"Feature","properties":{"id":1718,"tipo":null,"Potencia":null,"Columna":null},"geometry":{"type":"MultiPoint","coordinates":[[-58.784059999999876,-38.153734000005812,60.602844]]}},
{"type":"Feature","properties":{"id":1719,"tipo":null,"Potencia":null,"Columna":null},"geometry":{"type":"MultiPoint","coordinates":[[-58.784446999999879,-38.154058000005826,60.210953]]}},
{"type":"Feature","properties":{"id":1720,"tipo":null,"Potencia":null,"Columna":null},"geometry":{"type":"MultiPoint","coordinates":[[-58.784820999999887,-38.154356000005819,61.21867]]}},
{"type":"Feature","properties":{"id":1721,"tipo":null,"Potencia":null,"Columna":null},"geometry":{"type":"MultiPoint","coordinates":[[-58.784989999999894,-38.154667000005823,61.21867]]}},
{"type":"Feature","properties":{"id":1722,"tipo":"led","Potencia":null,"Columna":null},"geometry":{"type":"MultiPoint","coordinates":[[-58.785495999999881,-38.155027000005816,61.21867]]}},
{"type":"Feature","properties":{"id":1723,"tipo":"led","Potencia":null,"Columna":null},"geometry":{"type":"MultiPoint","coordinates":[[-58.785834999999885,-38.155205000005814,61.461266]]}},
{"type":"Feature","properties":{"id":1724,"tipo":"led","Potencia":null,"Columna":null},"geometry":{"type":"MultiPoint","coordinates":[[-58.786003999999878,-38.155450000005814,61.060047]]}},
{"type":"Feature","properties":{"id":1725,"tipo":"led","Potencia":null,"Columna":null},"geometry":{"type":"MultiPoint","coordinates":[[-58.786350999999875,-38.155635000005823,60.910755]]}},
{"type":"Feature","properties":{"id":1726,"tipo":"led","Potencia":null,"Columna":null},"geometry":{"type":"MultiPoint","coordinates":[[-58.786530999999876,-38.155886000005822,60.910755]]}},
{"type":"Feature","properties":{"id":1727,"tipo":"led","Potencia":null,"Columna":null},"geometry":{"type":"MultiPoint","coordinates":[[-58.786891999999895,-38.156076000005811,60.910755]]}},
{"type":"Feature","properties":{"id":1728,"tipo":"led","Potencia":null,"Columna":null},"geometry":{"type":"MultiPoint","coordinates":[[-58.787047999999885,-38.15610900000582,60.910755]]}},
{"type":"Feature","properties":{"id":1729,"tipo":"led","Potencia":null,"Columna":null},"geometry":{"type":"MultiPoint","coordinates":[[-58.787296999999889,-38.155904000005826,60.910755]]}},
{"type":"Feature","properties":{"id":1730,"tipo":"led","Potencia":null,"Columna":null},"geometry":{"type":"MultiPoint","coordinates":[[-58.787475999999884,-38.155756000005809,60.910755]]}},
{"type":"Feature","properties":{"id":1731,"tipo":"led","Potencia":null,"Columna":null},"geometry":{"type":"MultiPoint","coordinates":[[-58.78774399999989,-38.155569000005812,60.910755]]}},
{"type":"Feature","properties":{"id":1732,"tipo":"led","Potencia":null,"Columna":null},"geometry":{"type":"MultiPoint","coordinates":[[-58.786859999999884,-38.156260000005808,61.172016]]}},
{"type":"Feature","properties":{"id":1733,"tipo":"led","Potencia":null,"Columna":null},"geometry":{"type":"MultiPoint","coordinates":[[-58.786649999999888,-38.156392000005816,60.96674]]}},
{"type":"Feature","properties":{"id":1734,"tipo":"led","Potencia":null,"Columna":null},"geometry":{"type":"MultiPoint","coordinates":[[-58.786418999999896,-38.156587000005828,60.612175]]}},
{"type":"Feature","properties":{"id":1735,"tipo":"led","Potencia":null,"Columna":null},"geometry":{"type":"MultiPoint","coordinates":[[-58.786160999999893,-38.156788000005811,60.500206]]}},
{"type":"Feature","properties":{"id":1736,"tipo":"led","Potencia":null,"Columna":null},"geometry":{"type":"MultiPoint","coordinates":[[-58.787148999999893,-38.156284000005805,61.63855]]}},
{"type":"Feature","properties":{"id":1737,"tipo":"led","Potencia":null,"Columna":null},"geometry":{"type":"MultiPoint","coordinates":[[-58.787381999999887,-38.15645800000582,61.479927]]}},
{"type":"Feature","properties":{"id":1738,"tipo":"led","Potencia":null,"Columna":null},"geometry":{"type":"MultiPoint","coordinates":[[-58.787394999999883,-38.156764000005815,60.97607]]}},
{"type":"Feature","properties":{"id":1739,"tipo":"led","Potencia":null,"Columna":null},"geometry":{"type":"MultiPoint","coordinates":[[-58.787084999999877,-38.157040000005821,60.97607]]}},
{"type":"Feature","properties":{"id":1740,"tipo":"led","Potencia":null,"Columna":null},"geometry":{"type":"MultiPoint","coordinates":[[-58.786766999999884,-38.157253000005802,60.97607]]}},
{"type":"Feature","properties":{"id":1741,"tipo":"led","Potencia":null,"Columna":null},"geometry":{"type":"MultiPoint","coordinates":[[-58.786386999999884,-38.157441000005825,60.97607]]}},
{"type":"Feature","properties":{"id":1742,"tipo":"led","Potencia":null,"Columna":null},"geometry":{"type":"MultiPoint","coordinates":[[-58.786138999999878,-38.157726000005823,60.97607]]}},
{"type":"Feature","properties":{"id":1743,"tipo":"led","Potencia":null,"Columna":null},"geometry":{"type":"MultiPoint","coordinates":[[-58.78577099999989,-38.157898000005822,60.97607]]}},
{"type":"Feature","properties":{"id":1744,"tipo":null,"Potencia":150,"Columna":"alta"},"geometry":{"type":"MultiPoint","coordinates":[[-58.785475999999889,-38.158220000005826,60.97607]]}},
{"type":"Feature","properties":{"id":1745,"tipo":null,"Potencia":150,"Columna":"alta"},"geometry":{"type":"MultiPoint","coordinates":[[-58.785094999999885,-38.158432000005824,60.985401]]}},
{"type":"Feature","properties":{"id":1746,"tipo":null,"Potencia":150,"Columna":"alta"},"geometry":{"type":"MultiPoint","coordinates":[[-58.784874999999879,-38.158682000005804,60.985401]]}},
{"type":"Feature","properties":{"id":1747,"tipo":"led 11va","Potencia":null,"Columna":null},"geometry":{"type":"MultiPoint","coordinates":[[-58.784524999999888,-38.158889000005814,60.985401]]}},
{"type":"Feature","properties":{"id":1748,"tipo":"led 11va","Potencia":null,"Columna":null},"geometry":{"type":"MultiPoint","coordinates":[[-58.784224999999878,-38.159206000005803,60.985401]]}},
{"type":"Feature","properties":{"id":1749,"tipo":"led 11va","Potencia":null,"Columna":null},"geometry":{"type":"MultiPoint","coordinates":[[-58.78388399999988,-38.159364000005802,60.985401]]}},
{"type":"Feature","properties":{"id":1750,"tipo":"led","Potencia":null,"Columna":null},"geometry":{"type":"MultiPoint","coordinates":[[-58.783624999999887,-38.159657000005815,60.985401]]}},
{"type":"Feature","properties":{"id":1751,"tipo":"led","Potencia":null,"Columna":null},"geometry":{"type":"MultiPoint","coordinates":[[-58.783250999999886,-38.159830000005812,60.985401]]}},
{"type":"Feature","properties":{"id":1752,"tipo":"led","Potencia":null,"Columna":null},"geometry":{"type":"MultiPoint","coordinates":[[-58.782966999999886,-38.1601500000058,60.985401]]}},
{"type":"Feature","properties":{"id":1753,"tipo":"led","Potencia":null,"Columna":null},"geometry":{"type":"MultiPoint","coordinates":[[-58.78262199999989,-38.160300000005826,59.399185]]}},
{"type":"Feature","properties":{"id":1754,"tipo":"led","Potencia":null,"Columna":null},"geometry":{"type":"MultiPoint","coordinates":[[-58.782496999999879,-38.160503000005818,59.63245]]}},
{"type":"Feature","properties":{"id":1755,"tipo":"led","Potencia":null,"Columna":null},"geometry":{"type":"MultiPoint","coordinates":[[-58.782193999999876,-38.16065700000582,59.287216]]}},
{"type":"Feature","properties":{"id":1756,"tipo":"led","Potencia":null,"Columna":null},"geometry":{"type":"MultiPoint","coordinates":[[-58.782002999999889,-38.160894000005804,58.690052]]}},
{"type":"Feature","properties":{"id":1757,"tipo":"led","Potencia":null,"Columna":null},"geometry":{"type":"MultiPoint","coordinates":[[-58.781703999999891,-38.161011000005807,60.360245]]}},
{"type":"Feature","properties":{"id":1758,"tipo":"led","Potencia":null,"Columna":null},"geometry":{"type":"MultiPoint","coordinates":[[-58.781520999999891,-38.161236000005808,60.052334]]}},
{"type":"Feature","properties":{"id":1759,"tipo":"led","Potencia":null,"Columna":null},"geometry":{"type":"MultiPoint","coordinates":[[-58.781222999999883,-38.161367000005804,61.442604]]}},
{"type":"Feature","properties":{"id":1760,"tipo":"led","Potencia":null,"Columna":null},"geometry":{"type":"MultiPoint","coordinates":[[-58.781091999999887,-38.161557000005807,59.940365]]}},
{"type":"Feature","properties":{"id":1761,"tipo":"led","Potencia":null,"Columna":null},"geometry":{"type":"MultiPoint","coordinates":[[-58.782207999999883,-38.162381000005816,59.660442]]}},
{"type":"Feature","properties":{"id":1762,"tipo":"led","Potencia":null,"Columna":null},"geometry":{"type":"MultiPoint","coordinates":[[-58.782326999999881,-38.162170000005815,60.985401]]}},
{"type":"Feature","properties":{"id":1763,"tipo":"led","Potencia":null,"Columna":null},"geometry":{"type":"MultiPoint","coordinates":[[-58.782587999999883,-38.162106000005814,59.417847]]}},
{"type":"Feature","properties":{"id":1764,"tipo":"led","Potencia":null,"Columna":null},"geometry":{"type":"MultiPoint","coordinates":[[-58.782751999999881,-38.161903000005822,60.696152]]}},
{"type":"Feature","properties":{"id":1765,"tipo":"led","Potencia":null,"Columna":null},"geometry":{"type":"MultiPoint","coordinates":[[-58.783011999999879,-38.161766000005819,61.106701]]}},
{"type":"Feature","properties":{"id":1766,"tipo":"led","Potencia":null,"Columna":null},"geometry":{"type":"MultiPoint","coordinates":[[-58.783182999999887,-38.161537000005815,61.442604]]}},
{"type":"Feature","properties":{"id":1767,"tipo":"led","Potencia":null,"Columna":null},"geometry":{"type":"MultiPoint","coordinates":[[-58.78343799999989,-38.161410000005809,60.808117]]}},
{"type":"Feature","properties":{"id":1768,"tipo":"led","Potencia":null,"Columna":null},"geometry":{"type":"MultiPoint","coordinates":[[-58.783653999999892,-38.161177000005821,60.808117]]}},
{"type":"Feature","properties":{"id":1769,"tipo":"led","Potencia":null,"Columna":null},"geometry":{"type":"MultiPoint","coordinates":[[-58.783977999999884,-38.161029000005811,60.808117]]}},
{"type":"Feature","properties":{"id":1770,"tipo":"led","Potencia":null,"Columna":null},"geometry":{"type":"MultiPoint","coordinates":[[-58.784119999999888,-38.160830000005809,60.808117]]}},
{"type":"Feature","properties":{"id":1771,"tipo":"led","Potencia":null,"Columna":null},"geometry":{"type":"MultiPoint","coordinates":[[-58.784446999999879,-38.160701000005808,60.808117]]}},
{"type":"Feature","properties":{"id":1772,"tipo":"led","Potencia":null,"Columna":null},"geometry":{"type":"MultiPoint","coordinates":[[-58.784679999999888,-38.160504000005822,61.125362]]}},
{"type":"Feature","properties":{"id":1773,"tipo":"led","Potencia":null,"Columna":null},"geometry":{"type":"MultiPoint","coordinates":[[-58.784926999999882,-38.160332000005809,59.856388]]}},
{"type":"Feature","properties":{"id":1774,"tipo":"led","Potencia":null,"Columna":null},"geometry":{"type":"MultiPoint","coordinates":[[-58.785154999999897,-38.160164000005828,60.994732]]}},
{"type":"Feature","properties":{"id":1775,"tipo":"led","Potencia":null,"Columna":null},"geometry":{"type":"MultiPoint","coordinates":[[-58.785392999999885,-38.15997700000581,60.490875]]}},
{"type":"Feature","properties":{"id":1776,"tipo":"led","Potencia":null,"Columna":null},"geometry":{"type":"MultiPoint","coordinates":[[-58.785595999999884,-38.15979400000581,58.680721]]}},
{"type":"Feature","properties":{"id":1777,"tipo":"led 12va","Potencia":null,"Columna":null},"geometry":{"type":"MultiPoint","coordinates":[[-58.785869999999882,-38.159610000005827,58.671391]]}},
{"type":"Feature","properties":{"id":1778,"tipo":"led 12va","Potencia":null,"Columna":null},"geometry":{"type":"MultiPoint","coordinates":[[-58.786137999999887,-38.159395000005823,58.671391]]}},
{"type":"Feature","properties":{"id":1779,"tipo":"led 12va","Potencia":null,"Columna":null},"geometry":{"type":"MultiPoint","coordinates":[[-58.786321999999878,-38.159255000005828,58.671391]]}},
{"type":"Feature","properties":{"id":1780,"tipo":"led 12va","Potencia":null,"Columna":null},"geometry":{"type":"MultiPoint","coordinates":[[-58.786570999999881,-38.159062000005811,58.671391]]}},
{"type":"Feature","properties":{"id":1781,"tipo":null,"Potencia":null,"Columna":null},"geometry":{"type":"MultiPoint","coordinates":[[-58.786856999999884,-38.158846000005823,58.671391]]}},
{"type":"Feature","properties":{"id":1782,"tipo":null,"Potencia":null,"Columna":null},"geometry":{"type":"MultiPoint","coordinates":[[-58.787005999999884,-38.158742000005809,58.671391]]}},
{"type":"Feature","properties":{"id":1783,"tipo":null,"Potencia":null,"Columna":null},"geometry":{"type":"MultiPoint","coordinates":[[-58.787294999999887,-38.158515000005821,58.671391]]}},
{"type":"Feature","properties":{"id":1784,"tipo":null,"Potencia":null,"Columna":null},"geometry":{"type":"MultiPoint","coordinates":[[-58.787482999999888,-38.158368000005815,58.671391]]}},
{"type":"Feature","properties":{"id":1785,"tipo":null,"Potencia":null,"Columna":null},"geometry":{"type":"MultiPoint","coordinates":[[-58.788133999999879,-38.157749000005829,58.671391]]}},
{"type":"Feature","properties":{"id":1786,"tipo":null,"Potencia":null,"Columna":null},"geometry":{"type":"MultiPoint","coordinates":[[-58.788546999999888,-38.157521000005829,58.671391]]}},
{"type":"Feature","properties":{"id":1787,"tipo":null,"Potencia":null,"Columna":null},"geometry":{"type":"MultiPoint","coordinates":[[-58.789395854534952,-38.156833990039885,58.671391]]}},
{"type":"Feature","properties":{"id":1788,"tipo":"led","Potencia":null,"Columna":null},"geometry":{"type":"MultiPoint","coordinates":[[-58.788291999999885,-38.155966000005819,58.671391]]}},
{"type":"Feature","properties":{"id":1789,"tipo":"led","Potencia":null,"Columna":null},"geometry":{"type":"MultiPoint","coordinates":[[-58.788077999999885,-38.156128000005822,58.671391]]}},
{"type":"Feature","properties":{"id":1790,"tipo":"led","Potencia":null,"Columna":null},"geometry":{"type":"MultiPoint","coordinates":[[-58.78783699999989,-38.156311000005829,58.671391]]}},
{"type":"Feature","properties":{"id":1791,"tipo":"led","Potencia":null,"Columna":null},"geometry":{"type":"MultiPoint","coordinates":[[-58.787593999999885,-38.156493000005817,60.714813]]}},
{"type":"Feature","properties":{"id":1792,"tipo":"led","Potencia":null,"Columna":null},"geometry":{"type":"MultiPoint","coordinates":[[-58.787669999999892,-38.156792000005822,61.741188]]}},
{"type":"Feature","properties":{"id":1793,"tipo":"led","Potencia":null,"Columna":null},"geometry":{"type":"MultiPoint","coordinates":[[-58.787920999999876,-38.157002000005832,61.610558]]}},
{"type":"Feature","properties":{"id":1794,"tipo":"led","Potencia":null,"Columna":null},"geometry":{"type":"MultiPoint","coordinates":[[-58.788174999999889,-38.157209000005821,60.584183]]}},
{"type":"Feature","properties":{"id":1795,"tipo":"led","Potencia":null,"Columna":null},"geometry":{"type":"MultiPoint","coordinates":[[-58.788419999999888,-38.157413000005818,58.820683]]}},
{"type":"Feature","properties":{"id":1796,"tipo":null,"Potencia":null,"Columna":null},"geometry":{"type":"MultiPoint","coordinates":[[-58.788787999999883,-38.156240000005816,58.671391]]}},
{"type":"Feature","properties":{"id":1797,"tipo":"led","Potencia":null,"Columna":null},"geometry":{"type":"MultiPoint","coordinates":[[-58.783266999999888,-38.163335000005823,161.159714]]}},
{"type":"Feature","properties":{"id":1798,"tipo":"led","Potencia":null,"Columna":null},"geometry":{"type":"MultiPoint","coordinates":[[-58.783496999999876,-38.163078000005811,161.159714]]}},
{"type":"Feature","properties":{"id":1799,"tipo":"led","Potencia":null,"Columna":null},"geometry":{"type":"MultiPoint","coordinates":[[-58.783874999999888,-38.162760000005797,161.159714]]}},
{"type":"Feature","properties":{"id":1800,"tipo":"led","Potencia":null,"Columna":null},"geometry":{"type":"MultiPoint","coordinates":[[-58.784157999999884,-38.162525000005814,161.159714]]}},
{"type":"Feature","properties":{"id":1801,"tipo":"led","Potencia":null,"Columna":null},"geometry":{"type":"MultiPoint","coordinates":[[-58.784476999999889,-38.162287000005804,161.159714]]}},
{"type":"Feature","properties":{"id":1802,"tipo":"led","Potencia":null,"Columna":null},"geometry":{"type":"MultiPoint","coordinates":[[-58.784769999999888,-38.162036000005827,161.159714]]}},
{"type":"Feature","properties":{"id":1803,"tipo":"led","Potencia":null,"Columna":null},"geometry":{"type":"MultiPoint","coordinates":[[-58.785113999999886,-38.161806000005804,161.159714]]}},
{"type":"Feature","properties":{"id":1804,"tipo":"led","Potencia":null,"Columna":null},"geometry":{"type":"MultiPoint","coordinates":[[-58.785439999999888,-38.161553000005817,162.344711]]}},
{"type":"Feature","properties":{"id":1805,"tipo":"led","Potencia":null,"Columna":null},"geometry":{"type":"MultiPoint","coordinates":[[-58.785749999999879,-38.161312000005822,163.455063]]}},
{"type":"Feature","properties":{"id":1806,"tipo":"led","Potencia":null,"Columna":null},"geometry":{"type":"MultiPoint","coordinates":[[-58.786033999999887,-38.161075000005816,163.455063]]}},
{"type":"Feature","properties":{"id":1807,"tipo":"led","Potencia":null,"Columna":null},"geometry":{"type":"MultiPoint","coordinates":[[-58.786364999999897,-38.160832000005819,163.455063]]}},
{"type":"Feature","properties":{"id":1808,"tipo":"led","Potencia":null,"Columna":null},"geometry":{"type":"MultiPoint","coordinates":[[-58.786682999999883,-38.160589000005821,163.445724]]}},
{"type":"Feature","properties":{"id":1809,"tipo":"led","Potencia":null,"Columna":null},"geometry":{"type":"MultiPoint","coordinates":[[-58.787002999999885,-38.160350000005806,163.445724]]}},
{"type":"Feature","properties":{"id":1810,"tipo":"led","Potencia":null,"Columna":null},"geometry":{"type":"MultiPoint","coordinates":[[-58.787307999999882,-38.160101000005817,163.445724]]}},
{"type":"Feature","properties":{"id":1811,"tipo":"led","Potencia":null,"Columna":null},"geometry":{"type":"MultiPoint","coordinates":[[-58.787630999999891,-38.159859000005824,163.445724]]}},
{"type":"Feature","properties":{"id":1812,"tipo":"led","Potencia":null,"Columna":null},"geometry":{"type":"MultiPoint","coordinates":[[-58.787954999999883,-38.159609000005823,162.932541]]}},
{"type":"Feature","properties":{"id":1813,"tipo":"led","Potencia":null,"Columna":null},"geometry":{"type":"MultiPoint","coordinates":[[-58.788260999999885,-38.159376000005814,162.633957]]}},
{"type":"Feature","properties":{"id":1814,"tipo":"led","Potencia":null,"Columna":null},"geometry":{"type":"MultiPoint","coordinates":[[-58.788531999999876,-38.159181000005809,162.736603]]}},
{"type":"Feature","properties":{"id":1815,"tipo":"led","Potencia":null,"Columna":null},"geometry":{"type":"MultiPoint","coordinates":[[-58.788863897257734,-38.159061779077462,163.76297]]}},
{"type":"Feature","properties":{"id":1816,"tipo":"led","Potencia":null,"Columna":null},"geometry":{"type":"MultiPoint","coordinates":[[-58.789117897257732,-38.158884779077461,163.287109]]}},
{"type":"Feature","properties":{"id":1817,"tipo":"led","Potencia":null,"Columna":null},"geometry":{"type":"MultiPoint","coordinates":[[-58.78935389725774,-38.158693779077467,163.287109]]}},
{"type":"Feature","properties":{"id":1818,"tipo":"led","Potencia":null,"Columna":null},"geometry":{"type":"MultiPoint","coordinates":[[-58.789600897257735,-38.158500779077478,163.287109]]}},
{"type":"Feature","properties":{"id":1819,"tipo":"led","Potencia":null,"Columna":null},"geometry":{"type":"MultiPoint","coordinates":[[-58.789818897257732,-38.158332779077469,163.287109]]}},
{"type":"Feature","properties":{"id":1820,"tipo":"led","Potencia":null,"Columna":null},"geometry":{"type":"MultiPoint","coordinates":[[-58.790054897257733,-38.158154779077471,160.525223]]}},
{"type":"Feature","properties":{"id":1821,"tipo":"led","Potencia":null,"Columna":null},"geometry":{"type":"MultiPoint","coordinates":[[-58.790298897257735,-38.157969779077469,163.268448]]}},
{"type":"Feature","properties":{"id":1822,"tipo":"led","Potencia":null,"Columna":null},"geometry":{"type":"MultiPoint","coordinates":[[-58.790515897257741,-38.157800779077469,163.184464]]}},
{"type":"Feature","properties":{"id":1823,"tipo":"led","Potencia":null,"Columna":null},"geometry":{"type":"MultiPoint","coordinates":[[-58.790752897257732,-38.157624779077487,162.32605]]}},
{"type":"Feature","properties":{"id":1824,"tipo":"led","Potencia":null,"Columna":null},"geometry":{"type":"MultiPoint","coordinates":[[-58.790982897257727,-38.157447779077479,162.997849]]}},
{"type":"Feature","properties":{"id":1825,"tipo":"led","Potencia":null,"Columna":null},"geometry":{"type":"MultiPoint","coordinates":[[-58.79121689725774,-38.157272779077481,163.184464]]}},
{"type":"Feature","properties":{"id":1826,"tipo":"led","Potencia":null,"Columna":null},"geometry":{"type":"MultiPoint","coordinates":[[-58.791470897257739,-38.157080779077468,163.623016]]}},
{"type":"Feature","properties":{"id":1827,"tipo":"led","Potencia":null,"Columna":null},"geometry":{"type":"MultiPoint","coordinates":[[-58.791708897257735,-38.156901779077472,163.38974]]}},
{"type":"Feature","properties":{"id":1828,"tipo":"led","Potencia":null,"Columna":null},"geometry":{"type":"MultiPoint","coordinates":[[-58.791937897257725,-38.156723779077481,163.706985]]}},
{"type":"Feature","properties":{"id":1829,"tipo":"led","Potencia":null,"Columna":null},"geometry":{"type":"MultiPoint","coordinates":[[-58.792172897257743,-38.156548779077468,164.332138]]}},
{"type":"Feature","properties":{"id":1830,"tipo":"led","Potencia":null,"Columna":null},"geometry":{"type":"MultiPoint","coordinates":[[-58.792408897257729,-38.156364779077485,164.537415]]}},
{"type":"Feature","properties":{"id":1831,"tipo":"led","Potencia":null,"Columna":null},"geometry":{"type":"MultiPoint","coordinates":[[-58.792641897257738,-38.156178779077472,164.714706]]}},
{"type":"Feature","properties":{"id":1832,"tipo":"led","Potencia":null,"Columna":null},"geometry":{"type":"MultiPoint","coordinates":[[-58.792885897257733,-38.155998779077471,165.666428]]}},
{"type":"Feature","properties":{"id":1833,"tipo":"led","Potencia":null,"Columna":null},"geometry":{"type":"MultiPoint","coordinates":[[-58.793135897257727,-38.155815779077471,166.468872]]}},
{"type":"Feature","properties":{"id":1834,"tipo":"led","Potencia":null,"Columna":null},"geometry":{"type":"MultiPoint","coordinates":[[-58.793355897257733,-38.155645779077467,165.489151]]}},
{"type":"Feature","properties":{"id":1835,"tipo":"led","Potencia":null,"Columna":null},"geometry":{"type":"MultiPoint","coordinates":[[-58.793595897257731,-38.155463779077479,164.947968]]}},
{"type":"Feature","properties":{"id":1836,"tipo":"led","Potencia":null,"Columna":null},"geometry":{"type":"MultiPoint","coordinates":[[-58.793853897257733,-38.155278779077477,165.81572]]}},
{"type":"Feature","properties":{"id":1837,"tipo":"led","Potencia":null,"Columna":null},"geometry":{"type":"MultiPoint","coordinates":[[-58.794087897257725,-38.155103779077479,165.797058]]}},
{"type":"Feature","properties":{"id":1838,"tipo":"led","Potencia":null,"Columna":null},"geometry":{"type":"MultiPoint","coordinates":[[-58.794326897257733,-38.154920779077457,166.384903]]}},
{"type":"Feature","properties":{"id":1839,"tipo":"led","Potencia":null,"Columna":null},"geometry":{"type":"MultiPoint","coordinates":[[-58.793176999999886,-38.153978000005822,166.142303]]}},
{"type":"Feature","properties":{"id":1840,"tipo":"led","Potencia":null,"Columna":null},"geometry":{"type":"MultiPoint","coordinates":[[-58.79300399999989,-38.154110000005836,165.703751]]}},
{"type":"Feature","properties":{"id":1841,"tipo":"led","Potencia":null,"Columna":null},"geometry":{"type":"MultiPoint","coordinates":[[-58.792766999999877,-38.154289000005825,165.358521]]}},
{"type":"Feature","properties":{"id":1842,"tipo":"led","Potencia":null,"Columna":null},"geometry":{"type":"MultiPoint","coordinates":[[-58.792544999999876,-38.154457000005834,164.826675]]}},
{"type":"Feature","properties":{"id":1843,"tipo":"led","Potencia":null,"Columna":null},"geometry":{"type":"MultiPoint","coordinates":[[-58.792338999999878,-38.15462200000583,164.957306]]}},
{"type":"Feature","properties":{"id":1844,"tipo":"led","Potencia":null,"Columna":null},"geometry":{"type":"MultiPoint","coordinates":[[-58.792145999999889,-38.154766000005822,164.490768]]}},
{"type":"Feature","properties":{"id":1845,"tipo":null,"Potencia":null,"Columna":null},"geometry":{"type":"MultiPoint","coordinates":[[-58.791806999999885,-38.155143000005829,164.098877]]}},
{"type":"Feature","properties":{"id":1846,"tipo":null,"Potencia":null,"Columna":null},"geometry":{"type":"MultiPoint","coordinates":[[-58.791194999999888,-38.153892000005825,166.039658]]}},
{"type":"Feature","properties":{"id":1847,"tipo":null,"Potencia":null,"Columna":null},"geometry":{"type":"MultiPoint","coordinates":[[-58.791378999999885,-38.153749000005831,166.039658]]}},
{"type":"Feature","properties":{"id":1848,"tipo":null,"Potencia":null,"Columna":null},"geometry":{"type":"MultiPoint","coordinates":[[-58.791566999999894,-38.153609000005829,166.039658]]}},
{"type":"Feature","properties":{"id":1849,"tipo":null,"Potencia":null,"Columna":null},"geometry":{"type":"MultiPoint","coordinates":[[-58.791986999999885,-38.153285000005823,165.535797]]}},
{"type":"Feature","properties":{"id":1850,"tipo":null,"Potencia":null,"Columna":null},"geometry":{"type":"MultiPoint","coordinates":[[-58.792200999999878,-38.153126000005827,164.089539]]}},
{"type":"Feature","properties":{"id":1851,"tipo":null,"Potencia":null,"Columna":null},"geometry":{"type":"MultiPoint","coordinates":[[-58.792362999999888,-38.153173000005829,163.04451]]}},
{"type":"Feature","properties":{"id":1852,"tipo":null,"Potencia":null,"Columna":null},"geometry":{"type":"MultiPoint","coordinates":[[-58.792602999999879,-38.153373000005828,164.173523]]}},
{"type":"Feature","properties":{"id":1853,"tipo":null,"Potencia":null,"Columna":null},"geometry":{"type":"MultiPoint","coordinates":[[-58.792863999999895,-38.153586000005824,163.837616]]}},
{"type":"Feature","properties":{"id":1854,"tipo":null,"Potencia":null,"Columna":null},"geometry":{"type":"MultiPoint","coordinates":[[-58.793189999999882,-38.153841000005826,163.651001]]}},
{"type":"Feature","properties":{"id":1855,"tipo":null,"Potencia":null,"Columna":null},"geometry":{"type":"MultiPoint","coordinates":[[-58.793385999999884,-38.154007000005834,165.769073]]}},
{"type":"Feature","properties":{"id":1856,"tipo":null,"Potencia":null,"Columna":null},"geometry":{"type":"MultiPoint","coordinates":[[-58.793591999999883,-38.154182000005825,165.787735]]}},
{"type":"Feature","properties":{"id":1857,"tipo":null,"Potencia":null,"Columna":null},"geometry":{"type":"MultiPoint","coordinates":[[-58.793805999999876,-38.154360000005823,164.621399]]}},
{"type":"Feature","properties":{"id":1858,"tipo":null,"Potencia":null,"Columna":null},"geometry":{"type":"MultiPoint","coordinates":[[-58.794007999999891,-38.15453600000582,165.171906]]}},
{"type":"Feature","properties":{"id":1859,"tipo":null,"Potencia":null,"Columna":null},"geometry":{"type":"MultiPoint","coordinates":[[-58.794227999999883,-38.154700000005825,165.619781]]}},
{"type":"Feature","properties":{"id":1860,"tipo":null,"Potencia":null,"Columna":null},"geometry":{"type":"MultiPoint","coordinates":[[-58.793558999999895,-38.155052000005831,165.619781]]}},
{"type":"Feature","properties":{"id":1861,"tipo":null,"Potencia":null,"Columna":null},"geometry":{"type":"MultiPoint","coordinates":[[-58.793331999999886,-38.154846000005818,165.619781]]}},
{"type":"Feature","properties":{"id":1862,"tipo":null,"Potencia":null,"Columna":null},"geometry":{"type":"MultiPoint","coordinates":[[-58.793146999999884,-38.154684000005822,165.619781]]}},
{"type":"Feature","properties":{"id":1863,"tipo":null,"Potencia":null,"Columna":null},"geometry":{"type":"MultiPoint","coordinates":[[-58.792912999999885,-38.154495000005824,165.619781]]}},
{"type":"Feature","properties":{"id":1864,"tipo":null,"Potencia":null,"Columna":null},"geometry":{"type":"MultiPoint","coordinates":[[-58.792654999999897,-38.154294000005827,165.619781]]}},
{"type":"Feature","properties":{"id":1865,"tipo":null,"Potencia":null,"Columna":null},"geometry":{"type":"MultiPoint","coordinates":[[-58.792426999999883,-38.154103000005826,165.619781]]}},
{"type":"Feature","properties":{"id":1866,"tipo":null,"Potencia":null,"Columna":null},"geometry":{"type":"MultiPoint","coordinates":[[-58.792197999999878,-38.153920000005819,165.619781]]}},
{"type":"Feature","properties":{"id":1867,"tipo":null,"Potencia":null,"Columna":null},"geometry":{"type":"MultiPoint","coordinates":[[-58.791979999999882,-38.153739000005821,165.619781]]}},
{"type":"Feature","properties":{"id":1868,"tipo":null,"Potencia":null,"Columna":null},"geometry":{"type":"MultiPoint","coordinates":[[-58.791746999999894,-38.153540000005833,161.523605]]}},
{"type":"Feature","properties":{"id":1869,"tipo":null,"Potencia":null,"Columna":null},"geometry":{"type":"MultiPoint","coordinates":[[-58.791099999999894,-38.15401400000583,164.696045]]}},
{"type":"Feature","properties":{"id":1870,"tipo":null,"Potencia":null,"Columna":null},"geometry":{"type":"MultiPoint","coordinates":[[-58.791306999999897,-38.154187000005827,164.72403]]}},
{"type":"Feature","properties":{"id":1871,"tipo":null,"Potencia":null,"Columna":null},"geometry":{"type":"MultiPoint","coordinates":[[-58.791531999999883,-38.154358000005821,164.770691]]}},
{"type":"Feature","properties":{"id":1872,"tipo":null,"Potencia":null,"Columna":null},"geometry":{"type":"MultiPoint","coordinates":[[-58.791792999999885,-38.154586000005828,165.311859]]}},
{"type":"Feature","properties":{"id":1873,"tipo":null,"Potencia":null,"Columna":null},"geometry":{"type":"MultiPoint","coordinates":[[-58.792020999999885,-38.154776000005839,163.940262]]}},
{"type":"Feature","properties":{"id":1874,"tipo":null,"Potencia":null,"Columna":null},"geometry":{"type":"MultiPoint","coordinates":[[-58.79221599999989,-38.155041000005824,165.283875]]}},
{"type":"Feature","properties":{"id":1875,"tipo":null,"Potencia":null,"Columna":null},"geometry":{"type":"MultiPoint","coordinates":[[-58.792469999999888,-38.155255000005823,165.09726]]}},
{"type":"Feature","properties":{"id":1876,"tipo":null,"Potencia":null,"Columna":null},"geometry":{"type":"MultiPoint","coordinates":[[-58.792733999999889,-38.155478000005822,165.451828]]}},
{"type":"Feature","properties":{"id":1877,"tipo":null,"Potencia":null,"Columna":null},"geometry":{"type":"MultiPoint","coordinates":[[-58.789845999999883,-38.154801000005818,161.859512]]}},
{"type":"Feature","properties":{"id":1878,"tipo":null,"Potencia":null,"Columna":null},"geometry":{"type":"MultiPoint","coordinates":[[-58.789822999999878,-38.154135000005816,164.164185]]}},
{"type":"Feature","properties":{"id":1879,"tipo":null,"Potencia":null,"Columna":null},"geometry":{"type":"MultiPoint","coordinates":[[-58.788741999999878,-38.152399000005822,164.966629]]}},
{"type":"Feature","properties":{"id":1880,"tipo":null,"Potencia":null,"Columna":null},"geometry":{"type":"MultiPoint","coordinates":[[-58.787755999999888,-38.153923000005811,165.237213]]}},
{"type":"Feature","properties":{"id":1881,"tipo":null,"Potencia":null,"Columna":null},"geometry":{"type":"MultiPoint","coordinates":[[-58.788260999999885,-38.154186000005808,165.237213]]}},
{"type":"Feature","properties":{"id":1882,"tipo":null,"Potencia":null,"Columna":null},"geometry":{"type":"MultiPoint","coordinates":[[-58.788362999999883,-38.154437000005814,165.237213]]}},
{"type":"Feature","properties":{"id":1883,"tipo":null,"Potencia":null,"Columna":null},"geometry":{"type":"MultiPoint","coordinates":[[-58.788770999999883,-38.154768000005802,165.237213]]}},
{"type":"Feature","properties":{"id":1884,"tipo":null,"Potencia":null,"Columna":null},"geometry":{"type":"MultiPoint","coordinates":[[-58.789450999999886,-38.155306000005808,165.22789]]}},
{"type":"Feature","properties":{"id":1885,"tipo":null,"Potencia":null,"Columna":null},"geometry":{"type":"MultiPoint","coordinates":[[-58.790624999999885,-38.156080000005822,165.22789]]}},
{"type":"Feature","properties":{"id":1886,"tipo":null,"Potencia":null,"Columna":null},"geometry":{"type":"MultiPoint","coordinates":[[-58.791044999999876,-38.156435000005835,165.22789]]}},
{"type":"Feature","properties":{"id":1887,"tipo":"led","Potencia":null,"Columna":null},"geometry":{"type":"MultiPoint","coordinates":[[-58.788294999999884,-38.159638000005813,163.324432]]}},
{"type":"Feature","properties":{"id":1888,"tipo":"led","Potencia":null,"Columna":null},"geometry":{"type":"MultiPoint","coordinates":[[-58.787993999999884,-38.15988400000581,163.949585]]}},
{"type":"Feature","properties":{"id":1889,"tipo":"led","Potencia":null,"Columna":null},"geometry":{"type":"MultiPoint","coordinates":[[-58.787709999999883,-38.160102000005814,165.386505]]}},
{"type":"Feature","properties":{"id":1890,"tipo":"led","Potencia":null,"Columna":null},"geometry":{"type":"MultiPoint","coordinates":[[-58.787372999999889,-38.160352000005815,164.696045]]}},
{"type":"Feature","properties":{"id":1891,"tipo":"led","Potencia":null,"Columna":null},"geometry":{"type":"MultiPoint","coordinates":[[-58.78704999999988,-38.160609000005813,164.322815]]}},
{"type":"Feature","properties":{"id":1892,"tipo":"led","Potencia":null,"Columna":null},"geometry":{"type":"MultiPoint","coordinates":[[-58.786756999999895,-38.160821000005818,164.341476]]}},
{"type":"Feature","properties":{"id":1893,"tipo":"led","Potencia":null,"Columna":null},"geometry":{"type":"MultiPoint","coordinates":[[-58.786462999999891,-38.161046000005818,166.114304]]}},
{"type":"Feature","properties":{"id":1894,"tipo":"led","Potencia":null,"Columna":null},"geometry":{"type":"MultiPoint","coordinates":[[-58.786102999999876,-38.161318000005814,165.834381]]}},
{"type":"Feature","properties":{"id":1895,"tipo":"led","Potencia":null,"Columna":null},"geometry":{"type":"MultiPoint","coordinates":[[-58.785817999999885,-38.16153900000581,165.918365]]}},
{"type":"Feature","properties":{"id":1896,"tipo":"led","Potencia":null,"Columna":null},"geometry":{"type":"MultiPoint","coordinates":[[-58.785528999999883,-38.161789000005804,166.10498]]}},
{"type":"Feature","properties":{"id":1897,"tipo":"led","Potencia":null,"Columna":null},"geometry":{"type":"MultiPoint","coordinates":[[-58.785171999999889,-38.16203700000581,166.450211]]}},
{"type":"Feature","properties":{"id":1898,"tipo":"led","Potencia":null,"Columna":null},"geometry":{"type":"MultiPoint","coordinates":[[-58.784851999999894,-38.162260000005809,165.787735]]}},
{"type":"Feature","properties":{"id":1899,"tipo":"led","Potencia":null,"Columna":null},"geometry":{"type":"MultiPoint","coordinates":[[-58.784572999999881,-38.162489000005806,164.929306]]}},
{"type":"Feature","properties":{"id":1900,"tipo":"led","Potencia":null,"Columna":null},"geometry":{"type":"MultiPoint","coordinates":[[-58.784202999999884,-38.162750000005808,165.489151]]}},
{"type":"Feature","properties":{"id":1901,"tipo":"led","Potencia":null,"Columna":null},"geometry":{"type":"MultiPoint","coordinates":[[-58.783938999999883,-38.162988000005804,165.274536]]}},
{"type":"Feature","properties":{"id":1902,"tipo":"led","Potencia":null,"Columna":null},"geometry":{"type":"MultiPoint","coordinates":[[-58.783685999999889,-38.163229000005813,165.657104]]}},
{"type":"Feature","properties":{"id":1903,"tipo":"led","Potencia":null,"Columna":null},"geometry":{"type":"MultiPoint","coordinates":[[-58.783311999999889,-38.163493000005815,166.067657]]}},
{"type":"Feature","properties":{"id":1904,"tipo":"led","Potencia":null,"Columna":null},"geometry":{"type":"MultiPoint","coordinates":[[-58.783415999999889,-38.163810000005817,108.413307]]}},
{"type":"Feature","properties":{"id":1905,"tipo":"led","Potencia":null,"Columna":null},"geometry":{"type":"MultiPoint","coordinates":[[-58.783712999999878,-38.163979000005817,108.413307]]}},
{"type":"Feature","properties":{"id":1906,"tipo":"led","Potencia":null,"Columna":null},"geometry":{"type":"MultiPoint","coordinates":[[-58.784027999999893,-38.164262000005806,108.413307]]}},
{"type":"Feature","properties":{"id":1907,"tipo":"led","Potencia":null,"Columna":null},"geometry":{"type":"MultiPoint","coordinates":[[-58.784321999999882,-38.164497000005817,108.413307]]}},
{"type":"Feature","properties":{"id":1908,"tipo":"led","Potencia":null,"Columna":null},"geometry":{"type":"MultiPoint","coordinates":[[-58.784630999999884,-38.164710000005819,108.413307]]}},
{"type":"Feature","properties":{"id":1909,"tipo":"led","Potencia":null,"Columna":null},"geometry":{"type":"MultiPoint","coordinates":[[-58.784936999999886,-38.16495000000581,108.413307]]}},
{"type":"Feature","properties":{"id":1910,"tipo":"led","Potencia":null,"Columna":null},"geometry":{"type":"MultiPoint","coordinates":[[-58.785257999999885,-38.165219000005813,107.844139]]}},
{"type":"Feature","properties":{"id":1911,"tipo":"led","Potencia":null,"Columna":null},"geometry":{"type":"MultiPoint","coordinates":[[-58.785552999999894,-38.165465000005803,108.403976]]}},
{"type":"Feature","properties":{"id":1912,"tipo":"led","Potencia":null,"Columna":null},"geometry":{"type":"MultiPoint","coordinates":[[-58.785855999999896,-38.165755000005817,108.581261]]}},
{"type":"Feature","properties":{"id":1913,"tipo":"led","Potencia":null,"Columna":null},"geometry":{"type":"MultiPoint","coordinates":[[-58.786194999999886,-38.166000000005809,108.469292]]}},
{"type":"Feature","properties":{"id":1914,"tipo":"led","Potencia":null,"Columna":null},"geometry":{"type":"MultiPoint","coordinates":[[-58.786485999999876,-38.166225000005817,108.963821]]}},
{"type":"Feature","properties":{"id":1915,"tipo":"led","Potencia":null,"Columna":null},"geometry":{"type":"MultiPoint","coordinates":[[-58.786784999999888,-38.166469000005819,108.879845]]}},
{"type":"Feature","properties":{"id":1916,"tipo":"led","Potencia":null,"Columna":null},"geometry":{"type":"MultiPoint","coordinates":[[-58.787089999999885,-38.166728000005811,109.439682]]}},
{"type":"Feature","properties":{"id":1917,"tipo":"led","Potencia":null,"Columna":null},"geometry":{"type":"MultiPoint","coordinates":[[-58.787410999999885,-38.167006000005806,109.579643]]}},
{"type":"Feature","properties":{"id":1918,"tipo":"led","Potencia":null,"Columna":null},"geometry":{"type":"MultiPoint","coordinates":[[-58.787685999999887,-38.167223000005812,109.579643]]}},
{"type":"Feature","properties":{"id":1919,"tipo":"led","Potencia":null,"Columna":null},"geometry":{"type":"MultiPoint","coordinates":[[-58.788126999999889,-38.167560000005821,109.579643]]}},
{"type":"Feature","properties":{"id":1920,"tipo":"led","Potencia":null,"Columna":null},"geometry":{"type":"MultiPoint","coordinates":[[-58.788326999999896,-38.167720000005808,109.579643]]}},
{"type":"Feature","properties":{"id":1921,"tipo":null,"Potencia":null,"Columna":null},"geometry":{"type":"MultiPoint","coordinates":[[-58.788744999999878,-38.16765500000583,109.579643]]}},
{"type":"Feature","properties":{"id":1922,"tipo":null,"Potencia":null,"Columna":null},"geometry":{"type":"MultiPoint","coordinates":[[-58.788962999999889,-38.167495000005822,109.579643]]}},
{"type":"Feature","properties":{"id":1923,"tipo":null,"Potencia":null,"Columna":null},"geometry":{"type":"MultiPoint","coordinates":[[-58.789225999999886,-38.167289000005809,109.579643]]}},
{"type":"Feature","properties":{"id":1924,"tipo":null,"Potencia":null,"Columna":null},"geometry":{"type":"MultiPoint","coordinates":[[-58.78949999999989,-38.16706900000581,109.579643]]}},
{"type":"Feature","properties":{"id":1925,"tipo":null,"Potencia":null,"Columna":null},"geometry":{"type":"MultiPoint","coordinates":[[-58.789706999999893,-38.166914000005811,109.579643]]}},
{"type":"Feature","properties":{"id":1926,"tipo":null,"Potencia":null,"Columna":null},"geometry":{"type":"MultiPoint","coordinates":[[-58.789956999999887,-38.166712000005823,109.570312]]}},
{"type":"Feature","properties":{"id":1927,"tipo":null,"Potencia":null,"Columna":null},"geometry":{"type":"MultiPoint","coordinates":[[-58.790221999999893,-38.166507000005822,109.570312]]}},
{"type":"Feature","properties":{"id":1928,"tipo":null,"Potencia":null,"Columna":null},"geometry":{"type":"MultiPoint","coordinates":[[-58.79138399999988,-38.165630000005827,109.570312]]}},
{"type":"Feature","properties":{"id":1929,"tipo":null,"Potencia":null,"Columna":null},"geometry":{"type":"MultiPoint","coordinates":[[-58.791785999999895,-38.165331000005828,109.570312]]}},
{"type":"Feature","properties":{"id":1930,"tipo":null,"Potencia":null,"Columna":null},"geometry":{"type":"MultiPoint","coordinates":[[-58.792188627697463,-38.164988249579757,109.570312]]}},
{"type":"Feature","properties":{"id":1931,"tipo":null,"Potencia":null,"Columna":null},"geometry":{"type":"MultiPoint","coordinates":[[-58.791885999999884,-38.164741000005819,109.570312]]}},
{"type":"Feature","properties":{"id":1932,"tipo":null,"Potencia":null,"Columna":null},"geometry":{"type":"MultiPoint","coordinates":[[-58.79131799999989,-38.164275000005837,109.570312]]}},
{"type":"Feature","properties":{"id":1933,"tipo":null,"Potencia":null,"Columna":null},"geometry":{"type":"MultiPoint","coordinates":[[-58.791215999999878,-38.164128000005817,109.570312]]}},
{"type":"Feature","properties":{"id":1934,"tipo":null,"Potencia":null,"Columna":null},"geometry":{"type":"MultiPoint","coordinates":[[-58.791663999999884,-38.163714000005811,109.570312]]}},
{"type":"Feature","properties":{"id":1935,"tipo":null,"Potencia":null,"Columna":null},"geometry":{"type":"MultiPoint","coordinates":[[-58.792163999999886,-38.163407000005812,109.570312]]}},
{"type":"Feature","properties":{"id":1936,"tipo":"led","Potencia":null,"Columna":null},"geometry":{"type":"MultiPoint","coordinates":[[-58.793080999999887,-38.162699000005816,109.570312]]}},
{"type":"Feature","properties":{"id":1937,"tipo":"led","Potencia":null,"Columna":null},"geometry":{"type":"MultiPoint","coordinates":[[-58.793430999999885,-38.162520000005813,109.560982]]}},
{"type":"Feature","properties":{"id":1938,"tipo":"led","Potencia":null,"Columna":null},"geometry":{"type":"MultiPoint","coordinates":[[-58.793655999999885,-38.162359000005829,109.560982]]}},
{"type":"Feature","properties":{"id":1939,"tipo":"led","Potencia":null,"Columna":null},"geometry":{"type":"MultiPoint","coordinates":[[-58.793895999999876,-38.162189000005817,109.570312]]}},
{"type":"Feature","properties":{"id":1940,"tipo":"led","Potencia":null,"Columna":null},"geometry":{"type":"MultiPoint","coordinates":[[-58.794340999999896,-38.161850000005821,109.570312]]}},
{"type":"Feature","properties":{"id":1941,"tipo":"led","Potencia":null,"Columna":null},"geometry":{"type":"MultiPoint","coordinates":[[-58.794520999999897,-38.161719000005817,109.570312]]}},
{"type":"Feature","properties":{"id":1942,"tipo":"led","Potencia":null,"Columna":null},"geometry":{"type":"MultiPoint","coordinates":[[-58.794708999999884,-38.161572000005812,109.570312]]}},
{"type":"Feature","properties":{"id":1943,"tipo":"led","Potencia":null,"Columna":null},"geometry":{"type":"MultiPoint","coordinates":[[-58.795023999999884,-38.16137000000581,109.570312]]}},
{"type":"Feature","properties":{"id":1944,"tipo":null,"Potencia":null,"Columna":null},"geometry":{"type":"MultiPoint","coordinates":[[-58.796602999999884,-38.160133000005828,109.570312]]}},
{"type":"Feature","properties":{"id":1945,"tipo":null,"Potencia":null,"Columna":null},"geometry":{"type":"MultiPoint","coordinates":[[-58.797027999999884,-38.159804000005835,109.570312]]}},
{"type":"Feature","properties":{"id":1946,"tipo":null,"Potencia":null,"Columna":null},"geometry":{"type":"MultiPoint","coordinates":[[-58.796811999999896,-38.163217000005822,110.99791]]}},
{"type":"Feature","properties":{"id":1947,"tipo":null,"Potencia":null,"Columna":null},"geometry":{"type":"MultiPoint","coordinates":[[-58.795830999999886,-38.164113000005827,110.662003]]}},
{"type":"Feature","properties":{"id":1948,"tipo":null,"Potencia":null,"Columna":null},"geometry":{"type":"MultiPoint","coordinates":[[-58.795122999999883,-38.164439000005835,110.689995]]}},
{"type":"Feature","properties":{"id":1949,"tipo":null,"Potencia":null,"Columna":null},"geometry":{"type":"MultiPoint","coordinates":[[-58.794585999999882,-38.165006000005818,111.24984]]}},
{"type":"Feature","properties":{"id":1950,"tipo":null,"Potencia":null,"Columna":null},"geometry":{"type":"MultiPoint","coordinates":[[-58.793285999999881,-38.165722000005815,109.309052]]}},
{"type":"Feature","properties":{"id":1951,"tipo":null,"Potencia":null,"Columna":null},"geometry":{"type":"MultiPoint","coordinates":[[-58.792977999999884,-38.166254000005807,109.570312]]}},
{"type":"Feature","properties":{"id":1952,"tipo":null,"Potencia":null,"Columna":null},"geometry":{"type":"MultiPoint","coordinates":[[-58.791510598648799,-38.167256453903086,109.06646]]}},
{"type":"Feature","properties":{"id":1953,"tipo":null,"Potencia":null,"Columna":null},"geometry":{"type":"MultiPoint","coordinates":[[-58.788126999999889,-38.167252000005803,110.195473]]}},
{"type":"Feature","properties":{"id":1954,"tipo":null,"Potencia":null,"Columna":null},"geometry":{"type":"MultiPoint","coordinates":[[-58.78839799999988,-38.167041000005803,110.195473]]}},
{"type":"Feature","properties":{"id":1955,"tipo":null,"Potencia":null,"Columna":null},"geometry":{"type":"MultiPoint","coordinates":[[-58.78866699999989,-38.16683700000582,110.195473]]}},
{"type":"Feature","properties":{"id":1956,"tipo":null,"Potencia":null,"Columna":null},"geometry":{"type":"MultiPoint","coordinates":[[-58.78927499999989,-38.166948000005817,111.688377]]}},
{"type":"Feature","properties":{"id":1957,"tipo":null,"Potencia":null,"Columna":null},"geometry":{"type":"MultiPoint","coordinates":[[-58.789083999999882,-38.166777000005823,110.16748]]}},
{"type":"Feature","properties":{"id":1958,"tipo":null,"Potencia":null,"Columna":null},"geometry":{"type":"MultiPoint","coordinates":[[-58.788838999999896,-38.166591000005823,110.783302]]}},
{"type":"Feature","properties":{"id":1959,"tipo":null,"Potencia":null,"Columna":null},"geometry":{"type":"MultiPoint","coordinates":[[-58.788595999999885,-38.166407000005812,110.671333]]}},
{"type":"Feature","properties":{"id":1960,"tipo":null,"Potencia":null,"Columna":null},"geometry":{"type":"MultiPoint","coordinates":[[-58.789069999999889,-38.166631000005822,111.613731]]}},
{"type":"Feature","properties":{"id":1961,"tipo":null,"Potencia":null,"Columna":null},"geometry":{"type":"MultiPoint","coordinates":[[-58.789279999999884,-38.166475000005818,111.772354]]}},
{"type":"Feature","properties":{"id":1962,"tipo":null,"Potencia":null,"Columna":null},"geometry":{"type":"MultiPoint","coordinates":[[-58.789515999999885,-38.16629400000582,109.812912]]}},
{"type":"Feature","properties":{"id":1963,"tipo":null,"Potencia":null,"Columna":null},"geometry":{"type":"MultiPoint","coordinates":[[-58.789745999999894,-38.166121000005823,110.512711]]}},
{"type":"Feature","properties":{"id":1964,"tipo":null,"Potencia":null,"Columna":null},"geometry":{"type":"MultiPoint","coordinates":[[-58.789351999999887,-38.165559000005814,111.00724]]}},
{"type":"Feature","properties":{"id":1965,"tipo":null,"Potencia":null,"Columna":null},"geometry":{"type":"MultiPoint","coordinates":[[-58.789856999999884,-38.165253000005819,109.467674]]}},
{"type":"Feature","properties":{"id":1966,"tipo":null,"Potencia":null,"Columna":null},"geometry":{"type":"MultiPoint","coordinates":[[-58.790112999999884,-38.165064000005813,111.00724]]}},
{"type":"Feature","properties":{"id":1967,"tipo":null,"Potencia":null,"Columna":null},"geometry":{"type":"MultiPoint","coordinates":[[-58.790660999999886,-38.164685000005811,111.00724]]}},
{"type":"Feature","properties":{"id":1968,"tipo":null,"Potencia":null,"Columna":null},"geometry":{"type":"MultiPoint","coordinates":[[-58.790299999999881,-38.164758000005826,111.00724]]}},
{"type":"Feature","properties":{"id":1969,"tipo":null,"Potencia":120,"Columna":"baja"},"geometry":{"type":"MultiPoint","coordinates":[[-58.789234999999884,-38.165678000005819,111.00724]]}},
{"type":"Feature","properties":{"id":1970,"tipo":null,"Potencia":120,"Columna":"baja"},"geometry":{"type":"MultiPoint","coordinates":[[-58.789003999999885,-38.165861000005812,111.016571]]}},
{"type":"Feature","properties":{"id":1971,"tipo":null,"Potencia":120,"Columna":"baja"},"geometry":{"type":"MultiPoint","coordinates":[[-58.78880499999989,-38.166023000005822,111.016571]]}},
{"type":"Feature","properties":{"id":1972,"tipo":null,"Potencia":120,"Columna":"baja"},"geometry":{"type":"MultiPoint","coordinates":[[-58.788560999999888,-38.166205000005817,111.016571]]}},
{"type":"Feature","properties":{"id":1973,"tipo":"led 11va","Potencia":null,"Columna":null},"geometry":{"type":"MultiPoint","coordinates":[[-58.788315999999888,-38.166386000005822,111.016571]]}},
{"type":"Feature","properties":{"id":1974,"tipo":"led 11va","Potencia":null,"Columna":null},"geometry":{"type":"MultiPoint","coordinates":[[-58.788086999999884,-38.166571000005817,111.016571]]}},
{"type":"Feature","properties":{"id":1975,"tipo":"led 11va","Potencia":null,"Columna":null},"geometry":{"type":"MultiPoint","coordinates":[[-58.787871999999886,-38.16673400000581,111.016571]]}},
{"type":"Feature","properties":{"id":1976,"tipo":"led 11va","Potencia":null,"Columna":null},"geometry":{"type":"MultiPoint","coordinates":[[-58.787660999999879,-38.166897000005811,111.016571]]}},
{"type":"Feature","properties":{"id":1977,"tipo":null,"Potencia":150,"Columna":"alta"},"geometry":{"type":"MultiPoint","coordinates":[[-58.788250999999889,-38.1662120000058,111.016571]]}},
{"type":"Feature","properties":{"id":1978,"tipo":null,"Potencia":150,"Columna":"alta"},"geometry":{"type":"MultiPoint","coordinates":[[-58.787995999999879,-38.165901000005817,111.016571]]}},
{"type":"Feature","properties":{"id":1979,"tipo":null,"Potencia":150,"Columna":"alta"},"geometry":{"type":"MultiPoint","coordinates":[[-58.787674999999886,-38.165751000005805,111.016571]]}},
{"type":"Feature","properties":{"id":1980,"tipo":null,"Potencia":150,"Columna":"alta"},"geometry":{"type":"MultiPoint","coordinates":[[-58.787489999999877,-38.165491000005836,111.016571]]}},
{"type":"Feature","properties":{"id":1981,"tipo":"led 11va","Potencia":null,"Columna":null},"geometry":{"type":"MultiPoint","coordinates":[[-58.787152999999897,-38.165349000005811,111.016571]]}},
{"type":"Feature","properties":{"id":1982,"tipo":"led 11va","Potencia":null,"Columna":null},"geometry":{"type":"MultiPoint","coordinates":[[-58.786979999999886,-38.165107000005811,112.798737]]}},
{"type":"Feature","properties":{"id":1983,"tipo":"led 11va","Potencia":null,"Columna":null},"geometry":{"type":"MultiPoint","coordinates":[[-58.786619999999886,-38.164889000005807,113.004005]]}},
{"type":"Feature","properties":{"id":1984,"tipo":"led 11va","Potencia":null,"Columna":null},"geometry":{"type":"MultiPoint","coordinates":[[-58.786424999999895,-38.164643000005803,113.004005]]}},
{"type":"Feature","properties":{"id":1985,"tipo":"led","Potencia":null,"Columna":null},"geometry":{"type":"MultiPoint","coordinates":[[-58.786149999999886,-38.164531000005809,113.004005]]}},
{"type":"Feature","properties":{"id":1986,"tipo":"led","Potencia":null,"Columna":null},"geometry":{"type":"MultiPoint","coordinates":[[-58.785893999999892,-38.164213000005816,113.004005]]}},
{"type":"Feature","properties":{"id":1987,"tipo":"led","Potencia":null,"Columna":null},"geometry":{"type":"MultiPoint","coordinates":[[-58.78556299999989,-38.164041000005803,113.004005]]}},
{"type":"Feature","properties":{"id":1988,"tipo":"led","Potencia":null,"Columna":null},"geometry":{"type":"MultiPoint","coordinates":[[-58.785389999999886,-38.16374700000582,113.004005]]}},
{"type":"Feature","properties":{"id":1989,"tipo":"led","Potencia":null,"Columna":null},"geometry":{"type":"MultiPoint","coordinates":[[-58.785050999999889,-38.163633000005824,113.004005]]}},
{"type":"Feature","properties":{"id":1990,"tipo":"led","Potencia":null,"Columna":null},"geometry":{"type":"MultiPoint","coordinates":[[-58.784915999999889,-38.163365000005818,113.004005]]}},
{"type":"Feature","properties":{"id":1991,"tipo":"led","Potencia":null,"Columna":null},"geometry":{"type":"MultiPoint","coordinates":[[-58.784616999999876,-38.163285000005821,113.004005]]}},
{"type":"Feature","properties":{"id":1992,"tipo":"led","Potencia":null,"Columna":null},"geometry":{"type":"MultiPoint","coordinates":[[-58.784520999999884,-38.163089000005805,113.004005]]}},
{"type":"Feature","properties":{"id":1993,"tipo":"led","Potencia":null,"Columna":null},"geometry":{"type":"MultiPoint","coordinates":[[-58.784213999999892,-38.162955000005809,113.004005]]}},
{"type":"Feature","properties":{"id":1994,"tipo":"led","Potencia":null,"Columna":null},"geometry":{"type":"MultiPoint","coordinates":[[-58.785013999999883,-38.161803000005811,110.848618]]}},
{"type":"Feature","properties":{"id":1995,"tipo":"led","Potencia":null,"Columna":null},"geometry":{"type":"MultiPoint","coordinates":[[-58.78521121756436,-38.162150616303364,110.848618]]}},
{"type":"Feature","properties":{"id":1996,"tipo":"led","Potencia":null,"Columna":null},"geometry":{"type":"MultiPoint","coordinates":[[-58.785534999999882,-38.162505000005829,110.848618]]}},
{"type":"Feature","properties":{"id":1997,"tipo":"led","Potencia":null,"Columna":null},"geometry":{"type":"MultiPoint","coordinates":[[-58.785812999999891,-38.16268700000581,110.848618]]}},
{"type":"Feature","properties":{"id":1998,"tipo":"led","Potencia":null,"Columna":null},"geometry":{"type":"MultiPoint","coordinates":[[-58.785983999999893,-38.162846000005821,110.400742]]}},
{"type":"Feature","properties":{"id":1999,"tipo":"led","Potencia":null,"Columna":null},"geometry":{"type":"MultiPoint","coordinates":[[-58.786301999999885,-38.163044000005812,109.579643]]}},
{"type":"Feature","properties":{"id":2000,"tipo":"led","Potencia":null,"Columna":null},"geometry":{"type":"MultiPoint","coordinates":[[-58.78644099999989,-38.163285000005821,110.232796]]}},
{"type":"Feature","properties":{"id":2001,"tipo":"led","Potencia":null,"Columna":null},"geometry":{"type":"MultiPoint","coordinates":[[-58.786843999999896,-38.163470000005823,110.232796]]}},
{"type":"Feature","properties":{"id":2002,"tipo":"led","Potencia":null,"Columna":null},"geometry":{"type":"MultiPoint","coordinates":[[-58.786994999999884,-38.163746000005816,110.232796]]}},
{"type":"Feature","properties":{"id":2003,"tipo":"led 14va","Potencia":150,"Columna":"alta"},"geometry":{"type":"MultiPoint","coordinates":[[-58.787332999999883,-38.163883000005811,110.232796]]}},
{"type":"Feature","properties":{"id":2004,"tipo":"led 14va","Potencia":150,"Columna":"alta"},"geometry":{"type":"MultiPoint","coordinates":[[-58.78754399999989,-38.164152000005814,110.232796]]}},
{"type":"Feature","properties":{"id":2005,"tipo":"led 14va","Potencia":150,"Columna":"alta"},"geometry":{"type":"MultiPoint","coordinates":[[-58.787839999999889,-38.164285000005819,109.421021]]}},
{"type":"Feature","properties":{"id":2006,"tipo":"led 14va","Potencia":150,"Columna":"alta"},"geometry":{"type":"MultiPoint","coordinates":[[-58.788116999999893,-38.16459600000583,110.148819]]}},
{"type":"Feature","properties":{"id":2007,"tipo":null,"Potencia":120,"Columna":"baja"},"geometry":{"type":"MultiPoint","coordinates":[[-58.788561999999878,-38.164844000005829,110.270119]]}},
{"type":"Feature","properties":{"id":2008,"tipo":null,"Potencia":120,"Columna":"baja"},"geometry":{"type":"MultiPoint","coordinates":[[-58.788749999999887,-38.165136000005802,109.728935]]}},
{"type":"Feature","properties":{"id":2009,"tipo":null,"Potencia":120,"Columna":"baja"},"geometry":{"type":"MultiPoint","coordinates":[[-58.789010999999888,-38.16522000000581,109.850235]]}},
{"type":"Feature","properties":{"id":2010,"tipo":null,"Potencia":null,"Columna":null},"geometry":{"type":"MultiPoint","coordinates":[[-58.789435999999888,-38.165704000005803,109.738266]]}},
{"type":"Feature","properties":{"id":2011,"tipo":null,"Potencia":null,"Columna":null},"geometry":{"type":"MultiPoint","coordinates":[[-58.789664999999893,-38.165890000005817,109.738266]]}},
{"type":"Feature","properties":{"id":2012,"tipo":null,"Potencia":null,"Columna":null},"geometry":{"type":"MultiPoint","coordinates":[[-58.789954999999878,-38.166117000005819,109.738266]]}},
{"type":"Feature","properties":{"id":2013,"tipo":null,"Potencia":null,"Columna":null},"geometry":{"type":"MultiPoint","coordinates":[[-58.79014999999989,-38.166270000005809,109.738266]]}},
{"type":"Feature","properties":{"id":2014,"tipo":null,"Potencia":null,"Columna":null},"geometry":{"type":"MultiPoint","coordinates":[[-58.790897999999878,-38.165243000005816,109.738266]]}},
{"type":"Feature","properties":{"id":2015,"tipo":null,"Potencia":null,"Columna":null},"geometry":{"type":"MultiPoint","coordinates":[[-58.790019999999885,-38.164719000005825,107.60154]]}},
{"type":"Feature","properties":{"id":2016,"tipo":null,"Potencia":null,"Columna":null},"geometry":{"type":"MultiPoint","coordinates":[[-58.789717999999887,-38.164475000005808,110.559364]]}},
{"type":"Feature","properties":{"id":2017,"tipo":null,"Potencia":null,"Columna":null},"geometry":{"type":"MultiPoint","coordinates":[[-58.789383999999885,-38.164017000005828,109.775589]]}},
{"type":"Feature","properties":{"id":2018,"tipo":null,"Potencia":null,"Columna":null},"geometry":{"type":"MultiPoint","coordinates":[[-58.789264999999887,-38.163989000005827,109.775589]]}},
{"type":"Feature","properties":{"id":2019,"tipo":null,"Potencia":null,"Columna":null},"geometry":{"type":"MultiPoint","coordinates":[[-58.78951799999988,-38.163688000005813,109.775589]]}},
{"type":"Feature","properties":{"id":2020,"tipo":null,"Potencia":null,"Columna":null},"geometry":{"type":"MultiPoint","coordinates":[[-58.790038999999879,-38.163243000005821,109.775589]]}},
{"type":"Feature","properties":{"id":2021,"tipo":null,"Potencia":null,"Columna":null},"geometry":{"type":"MultiPoint","coordinates":[[-58.790986999999888,-38.16249200000582,109.775589]]}},
{"type":"Feature","properties":{"id":2022,"tipo":null,"Potencia":null,"Columna":null},"geometry":{"type":"MultiPoint","coordinates":[[-58.791232999999885,-38.162515000005818,109.775589]]}},
{"type":"Feature","properties":{"id":2023,"tipo":null,"Potencia":null,"Columna":null},"geometry":{"type":"MultiPoint","coordinates":[[-58.791436999999888,-38.162372000005817,109.635628]]}},
{"type":"Feature","properties":{"id":2024,"tipo":null,"Potencia":null,"Columna":null},"geometry":{"type":"MultiPoint","coordinates":[[-58.791688999999877,-38.162177000005812,109.477005]]}},
{"type":"Feature","properties":{"id":2025,"tipo":null,"Potencia":null,"Columna":null},"geometry":{"type":"MultiPoint","coordinates":[[-58.791875999999895,-38.162040000005817,109.831573]]}},
{"type":"Feature","properties":{"id":2026,"tipo":null,"Potencia":null,"Columna":null},"geometry":{"type":"MultiPoint","coordinates":[[-58.791023999999886,-38.160839000005822,108.002754]]}},
{"type":"Feature","properties":{"id":2027,"tipo":null,"Potencia":null,"Columna":null},"geometry":{"type":"MultiPoint","coordinates":[[-58.791294999999884,-38.160623000005828,109.383698]]}},
{"type":"Feature","properties":{"id":2028,"tipo":null,"Potencia":null,"Columna":null},"geometry":{"type":"MultiPoint","coordinates":[[-58.791500999999883,-38.160466000005826,110.689995]]}},
{"type":"Feature","properties":{"id":2029,"tipo":null,"Potencia":null,"Columna":null},"geometry":{"type":"MultiPoint","coordinates":[[-58.791706999999889,-38.160311000005819,109.990196]]}},
{"type":"Feature","properties":{"id":2030,"tipo":null,"Potencia":null,"Columna":null},"geometry":{"type":"MultiPoint","coordinates":[[-58.794208999999896,-38.158395000005825,106.453865]]}},
{"type":"Feature","properties":{"id":2031,"tipo":null,"Potencia":null,"Columna":null},"geometry":{"type":"MultiPoint","coordinates":[[-58.79472899999989,-38.15815800000582,110.773972]]}},
{"type":"Feature","properties":{"id":2032,"tipo":null,"Potencia":null,"Columna":null},"geometry":{"type":"MultiPoint","coordinates":[[-58.795211999999893,-38.157652000005847,111.361809]]}},
{"type":"Feature","properties":{"id":2033,"tipo":null,"Potencia":null,"Columna":null},"geometry":{"type":"MultiPoint","coordinates":[[-58.795821999999887,-38.157542000005826,112.556137]]}},
{"type":"Feature","properties":{"id":2034,"tipo":null,"Potencia":null,"Columna":null},"geometry":{"type":"MultiPoint","coordinates":[[-58.796387999999887,-38.157816000005823,111.809677]]}},
{"type":"Feature","properties":{"id":2035,"tipo":null,"Potencia":null,"Columna":null},"geometry":{"type":"MultiPoint","coordinates":[[-58.795623999999876,-38.157347000005821,112.332199]]}},
{"type":"Feature","properties":{"id":2036,"tipo":null,"Potencia":null,"Columna":null},"geometry":{"type":"MultiPoint","coordinates":[[-58.796114999999887,-38.157140000005825,112.322868]]}},
{"type":"Feature","properties":{"id":2037,"tipo":null,"Potencia":null,"Columna":null},"geometry":{"type":"MultiPoint","coordinates":[[-58.79634999999989,-38.156947000005829,112.322868]]}},
{"type":"Feature","properties":{"id":2038,"tipo":null,"Potencia":null,"Columna":null},"geometry":{"type":"MultiPoint","coordinates":[[-58.796783999999889,-38.156621000005828,112.322868]]}},
{"type":"Feature","properties":{"id":2039,"tipo":null,"Potencia":null,"Columna":null},"geometry":{"type":"MultiPoint","coordinates":[[-58.791251999999879,-38.159822000005825,112.34153]]}},
{"type":"Feature","properties":{"id":2040,"tipo":null,"Potencia":null,"Columna":null},"geometry":{"type":"MultiPoint","coordinates":[[-58.791000999999895,-38.160023000005836,112.34153]]}},
{"type":"Feature","properties":{"id":2041,"tipo":null,"Potencia":null,"Columna":null},"geometry":{"type":"MultiPoint","coordinates":[[-58.790750999999887,-38.160229000005813,112.34153]]}},
{"type":"Feature","properties":{"id":2042,"tipo":null,"Potencia":null,"Columna":null},"geometry":{"type":"MultiPoint","coordinates":[[-58.790509999999884,-38.160417000005815,112.34153]]}},
{"type":"Feature","properties":{"id":2043,"tipo":null,"Potencia":120,"Columna":"baja"},"geometry":{"type":"MultiPoint","coordinates":[[-58.790263999999894,-38.160603000005821,112.34153]]}},
{"type":"Feature","properties":{"id":2044,"tipo":null,"Potencia":120,"Columna":"baja"},"geometry":{"type":"MultiPoint","coordinates":[[-58.790060999999895,-38.160754000005817,112.34153]]}},
{"type":"Feature","properties":{"id":2045,"tipo":null,"Potencia":120,"Columna":"baja"},"geometry":{"type":"MultiPoint","coordinates":[[-58.789826999999882,-38.160941000005835,112.34153]]}},
{"type":"Feature","properties":{"id":2046,"tipo":null,"Potencia":120,"Columna":"baja"},"geometry":{"type":"MultiPoint","coordinates":[[-58.789567999999889,-38.161139000005818,112.34153]]}},
{"type":"Feature","properties":{"id":2047,"tipo":null,"Potencia":120,"Columna":"baja"},"geometry":{"type":"MultiPoint","coordinates":[[-58.790746999999897,-38.161066000005818,112.34153]]}},
{"type":"Feature","properties":{"id":2048,"tipo":null,"Potencia":120,"Columna":"baja"},"geometry":{"type":"MultiPoint","coordinates":[[-58.790553999999879,-38.161211000005821,112.34153]]}},
{"type":"Feature","properties":{"id":2049,"tipo":null,"Potencia":120,"Columna":"baja"},"geometry":{"type":"MultiPoint","coordinates":[[-58.790361999999888,-38.161359000005824,112.34153]]}},
{"type":"Feature","properties":{"id":2050,"tipo":null,"Potencia":120,"Columna":"baja"},"geometry":{"type":"MultiPoint","coordinates":[[-58.79014999999989,-38.161534000005823,112.34153]]}},
{"type":"Feature","properties":{"id":2051,"tipo":null,"Potencia":120,"Columna":"baja"},"geometry":{"type":"MultiPoint","coordinates":[[-58.789686999999887,-38.161848000005811,112.34153]]}},
{"type":"Feature","properties":{"id":2052,"tipo":"led","Potencia":null,"Columna":null},"geometry":{"type":"MultiPoint","coordinates":[[-58.789106999999888,-38.162500000005828,112.34153]]}},
{"type":"Feature","properties":{"id":2053,"tipo":"led","Potencia":null,"Columna":null},"geometry":{"type":"MultiPoint","coordinates":[[-58.788678999999888,-38.162796000005812,112.34153]]}},
{"type":"Feature","properties":{"id":2054,"tipo":"led","Potencia":null,"Columna":null},"geometry":{"type":"MultiPoint","coordinates":[[-58.788469999999883,-38.162948000005819,112.34153]]}},
{"type":"Feature","properties":{"id":2055,"tipo":"led","Potencia":null,"Columna":null},"geometry":{"type":"MultiPoint","coordinates":[[-58.788012999999886,-38.163271000005821,112.34153]]}},
{"type":"Feature","properties":{"id":2056,"tipo":"led","Potencia":null,"Columna":null},"geometry":{"type":"MultiPoint","coordinates":[[-58.787645999999881,-38.163449000005812,112.34153]]}},
{"type":"Feature","properties":{"id":2057,"tipo":"led","Potencia":null,"Columna":null},"geometry":{"type":"MultiPoint","coordinates":[[-58.78740899999989,-38.163737000005803,112.34153]]}},
{"type":"Feature","properties":{"id":2058,"tipo":"led","Potencia":null,"Columna":null},"geometry":{"type":"MultiPoint","coordinates":[[-58.787084999999877,-38.163886000005817,112.34153]]}},
{"type":"Feature","properties":{"id":2059,"tipo":"led","Potencia":null,"Columna":null},"geometry":{"type":"MultiPoint","coordinates":[[-58.786901999999884,-38.164110000005827,112.34153]]}},
{"type":"Feature","properties":{"id":2060,"tipo":"led","Potencia":null,"Columna":null},"geometry":{"type":"MultiPoint","coordinates":[[-58.786615999999881,-38.164228000005821,112.34153]]}},
{"type":"Feature","properties":{"id":2061,"tipo":"led","Potencia":null,"Columna":null},"geometry":{"type":"MultiPoint","coordinates":[[-58.786412999999897,-38.164462000005813,112.34153]]}},
{"type":"Feature","properties":{"id":2062,"tipo":"led","Potencia":null,"Columna":null},"geometry":{"type":"MultiPoint","coordinates":[[-58.786093999999878,-38.164604000005809,112.34153]]}},
{"type":"Feature","properties":{"id":2063,"tipo":"led","Potencia":null,"Columna":null},"geometry":{"type":"MultiPoint","coordinates":[[-58.785944999999892,-38.164845000005819,112.34153]]}},
{"type":"Feature","properties":{"id":2064,"tipo":"led","Potencia":null,"Columna":null},"geometry":{"type":"MultiPoint","coordinates":[[-58.785657999999884,-38.164948000005815,112.34153]]}},
{"type":"Feature","properties":{"id":2065,"tipo":"led","Potencia":null,"Columna":null},"geometry":{"type":"MultiPoint","coordinates":[[-58.785486999999883,-38.165185000005813,112.34153]]}},
{"type":"Feature","properties":{"id":2066,"tipo":"led 11va","Potencia":null,"Columna":null},"geometry":{"type":"MultiPoint","coordinates":[[-58.786523999999886,-38.166082000005815,113.171959]]}},
{"type":"Feature","properties":{"id":2067,"tipo":"led 11va","Potencia":null,"Columna":null},"geometry":{"type":"MultiPoint","coordinates":[[-58.786662999999876,-38.165894000005814,112.117592]]}},
{"type":"Feature","properties":{"id":2068,"tipo":"led 11va","Potencia":null,"Columna":null},"geometry":{"type":"MultiPoint","coordinates":[[-58.786968999999878,-38.165750000005822,111.996292]]}},
{"type":"Feature","properties":{"id":2069,"tipo":"led 11va","Potencia":null,"Columna":null},"geometry":{"type":"MultiPoint","coordinates":[[-58.787129999999877,-38.165513000005816,112.360191]]}},
{"type":"Feature","properties":{"id":2070,"tipo":null,"Potencia":150,"Columna":"alta"},"geometry":{"type":"MultiPoint","coordinates":[[-58.787461999999884,-38.165358000005803,112.360191]]}},
{"type":"Feature","properties":{"id":2071,"tipo":null,"Potencia":150,"Columna":"alta"},"geometry":{"type":"MultiPoint","coordinates":[[-58.787632999999886,-38.165121000005804,112.360191]]}},
{"type":"Feature","properties":{"id":2072,"tipo":null,"Potencia":150,"Columna":"alta"},"geometry":{"type":"MultiPoint","coordinates":[[-58.787977999999889,-38.164966000005826,112.360191]]}},
{"type":"Feature","properties":{"id":2073,"tipo":null,"Potencia":150,"Columna":"alta"},"geometry":{"type":"MultiPoint","coordinates":[[-58.788105999999885,-38.164774000005814,112.360191]]}},
{"type":"Feature","properties":{"id":2074,"tipo":null,"Potencia":150,"Columna":"alta"},"geometry":{"type":"MultiPoint","coordinates":[[-58.788428999999887,-38.16462500000582,112.360191]]}},
{"type":"Feature","properties":{"id":2075,"tipo":null,"Potencia":150,"Columna":"alta"},"geometry":{"type":"MultiPoint","coordinates":[[-58.788717999999889,-38.164398000005818,112.350861]]}},
{"type":"Feature","properties":{"id":2076,"tipo":null,"Potencia":150,"Columna":"alta"},"geometry":{"type":"MultiPoint","coordinates":[[-58.789056999999893,-38.164144000005813,112.350861]]}},
{"type":"Feature","properties":{"id":2077,"tipo":null,"Potencia":150,"Columna":"alta"},"geometry":{"type":"MultiPoint","coordinates":[[-58.789037999999877,-38.163901000005815,112.350861]]}},
{"type":"Feature","properties":{"id":2078,"tipo":null,"Potencia":150,"Columna":"alta"},"geometry":{"type":"MultiPoint","coordinates":[[-58.788836999999887,-38.163753000005819,112.350861]]}},
{"type":"Feature","properties":{"id":2079,"tipo":null,"Potencia":150,"Columna":"alta"},"geometry":{"type":"MultiPoint","coordinates":[[-58.788524999999886,-38.163500000005818,112.350861]]}},
{"type":"Feature","properties":{"id":2080,"tipo":null,"Potencia":150,"Columna":"alta"},"geometry":{"type":"MultiPoint","coordinates":[[-58.788209999999886,-38.163240000005828,112.350861]]}},
{"type":"Feature","properties":{"id":2081,"tipo":"led","Potencia":null,"Columna":null},"geometry":{"type":"MultiPoint","coordinates":[[-58.787969999999895,-38.163033000005818,112.350861]]}},
{"type":"Feature","properties":{"id":2082,"tipo":"led","Potencia":null,"Columna":null},"geometry":{"type":"MultiPoint","coordinates":[[-58.787774999999883,-38.162849000005821,112.350861]]}},
{"type":"Feature","properties":{"id":2083,"tipo":"led","Potencia":null,"Columna":null},"geometry":{"type":"MultiPoint","coordinates":[[-58.787428999999889,-38.162601000005822,112.360191]]}},
{"type":"Feature","properties":{"id":2084,"tipo":"led","Potencia":null,"Columna":null},"geometry":{"type":"MultiPoint","coordinates":[[-58.787182999999885,-38.162355000005803,112.360191]]}},
{"type":"Feature","properties":{"id":2085,"tipo":"led","Potencia":null,"Columna":null},"geometry":{"type":"MultiPoint","coordinates":[[-58.786921999999883,-38.16214300000582,112.360191]]}},
{"type":"Feature","properties":{"id":2086,"tipo":"led","Potencia":null,"Columna":null},"geometry":{"type":"MultiPoint","coordinates":[[-58.786708999999881,-38.161980000005805,112.360191]]}},
{"type":"Feature","properties":{"id":2087,"tipo":"led","Potencia":null,"Columna":null},"geometry":{"type":"MultiPoint","coordinates":[[-58.786508999999896,-38.161822000005813,112.360191]]}},
{"type":"Feature","properties":{"id":2088,"tipo":"led","Potencia":null,"Columna":null},"geometry":{"type":"MultiPoint","coordinates":[[-58.786301999999885,-38.161655000005815,112.360191]]}},
{"type":"Feature","properties":{"id":2089,"tipo":"led","Potencia":null,"Columna":null},"geometry":{"type":"MultiPoint","coordinates":[[-58.786068999999884,-38.161472000005816,112.360191]]}},
{"type":"Feature","properties":{"id":2090,"tipo":"led","Potencia":null,"Columna":null},"geometry":{"type":"MultiPoint","coordinates":[[-58.787050999999884,-38.1608870000058,100.239624]]}},
{"type":"Feature","properties":{"id":2091,"tipo":"led","Potencia":null,"Columna":null},"geometry":{"type":"MultiPoint","coordinates":[[-58.787372999999889,-38.160871000005812,100.239624]]}},
{"type":"Feature","properties":{"id":2092,"tipo":"led","Potencia":null,"Columna":null},"geometry":{"type":"MultiPoint","coordinates":[[-58.787478999999884,-38.16107800000583,100.239624]]}},
{"type":"Feature","properties":{"id":2093,"tipo":"led","Potencia":null,"Columna":null},"geometry":{"type":"MultiPoint","coordinates":[[-58.787734999999877,-38.161232000005811,100.239624]]}},
{"type":"Feature","properties":{"id":2094,"tipo":"led","Potencia":null,"Columna":null},"geometry":{"type":"MultiPoint","coordinates":[[-58.787850999999897,-38.16142400000583,100.239624]]}},
{"type":"Feature","properties":{"id":2095,"tipo":"led","Potencia":null,"Columna":null},"geometry":{"type":"MultiPoint","coordinates":[[-58.788324999999887,-38.161851000005811,100.239624]]}},
{"type":"Feature","properties":{"id":2096,"tipo":"led","Potencia":null,"Columna":null},"geometry":{"type":"MultiPoint","coordinates":[[-58.788565999999882,-38.161884000005813,100.239624]]}},
{"type":"Feature","properties":{"id":2097,"tipo":"led","Potencia":null,"Columna":null},"geometry":{"type":"MultiPoint","coordinates":[[-58.788649999999883,-38.162125000005823,100.239624]]}},
{"type":"Feature","properties":{"id":2098,"tipo":"led","Potencia":null,"Columna":null},"geometry":{"type":"MultiPoint","coordinates":[[-58.78886499999988,-38.162302000005809,100.239624]]}},
{"type":"Feature","properties":{"id":2099,"tipo":"led","Potencia":null,"Columna":null},"geometry":{"type":"MultiPoint","coordinates":[[-58.788926547677299,-38.162637937114361,96.899231]]}},
{"type":"Feature","properties":{"id":2100,"tipo":null,"Potencia":null,"Columna":null},"geometry":{"type":"MultiPoint","coordinates":[[-58.789379999999881,-38.162719000005822,94.314629]]}},
{"type":"Feature","properties":{"id":2101,"tipo":null,"Potencia":null,"Columna":null},"geometry":{"type":"MultiPoint","coordinates":[[-58.789638999999887,-38.162926000005811,96.936554]]}},
{"type":"Feature","properties":{"id":2102,"tipo":null,"Potencia":null,"Columna":null},"geometry":{"type":"MultiPoint","coordinates":[[-58.790019999999885,-38.163245000005823,96.871239]]}},
{"type":"Feature","properties":{"id":2103,"tipo":null,"Potencia":null,"Columna":null},"geometry":{"type":"MultiPoint","coordinates":[[-58.790789999999888,-38.163862000005814,96.871239]]}},
{"type":"Feature","properties":{"id":2104,"tipo":null,"Potencia":null,"Columna":null},"geometry":{"type":"MultiPoint","coordinates":[[-58.791838999999889,-38.163207000005826,98.662735]]}},
{"type":"Feature","properties":{"id":2105,"tipo":null,"Potencia":null,"Columna":null},"geometry":{"type":"MultiPoint","coordinates":[[-58.791621999999883,-38.163030000005818,98.252182]]}},
{"type":"Feature","properties":{"id":2106,"tipo":null,"Potencia":null,"Columna":null},"geometry":{"type":"MultiPoint","coordinates":[[-58.791504999999887,-38.162769000005817,97.897621]]}},
{"type":"Feature","properties":{"id":2107,"tipo":null,"Potencia":null,"Columna":null},"geometry":{"type":"MultiPoint","coordinates":[[-58.791152999999888,-38.162654000005823,97.169823]]}},
{"type":"Feature","properties":{"id":2108,"tipo":null,"Potencia":null,"Columna":null},"geometry":{"type":"MultiPoint","coordinates":[[-58.790869999999884,-38.162249000005822,96.236755]]}},
{"type":"Feature","properties":{"id":2109,"tipo":null,"Potencia":null,"Columna":null},"geometry":{"type":"MultiPoint","coordinates":[[-58.790497999999893,-38.162130000005817,96.41404]]}},
{"type":"Feature","properties":{"id":2110,"tipo":null,"Potencia":null,"Columna":null},"geometry":{"type":"MultiPoint","coordinates":[[-58.790286999999886,-38.161953000005823,98.140213]]}},
{"type":"Feature","properties":{"id":2111,"tipo":null,"Potencia":null,"Columna":null},"geometry":{"type":"MultiPoint","coordinates":[[-58.790085999999889,-38.161792000005811,98.140213]]}},
{"type":"Feature","properties":{"id":2112,"tipo":null,"Potencia":120,"Columna":"baja"},"geometry":{"type":"MultiPoint","coordinates":[[-58.789914999999887,-38.161618000005802,98.140213]]}},
{"type":"Feature","properties":{"id":2113,"tipo":null,"Potencia":120,"Columna":"baja"},"geometry":{"type":"MultiPoint","coordinates":[[-58.789773999999888,-38.16141400000582,98.140213]]}},
{"type":"Feature","properties":{"id":2114,"tipo":null,"Potencia":120,"Columna":"baja"},"geometry":{"type":"MultiPoint","coordinates":[[-58.789467999999886,-38.161257000005818,98.140213]]}},
{"type":"Feature","properties":{"id":2115,"tipo":null,"Potencia":120,"Columna":"baja"},"geometry":{"type":"MultiPoint","coordinates":[[-58.789297999999889,-38.161009000005819,98.140213]]}},
{"type":"Feature","properties":{"id":2116,"tipo":null,"Potencia":120,"Columna":"baja"},"geometry":{"type":"MultiPoint","coordinates":[[-58.78914035985327,-38.160968818366051,98.140213]]}},
{"type":"Feature","properties":{"id":2117,"tipo":"led 11va","Potencia":null,"Columna":null},"geometry":{"type":"MultiPoint","coordinates":[[-58.788868999999885,-38.160657000005813,98.140213]]}},
{"type":"Feature","properties":{"id":2118,"tipo":"led 11va","Potencia":null,"Columna":null},"geometry":{"type":"MultiPoint","coordinates":[[-58.788546999999888,-38.160508000005798,98.140213]]}},
{"type":"Feature","properties":{"id":2119,"tipo":"led 11va","Potencia":null,"Columna":null},"geometry":{"type":"MultiPoint","coordinates":[[-58.788377999999888,-38.160264000005817,98.140213]]}},
{"type":"Feature","properties":{"id":2120,"tipo":"led 11va","Potencia":null,"Columna":null},"geometry":{"type":"MultiPoint","coordinates":[[-58.78810399999989,-38.160038000005819,98.140213]]}},
{"type":"Feature","properties":{"id":2121,"tipo":"led","Potencia":null,"Columna":null},"geometry":{"type":"MultiPoint","coordinates":[[-58.788976999999896,-38.159266000005822,98.140213]]}},
{"type":"Feature","properties":{"id":2122,"tipo":"led","Potencia":null,"Columna":null},"geometry":{"type":"MultiPoint","coordinates":[[-58.789309999999887,-38.159523000005819,98.140213]]}},
{"type":"Feature","properties":{"id":2123,"tipo":"led","Potencia":null,"Columna":null},"geometry":{"type":"MultiPoint","coordinates":[[-58.789560999999885,-38.159741000005816,98.140213]]}},
{"type":"Feature","properties":{"id":2124,"tipo":"led","Potencia":null,"Columna":null},"geometry":{"type":"MultiPoint","coordinates":[[-58.789804999999888,-38.159946000005817,98.140213]]}},
{"type":"Feature","properties":{"id":2125,"tipo":"led","Potencia":null,"Columna":null},"geometry":{"type":"MultiPoint","coordinates":[[-58.790103999999886,-38.160209000005835,92.924362]]}},
{"type":"Feature","properties":{"id":2126,"tipo":"led","Potencia":null,"Columna":null},"geometry":{"type":"MultiPoint","coordinates":[[-58.790315999999883,-38.16038300000583,97.804314]]}},
{"type":"Feature","properties":{"id":2127,"tipo":"led","Potencia":null,"Columna":null},"geometry":{"type":"MultiPoint","coordinates":[[-58.790527999999895,-38.160547000005828,97.421753]]}},
{"type":"Feature","properties":{"id":2128,"tipo":"led","Potencia":null,"Columna":null},"geometry":{"type":"MultiPoint","coordinates":[[-58.790787999999893,-38.160752000005822,97.533722]]}},
{"type":"Feature","properties":{"id":2129,"tipo":"led","Potencia":null,"Columna":null},"geometry":{"type":"MultiPoint","coordinates":[[-58.791034999999887,-38.161101000005822,96.973877]]}},
{"type":"Feature","properties":{"id":2130,"tipo":"led","Potencia":null,"Columna":null},"geometry":{"type":"MultiPoint","coordinates":[[-58.791595999999878,-38.16154900000582,96.973877]]}},
{"type":"Feature","properties":{"id":2131,"tipo":"led","Potencia":null,"Columna":null},"geometry":{"type":"MultiPoint","coordinates":[[-58.791915999999887,-38.16179800000581,98.373482]]}},
{"type":"Feature","properties":{"id":2132,"tipo":"led","Potencia":null,"Columna":null},"geometry":{"type":"MultiPoint","coordinates":[[-58.792512999999879,-38.162307000005811,99.306549]]}},
{"type":"Feature","properties":{"id":2133,"tipo":null,"Potencia":null,"Columna":null},"geometry":{"type":"MultiPoint","coordinates":[[-58.793585999999884,-38.163184000005828,99.241241]]}},
{"type":"Feature","properties":{"id":2134,"tipo":null,"Potencia":null,"Columna":null},"geometry":{"type":"MultiPoint","coordinates":[[-58.794166999999895,-38.163589000005821,99.241241]]}},
{"type":"Feature","properties":{"id":2135,"tipo":null,"Potencia":null,"Columna":null},"geometry":{"type":"MultiPoint","coordinates":[[-58.794664999999888,-38.164059000005828,100.678162]]}},
{"type":"Feature","properties":{"id":2136,"tipo":null,"Potencia":null,"Columna":null},"geometry":{"type":"MultiPoint","coordinates":[[-58.797168406359276,-38.164581905931385,99.381195]]}},
{"type":"Feature","properties":{"id":2137,"tipo":null,"Potencia":null,"Columna":null},"geometry":{"type":"MultiPoint","coordinates":[[-58.795555999999891,-38.161789000005825,99.381195]]}},
{"type":"Feature","properties":{"id":2138,"tipo":null,"Potencia":null,"Columna":null},"geometry":{"type":"MultiPoint","coordinates":[[-58.795303999999888,-38.161580000005834,99.381195]]}},
{"type":"Feature","properties":{"id":2139,"tipo":null,"Potencia":null,"Columna":null},"geometry":{"type":"MultiPoint","coordinates":[[-58.792666999999888,-38.159418000005829,99.381195]]}},
{"type":"Feature","properties":{"id":2140,"tipo":null,"Potencia":null,"Columna":null},"geometry":{"type":"MultiPoint","coordinates":[[-58.79180899999988,-38.15871500000582,99.381195]]}},
{"type":"Feature","properties":{"id":2141,"tipo":null,"Potencia":null,"Columna":null},"geometry":{"type":"MultiPoint","coordinates":[[-58.791569999999894,-38.158527000005819,99.381195]]}},
{"type":"Feature","properties":{"id":2142,"tipo":null,"Potencia":null,"Columna":null},"geometry":{"type":"MultiPoint","coordinates":[[-58.791062999999887,-38.158118000005835,101.676552]]}},
{"type":"Feature","properties":{"id":2143,"tipo":null,"Potencia":null,"Columna":null},"geometry":{"type":"MultiPoint","coordinates":[[-58.789999999999878,-38.158758000005818,96.41404]]}},
{"type":"Feature","properties":{"id":2144,"tipo":null,"Potencia":null,"Columna":null},"geometry":{"type":"MultiPoint","coordinates":[[-58.790253999999877,-38.158961000005817,98.578758]]}},
{"type":"Feature","properties":{"id":2145,"tipo":null,"Potencia":null,"Columna":null},"geometry":{"type":"MultiPoint","coordinates":[[-58.790488999999894,-38.15915300000583,98.578758]]}},
{"type":"Feature","properties":{"id":2146,"tipo":null,"Potencia":null,"Columna":null},"geometry":{"type":"MultiPoint","coordinates":[[-58.790705999999886,-38.159317000005828,98.578758]]}},
{"type":"Feature","properties":{"id":2147,"tipo":null,"Potencia":null,"Columna":null},"geometry":{"type":"MultiPoint","coordinates":[[-58.790932999999889,-38.159505000005815,98.578758]]}},
{"type":"Feature","properties":{"id":2148,"tipo":null,"Potencia":null,"Columna":null},"geometry":{"type":"MultiPoint","coordinates":[[-58.791198999999885,-38.159729000005818,98.578758]]}},
{"type":"Feature","properties":{"id":2149,"tipo":null,"Potencia":null,"Columna":null},"geometry":{"type":"MultiPoint","coordinates":[[-58.791437999999893,-38.159921000005809,98.578758]]}},
{"type":"Feature","properties":{"id":2150,"tipo":null,"Potencia":null,"Columna":null},"geometry":{"type":"MultiPoint","coordinates":[[-58.791737999999896,-38.16016600000583,98.578758]]}},
{"type":"Feature","properties":{"id":2151,"tipo":null,"Potencia":null,"Columna":null},"geometry":{"type":"MultiPoint","coordinates":[[-58.793504999999882,-38.158613000005829,98.905334]]}},
{"type":"Feature","properties":{"id":2152,"tipo":null,"Potencia":null,"Columna":null},"geometry":{"type":"MultiPoint","coordinates":[[-58.792997999999891,-38.158188000005822,98.532104]]}},
{"type":"Feature","properties":{"id":2153,"tipo":null,"Potencia":null,"Columna":null},"geometry":{"type":"MultiPoint","coordinates":[[-58.792522999999896,-38.157988000005822,98.541435]]}},
{"type":"Feature","properties":{"id":2154,"tipo":null,"Potencia":null,"Columna":null},"geometry":{"type":"MultiPoint","coordinates":[[-58.792269999999888,-38.158184000005811,98.541435]]}},
{"type":"Feature","properties":{"id":2155,"tipo":null,"Potencia":null,"Columna":null},"geometry":{"type":"MultiPoint","coordinates":[[-58.791882999999885,-38.158496000005826,98.662735]]}},
{"type":"Feature","properties":{"id":2156,"tipo":null,"Potencia":null,"Columna":null},"geometry":{"type":"MultiPoint","coordinates":[[-58.792510999999884,-38.157812000005819,100.267616]]}},
{"type":"Feature","properties":{"id":2157,"tipo":null,"Potencia":null,"Columna":null},"geometry":{"type":"MultiPoint","coordinates":[[-58.792241999999888,-38.157587000005812,100.463562]]}},
{"type":"Feature","properties":{"id":2158,"tipo":null,"Potencia":null,"Columna":null},"geometry":{"type":"MultiPoint","coordinates":[[-58.79187799999989,-38.15729400000582,98.914665]]}},
{"type":"Feature","properties":{"id":2159,"tipo":null,"Potencia":null,"Columna":null},"geometry":{"type":"MultiPoint","coordinates":[[-58.793010999999893,-38.15673000000583,99.409187]]}},
{"type":"Feature","properties":{"id":2160,"tipo":null,"Potencia":null,"Columna":null},"geometry":{"type":"MultiPoint","coordinates":[[-58.793328999999886,-38.156974000005825,99.409187]]}},
{"type":"Feature","properties":{"id":2161,"tipo":null,"Potencia":null,"Columna":null},"geometry":{"type":"MultiPoint","coordinates":[[-58.79362699999988,-38.157239000005816,99.409187]]}},
{"type":"Feature","properties":{"id":2162,"tipo":null,"Potencia":null,"Columna":null},"geometry":{"type":"MultiPoint","coordinates":[[-58.793872999999891,-38.157439000005823,99.409187]]}},
{"type":"Feature","properties":{"id":2163,"tipo":null,"Potencia":null,"Columna":null},"geometry":{"type":"MultiPoint","coordinates":[[-58.794091999999893,-38.157614000005822,99.409187]]}},
{"type":"Feature","properties":{"id":2164,"tipo":null,"Potencia":null,"Columna":null},"geometry":{"type":"MultiPoint","coordinates":[[-58.794584999999877,-38.15800600000582,99.409187]]}},
{"type":"Feature","properties":{"id":2165,"tipo":null,"Potencia":null,"Columna":null},"geometry":{"type":"MultiPoint","coordinates":[[-58.796108999999888,-38.159281000005826,99.409187]]}},
{"type":"Feature","properties":{"id":2166,"tipo":null,"Potencia":null,"Columna":null},"geometry":{"type":"MultiPoint","coordinates":[[-58.790717999999885,-38.159512000005826,101.676552]]}},
{"type":"Feature","properties":{"id":2167,"tipo":null,"Potencia":null,"Columna":null},"geometry":{"type":"MultiPoint","coordinates":[[-58.790486999999885,-38.159682000005816,101.676552]]}},
{"type":"Feature","properties":{"id":2168,"tipo":null,"Potencia":null,"Columna":null},"geometry":{"type":"MultiPoint","coordinates":[[-58.790294999999887,-38.15983800000582,101.676552]]}},
{"type":"Feature","properties":{"id":2169,"tipo":null,"Potencia":null,"Columna":null},"geometry":{"type":"MultiPoint","coordinates":[[-58.790061999999885,-38.16000500000581,101.676552]]}},
{"type":"Feature","properties":{"id":2170,"tipo":null,"Potencia":null,"Columna":null},"geometry":{"type":"MultiPoint","coordinates":[[-58.789829999999895,-38.160179000005819,101.676552]]}},
{"type":"Feature","properties":{"id":2171,"tipo":null,"Potencia":null,"Columna":null},"geometry":{"type":"MultiPoint","coordinates":[[-58.78965299999988,-38.160310000005822,101.676552]]}},
{"type":"Feature","properties":{"id":2172,"tipo":null,"Potencia":null,"Columna":null},"geometry":{"type":"MultiPoint","coordinates":[[-58.78943099999988,-38.160471000005828,101.676552]]}},
{"type":"Feature","properties":{"id":2173,"tipo":null,"Potencia":null,"Columna":null},"geometry":{"type":"MultiPoint","coordinates":[[-58.789223999999876,-38.160639000005816,101.676552]]}},
{"type":"Feature","properties":{"id":2174,"tipo":"led 11va","Potencia":null,"Columna":null},"geometry":{"type":"MultiPoint","coordinates":[[-58.78881999999988,-38.160817000005828,99.987694]]}},
{"type":"Feature","properties":{"id":2175,"tipo":"led 11va","Potencia":null,"Columna":null},"geometry":{"type":"MultiPoint","coordinates":[[-58.788066999999884,-38.161385000005822,102.105759]]}},
{"type":"Feature","properties":{"id":2176,"tipo":"led","Potencia":null,"Columna":null},"geometry":{"type":"MultiPoint","coordinates":[[-58.787911999999878,-38.161616000005822,102.180405]]}},
{"type":"Feature","properties":{"id":2177,"tipo":"led","Potencia":null,"Columna":null},"geometry":{"type":"MultiPoint","coordinates":[[-58.787694999999886,-38.161783000005826,102.096428]]}},
{"type":"Feature","properties":{"id":2178,"tipo":"led","Potencia":null,"Columna":null},"geometry":{"type":"MultiPoint","coordinates":[[-58.787481999999883,-38.161951000005814,102.087097]]}},
{"type":"Feature","properties":{"id":2179,"tipo":"led","Potencia":null,"Columna":null},"geometry":{"type":"MultiPoint","coordinates":[[-58.787191999999884,-38.162184000005816,102.096428]]}},
{"type":"Feature","properties":{"id":2180,"tipo":"led","Potencia":null,"Columna":null},"geometry":{"type":"MultiPoint","coordinates":[[-58.786977999999891,-38.162332000005826,102.096428]]}},
{"type":"Feature","properties":{"id":2181,"tipo":"led","Potencia":null,"Columna":null},"geometry":{"type":"MultiPoint","coordinates":[[-58.786740999999878,-38.162539000005815,102.096428]]}},
{"type":"Feature","properties":{"id":2182,"tipo":"led","Potencia":null,"Columna":null},"geometry":{"type":"MultiPoint","coordinates":[[-58.786465999999891,-38.162743000005811,102.096428]]}},
{"type":"Feature","properties":{"id":2183,"tipo":"led","Potencia":null,"Columna":null},"geometry":{"type":"MultiPoint","coordinates":[[-58.786310999999884,-38.16286600000582,102.096428]]}},
{"type":"Feature","properties":{"id":2184,"tipo":"led","Potencia":null,"Columna":null},"geometry":{"type":"MultiPoint","coordinates":[[-58.786068999999884,-38.163026000005829,102.096428]]}},
{"type":"Feature","properties":{"id":2185,"tipo":"led","Potencia":null,"Columna":null},"geometry":{"type":"MultiPoint","coordinates":[[-58.785825999999886,-38.163202000005825,102.096428]]}},
{"type":"Feature","properties":{"id":2186,"tipo":"led","Potencia":null,"Columna":null},"geometry":{"type":"MultiPoint","coordinates":[[-58.785558999999893,-38.163413000005825,102.096428]]}},
{"type":"Feature","properties":{"id":2187,"tipo":"led","Potencia":null,"Columna":null},"geometry":{"type":"MultiPoint","coordinates":[[-58.785333999999892,-38.163587000005812,102.096428]]}},
{"type":"Feature","properties":{"id":2188,"tipo":"led","Potencia":null,"Columna":null},"geometry":{"type":"MultiPoint","coordinates":[[-58.785007999999884,-38.163712000005816,102.096428]]}},
{"type":"Feature","properties":{"id":2189,"tipo":"led","Potencia":null,"Columna":null},"geometry":{"type":"MultiPoint","coordinates":[[-58.784826999999886,-38.163964000005812,102.096428]]}},
{"type":"Feature","properties":{"id":2190,"tipo":"led","Potencia":null,"Columna":null},"geometry":{"type":"MultiPoint","coordinates":[[-58.784562999999885,-38.164048000005806,102.096428]]}},
{"type":"Feature","properties":{"id":2191,"tipo":"led","Potencia":null,"Columna":null},"geometry":{"type":"MultiPoint","coordinates":[[-58.784409999999887,-38.164262000005813,102.096428]]}},
{"type":"Feature","properties":{"id":2192,"tipo":null,"Potencia":null,"Columna":null},"geometry":{"type":"MultiPoint","coordinates":[]}},
{"type":"Feature","properties":{"id":2193,"tipo":"led","Potencia":null,"Columna":null},"geometry":{"type":"MultiPoint","coordinates":[[-58.791352325839348,-38.161289033403342,0.0]]}},
{"type":"Feature","properties":{"id":2194,"tipo":"led","Potencia":null,"Columna":null},"geometry":{"type":"MultiPoint","coordinates":[[-58.79229526991594,-38.162019510495902,0.0]]}},
{"type":"Feature","properties":{"id":2195,"tipo":"led","Potencia":null,"Columna":null},"geometry":{"type":"MultiPoint","coordinates":[[-58.792747041571367,-38.162408939889268,0.0]]}},
{"type":"Feature","properties":{"id":2196,"tipo":"led","Potencia":null,"Columna":null},"geometry":{"type":"MultiPoint","coordinates":[[-58.792902274943529,-38.162550522591495,0.0]]}},
{"type":"Feature","properties":{"id":2197,"tipo":"led","Potencia":null,"Columna":null},"geometry":{"type":"MultiPoint","coordinates":[[-58.778269661970569,-38.168650122601058,0.0]]}},
{"type":"Feature","properties":{"id":2198,"tipo":"led","Potencia":null,"Columna":null},"geometry":{"type":"MultiPoint","coordinates":[[-58.783552447664832,-38.17135761231404,0.0]]}},
{"type":"Feature","properties":{"id":2199,"tipo":"led","Potencia":null,"Columna":null},"geometry":{"type":"MultiPoint","coordinates":[[-58.784076360295629,-38.171794206208119,0.0]]}},
{"type":"Feature","properties":{"id":2200,"tipo":"led","Potencia":null,"Columna":null},"geometry":{"type":"MultiPoint","coordinates":[[-58.783852191608254,-38.171318475991896,0.0]]}},
{"type":"Feature","properties":{"id":2201,"tipo":"led","Potencia":null,"Columna":null},"geometry":{"type":"MultiPoint","coordinates":[[-58.784009998029063,-38.171434496963109,0.0]]}},
{"type":"Feature","properties":{"id":2202,"tipo":"led","Potencia":null,"Columna":null},"geometry":{"type":"MultiPoint","coordinates":[[-58.784137814594473,-38.171538359762103,0.0]]}},
{"type":"Feature","properties":{"id":2203,"tipo":"led","Potencia":null,"Columna":null},"geometry":{"type":"MultiPoint","coordinates":[[-58.783493487114256,-38.171602763466296,0.0]]}},
{"type":"Feature","properties":{"id":2204,"tipo":"led","Potencia":null,"Columna":null},"geometry":{"type":"MultiPoint","coordinates":[[-58.7836397664366,-38.171725559542701,0.0]]}},
{"type":"Feature","properties":{"id":2205,"tipo":"led","Potencia":null,"Columna":null},"geometry":{"type":"MultiPoint","coordinates":[[-58.783775974154928,-38.171825948779528,0.0]]}},
{"type":"Feature","properties":{"id":2206,"tipo":"led","Potencia":150,"Columna":"baja"},"geometry":{"type":"MultiPoint","coordinates":[[-58.770433675388922,-38.165214815956851,0.0]]}},
{"type":"Feature","properties":{"id":2207,"tipo":"led","Potencia":150,"Columna":"baja"},"geometry":{"type":"MultiPoint","coordinates":[[-58.770154255319149,-38.165017095539675,0.0]]}},
{"type":"Feature","properties":{"id":2208,"tipo":"led","Potencia":null,"Columna":null},"geometry":{"type":"MultiPoint","coordinates":[[-58.769850385993273,-38.16496766535159,0.0]]}},
{"type":"Feature","properties":{"id":2209,"tipo":"led","Potencia":null,"Columna":null},"geometry":{"type":"MultiPoint","coordinates":[[-58.769763067221469,-38.165206577616836,0.0]]}},
{"type":"Feature","properties":{"id":2210,"tipo":"led","Potencia":null,"Columna":null},"geometry":{"type":"MultiPoint","coordinates":[[-58.769438241390361,-38.165313675964327,0.0]]}},
{"type":"Feature","properties":{"id":2211,"tipo":"led","Potencia":null,"Columna":null},"geometry":{"type":"MultiPoint","coordinates":[[-58.769361400871169,-38.165538856592036,0.0]]}},
{"type":"Feature","properties":{"id":2212,"tipo":"led","Potencia":null,"Columna":null},"geometry":{"type":"MultiPoint","coordinates":[[-58.769347429867686,-38.165731083406826,0.0]]}},
{"type":"Feature","properties":{"id":2213,"tipo":"led","Potencia":null,"Columna":null},"geometry":{"type":"MultiPoint","coordinates":[[-58.76957445867437,-38.165915071454826,0.0]]}},
{"type":"Feature","properties":{"id":2214,"tipo":null,"Potencia":null,"Columna":null},"geometry":{"type":"MultiPoint","coordinates":[[-58.791508934151594,-38.156693128758889,0.0]]}},
{"type":"Feature","properties":{"id":2215,"tipo":"led","Potencia":null,"Columna":null},"geometry":{"type":"MultiPoint","coordinates":[[-58.774170918822094,-38.172620706984098,0.0]]}},
{"type":"Feature","properties":{"id":2216,"tipo":"led","Potencia":null,"Columna":null},"geometry":{"type":"MultiPoint","coordinates":[[-58.774551628667155,-38.172920002295704,0.0]]}},
{"type":"Feature","properties":{"id":2217,"tipo":"led","Potencia":null,"Columna":null},"geometry":{"type":"MultiPoint","coordinates":[[-58.774733251712519,-38.173057293311849,0.0]]}},
{"type":"Feature","properties":{"id":2218,"tipo":null,"Potencia":null,"Columna":null},"geometry":{"type":"MultiPoint","coordinates":[[-58.74134,-38.194692,110.699326]]}},
{"type":"Feature","properties":{"id":2219,"tipo":null,"Potencia":null,"Columna":null},"geometry":{"type":"MultiPoint","coordinates":[[-58.739918,-38.193516,113.069321]]}},
{"type":"Feature","properties":{"id":2220,"tipo":null,"Potencia":null,"Columna":null},"geometry":{"type":"MultiPoint","coordinates":[[-58.739612,-38.193268,112.201569]]}},
{"type":"Feature","properties":{"id":2221,"tipo":null,"Potencia":null,"Columna":null},"geometry":{"type":"MultiPoint","coordinates":[[-58.737426,-38.191476,113.097313]]}},
{"type":"Feature","properties":{"id":2222,"tipo":null,"Potencia":null,"Columna":null},"geometry":{"type":"MultiPoint","coordinates":[[-58.740425,-38.195644,112.845383]]}},
{"type":"Feature","properties":{"id":2223,"tipo":null,"Potencia":null,"Columna":null},"geometry":{"type":"MultiPoint","coordinates":[[-58.740267,-38.195491,111.240509]]}},
{"type":"Feature","properties":{"id":2224,"tipo":null,"Potencia":null,"Columna":null},"geometry":{"type":"MultiPoint","coordinates":[[-58.740011,-38.195288,114.711525]]}},
{"type":"Feature","properties":{"id":2225,"tipo":null,"Potencia":null,"Columna":null},"geometry":{"type":"MultiPoint","coordinates":[[-58.739946,-38.194827,111.399132]]}},
{"type":"Feature","properties":{"id":2226,"tipo":null,"Potencia":null,"Columna":null},"geometry":{"type":"MultiPoint","coordinates":[[-58.739677,-38.194994,112.724091]]}},
{"type":"Feature","properties":{"id":2227,"tipo":null,"Potencia":null,"Columna":null},"geometry":{"type":"MultiPoint","coordinates":[[-58.739501,-38.194904,113.274597]]}},
{"type":"Feature","properties":{"id":2228,"tipo":null,"Potencia":null,"Columna":null},"geometry":{"type":"MultiPoint","coordinates":[[-58.739574,-38.195078,111.874992]]}},
{"type":"Feature","properties":{"id":2229,"tipo":null,"Potencia":null,"Columna":null},"geometry":{"type":"MultiPoint","coordinates":[[-58.73935,-38.195228,112.509483]]}},
{"type":"Feature","properties":{"id":2230,"tipo":null,"Potencia":null,"Columna":null},"geometry":{"type":"MultiPoint","coordinates":[[-58.739184,-38.195359,112.509483]]}},
{"type":"Feature","properties":{"id":2231,"tipo":null,"Potencia":null,"Columna":null},"geometry":{"type":"MultiPoint","coordinates":[[-58.738958,-38.195517,112.509483]]}},
{"type":"Feature","properties":{"id":2232,"tipo":null,"Potencia":null,"Columna":null},"geometry":{"type":"MultiPoint","coordinates":[[-58.738882,-38.19565,112.145584]]}},
{"type":"Feature","properties":{"id":2233,"tipo":null,"Potencia":null,"Columna":null},"geometry":{"type":"MultiPoint","coordinates":[[-58.739081,-38.195883,112.117592]]}},
{"type":"Feature","properties":{"id":2234,"tipo":null,"Potencia":null,"Columna":null},"geometry":{"type":"MultiPoint","coordinates":[[-58.739294,-38.196064,110.820625]]}},
{"type":"Feature","properties":{"id":2235,"tipo":null,"Potencia":null,"Columna":null},"geometry":{"type":"MultiPoint","coordinates":[[-58.739542,-38.196265,110.951256]]}},
{"type":"Feature","properties":{"id":2236,"tipo":null,"Potencia":null,"Columna":null},"geometry":{"type":"MultiPoint","coordinates":[[-58.75545,-38.182395,112.285545]]}},
{"type":"Feature","properties":{"id":2237,"tipo":null,"Potencia":null,"Columna":null},"geometry":{"type":"MultiPoint","coordinates":[[-58.757154,-38.183834,110.764641]]}},
{"type":"Feature","properties":{"id":2238,"tipo":null,"Potencia":null,"Columna":null},"geometry":{"type":"MultiPoint","coordinates":[[-58.757478,-38.184077,113.041328]]}},
{"type":"Feature","properties":{"id":2239,"tipo":null,"Potencia":null,"Columna":null},"geometry":{"type":"MultiPoint","coordinates":[[-58.757816,-38.184353,113.283928]]}},
{"type":"Feature","properties":{"id":2240,"tipo":null,"Potencia":null,"Columna":null},"geometry":{"type":"MultiPoint","coordinates":[[-58.758106,-38.184585,110.428734]]}},
{"type":"Feature","properties":{"id":2241,"tipo":null,"Potencia":null,"Columna":null},"geometry":{"type":"MultiPoint","coordinates":[[-58.794486,-38.154736,121.522926]]}},
{"type":"Feature","properties":{"id":2242,"tipo":null,"Potencia":null,"Columna":null},"geometry":{"type":"MultiPoint","coordinates":[[-58.794683,-38.154643,119.918053]]}},
{"type":"Feature","properties":{"id":2243,"tipo":null,"Potencia":null,"Columna":null},"geometry":{"type":"MultiPoint","coordinates":[[-58.795064,-38.154387,119.871399]]}},
{"type":"Feature","properties":{"id":2244,"tipo":null,"Potencia":null,"Columna":null},"geometry":{"type":"MultiPoint","coordinates":[[-58.79586,-38.153777,120.384583]]}},
{"type":"Feature","properties":{"id":2245,"tipo":null,"Potencia":null,"Columna":null},"geometry":{"type":"MultiPoint","coordinates":[[-58.796302,-38.153443,121.028404]]}},
{"type":"Feature","properties":{"id":2246,"tipo":null,"Potencia":null,"Columna":null},"geometry":{"type":"MultiPoint","coordinates":[[-58.796703,-38.153134,121.047066]]}},
{"type":"Feature","properties":{"id":2247,"tipo":null,"Potencia":null,"Columna":null},"geometry":{"type":"MultiPoint","coordinates":[[-58.797143,-38.152799,121.056396]]}},
{"type":"Feature","properties":{"id":2248,"tipo":null,"Potencia":null,"Columna":null},"geometry":{"type":"MultiPoint","coordinates":[[-58.797442,-38.152574,120.384583]]}},
{"type":"Feature","properties":{"id":2249,"tipo":null,"Potencia":null,"Columna":null},"geometry":{"type":"MultiPoint","coordinates":[[-58.797671,-38.152399,119.582146]]}},
{"type":"Feature","properties":{"id":2250,"tipo":null,"Potencia":null,"Columna":null},"geometry":{"type":"MultiPoint","coordinates":[[-58.798124,-38.152055,119.451515]]}},
{"type":"Feature","properties":{"id":2251,"tipo":null,"Potencia":null,"Columna":null},"geometry":{"type":"MultiPoint","coordinates":[[-58.798341,-38.151895,119.479507]]}},
{"type":"Feature","properties":{"id":2252,"tipo":null,"Potencia":null,"Columna":null},"geometry":{"type":"MultiPoint","coordinates":[[-58.798689,-38.151636,119.722107]]}},
{"type":"Feature","properties":{"id":2253,"tipo":null,"Potencia":null,"Columna":null},"geometry":{"type":"MultiPoint","coordinates":[[-58.798951,-38.15144,119.740768]]}},
{"type":"Feature","properties":{"id":2254,"tipo":null,"Potencia":null,"Columna":null},"geometry":{"type":"MultiPoint","coordinates":[[-58.79919,-38.151263,119.740768]]}},
{"type":"Feature","properties":{"id":2255,"tipo":null,"Potencia":null,"Columna":null},"geometry":{"type":"MultiPoint","coordinates":[[-58.799407,-38.151105,119.740768]]}},
{"type":"Feature","properties":{"id":2256,"tipo":null,"Potencia":null,"Columna":null},"geometry":{"type":"MultiPoint","coordinates":[[-58.798763,-38.150162,120.01136]]}},
{"type":"Feature","properties":{"id":2257,"tipo":null,"Potencia":null,"Columna":null},"geometry":{"type":"MultiPoint","coordinates":[[-58.799494,-38.149593,121.522926]]}},
{"type":"Feature","properties":{"id":2258,"tipo":null,"Potencia":null,"Columna":null},"geometry":{"type":"MultiPoint","coordinates":[[-58.798427,-38.150041,119.656792]]}},
{"type":"Feature","properties":{"id":2259,"tipo":null,"Potencia":null,"Columna":null},"geometry":{"type":"MultiPoint","coordinates":[[-58.798191,-38.149813,119.656792]]}},
{"type":"Feature","properties":{"id":2260,"tipo":null,"Potencia":null,"Columna":null},"geometry":{"type":"MultiPoint","coordinates":[[-58.79772,-38.14945,119.656792]]}},
{"type":"Feature","properties":{"id":2261,"tipo":null,"Potencia":null,"Columna":null},"geometry":{"type":"MultiPoint","coordinates":[[-58.797479,-38.149248,119.656792]]}},
{"type":"Feature","properties":{"id":2262,"tipo":null,"Potencia":null,"Columna":null},"geometry":{"type":"MultiPoint","coordinates":[[-58.795704,-38.14776,119.666122]]}},
{"type":"Feature","properties":{"id":2263,"tipo":null,"Potencia":null,"Columna":null},"geometry":{"type":"MultiPoint","coordinates":[[-58.795292,-38.147349,119.666122]]}},
{"type":"Feature","properties":{"id":2264,"tipo":null,"Potencia":null,"Columna":null},"geometry":{"type":"MultiPoint","coordinates":[[-58.794471,-38.146688,119.666122]]}},
{"type":"Feature","properties":{"id":2265,"tipo":null,"Potencia":null,"Columna":null},"geometry":{"type":"MultiPoint","coordinates":[[-58.79191,-38.144506,119.666122]]}},
{"type":"Feature","properties":{"id":2266,"tipo":null,"Potencia":null,"Columna":null},"geometry":{"type":"MultiPoint","coordinates":[[-58.791866,-38.145894,120.916435]]}},
{"type":"Feature","properties":{"id":2267,"tipo":null,"Potencia":null,"Columna":null},"geometry":{"type":"MultiPoint","coordinates":[[-58.791314,-38.14633,118.359825]]}},
{"type":"Feature","properties":{"id":2268,"tipo":null,"Potencia":null,"Columna":null},"geometry":{"type":"MultiPoint","coordinates":[[-58.794358,-38.144005,121.093719]]}},
{"type":"Feature","properties":{"id":2269,"tipo":null,"Potencia":null,"Columna":null},"geometry":{"type":"MultiPoint","coordinates":[[-58.793811,-38.148482,119.460846]]}},
{"type":"Feature","properties":{"id":2270,"tipo":null,"Potencia":null,"Columna":null},"geometry":{"type":"MultiPoint","coordinates":[[-58.797004,-38.148887,122.129425]]}},
{"type":"Feature","properties":{"id":2271,"tipo":null,"Potencia":null,"Columna":null},"geometry":{"type":"MultiPoint","coordinates":[[-58.797358,-38.149136,121.765526]]}},
{"type":"Feature","properties":{"id":2272,"tipo":null,"Potencia":null,"Columna":null},"geometry":{"type":"MultiPoint","coordinates":[[-58.797268,-38.14993,122.204071]]}},
{"type":"Feature","properties":{"id":2273,"tipo":null,"Potencia":null,"Columna":null},"geometry":{"type":"MultiPoint","coordinates":[[-58.797148,-38.151375,122.204071]]}},
{"type":"Feature","properties":{"id":2274,"tipo":null,"Potencia":null,"Columna":null},"geometry":{"type":"MultiPoint","coordinates":[[-58.797756,-38.150913,122.204071]]}},
{"type":"Feature","properties":{"id":2275,"tipo":null,"Potencia":null,"Columna":null},"geometry":{"type":"MultiPoint","coordinates":[[-58.798405,-38.15042,122.19474]]}},
{"type":"Feature","properties":{"id":2276,"tipo":null,"Potencia":null,"Columna":null},"geometry":{"type":"MultiPoint","coordinates":[[-58.79737,-38.151861,119.460846]]}},
{"type":"Feature","properties":{"id":2277,"tipo":null,"Potencia":null,"Columna":null},"geometry":{"type":"MultiPoint","coordinates":[[-58.796924,-38.151498,118.705063]]}},
{"type":"Feature","properties":{"id":2278,"tipo":null,"Potencia":null,"Columna":null},"geometry":{"type":"MultiPoint","coordinates":[[-58.796566,-38.151139,120.113998]]}},
{"type":"Feature","properties":{"id":2279,"tipo":null,"Potencia":null,"Columna":null},"geometry":{"type":"MultiPoint","coordinates":[[-58.795014,-38.149847,121.718872]]}},
{"type":"Feature","properties":{"id":2280,"tipo":null,"Potencia":null,"Columna":null},"geometry":{"type":"MultiPoint","coordinates":[[-58.789641,-38.145336,121.532257]]}},
{"type":"Feature","properties":{"id":2281,"tipo":"led","Potencia":null,"Columna":null},"geometry":{"type":"MultiPoint","coordinates":[[-58.77121829634784,-38.17260926351787,-51.608055]]}},
{"type":"Feature","properties":{"id":2282,"tipo":"led","Potencia":null,"Columna":null},"geometry":{"type":"MultiPoint","coordinates":[[-58.771208,-38.172619,-51.608055]]}},
{"type":"Feature","properties":{"id":2283,"tipo":"led","Potencia":null,"Columna":null},"geometry":{"type":"MultiPoint","coordinates":[[-58.77138,-38.172516,-51.608055]]}},
{"type":"Feature","properties":{"id":2284,"tipo":"led","Potencia":null,"Columna":null},"geometry":{"type":"MultiPoint","coordinates":[[-58.771596,-38.172356,-51.608055]]}},
{"type":"Feature","properties":{"id":2285,"tipo":"led","Potencia":null,"Columna":null},"geometry":{"type":"MultiPoint","coordinates":[[-58.771063,-38.172725,-51.608055]]}},
{"type":"Feature","properties":{"id":2286,"tipo":"led","Potencia":null,"Columna":null},"geometry":{"type":"MultiPoint","coordinates":[[-58.770891,-38.172853,-56.35738]]}},
{"type":"Feature","properties":{"id":2287,"tipo":"led","Potencia":null,"Columna":null},"geometry":{"type":"MultiPoint","coordinates":[[-58.770845,-38.172887,-54.006042]]}},
{"type":"Feature","properties":{"id":2288,"tipo":"led","Potencia":null,"Columna":null},"geometry":{"type":"MultiPoint","coordinates":[[-58.770716,-38.172983,-53.408878]]}},
{"type":"Feature","properties":{"id":2289,"tipo":"led","Potencia":null,"Columna":null},"geometry":{"type":"MultiPoint","coordinates":[[-58.770554,-38.173108,-53.996712]]}},
{"type":"Feature","properties":{"id":2290,"tipo":"led","Potencia":null,"Columna":null},"geometry":{"type":"MultiPoint","coordinates":[[-58.77054,-38.173117,-54.22065]]}},
{"type":"Feature","properties":{"id":2291,"tipo":"led","Potencia":null,"Columna":null},"geometry":{"type":"MultiPoint","coordinates":[[-58.770357,-38.173257,-54.565884]]}},
{"type":"Feature","properties":{"id":2292,"tipo":"led","Potencia":null,"Columna":null},"geometry":{"type":"MultiPoint","coordinates":[[-58.770144,-38.173416,-54.22998]]}},
{"type":"Feature","properties":{"id":2293,"tipo":"led","Potencia":null,"Columna":null},"geometry":{"type":"MultiPoint","coordinates":[[-58.770116,-38.173441,-52.149235]]}},
{"type":"Feature","properties":{"id":2294,"tipo":"led","Potencia":null,"Columna":null},"geometry":{"type":"MultiPoint","coordinates":[[-58.769995,-38.173536,-54.696514]]}},
{"type":"Feature","properties":{"id":2295,"tipo":"led","Potencia":null,"Columna":null},"geometry":{"type":"MultiPoint","coordinates":[[-58.769806,-38.17368,-53.716793]]}},
{"type":"Feature","properties":{"id":2296,"tipo":"led","Potencia":null,"Columna":null},"geometry":{"type":"MultiPoint","coordinates":[[-58.769772,-38.173704,-53.940727]]}},
{"type":"Feature","properties":{"id":2297,"tipo":"led","Potencia":null,"Columna":null},"geometry":{"type":"MultiPoint","coordinates":[[-58.76964,-38.173785,-54.248642]]}},
{"type":"Feature","properties":{"id":2298,"tipo":"led","Potencia":null,"Columna":null},"geometry":{"type":"MultiPoint","coordinates":[[-58.769447,-38.173924,-56.068127]]}},
{"type":"Feature","properties":{"id":2299,"tipo":"led","Potencia":null,"Columna":null},"geometry":{"type":"MultiPoint","coordinates":[[-58.769418,-38.173946,-56.068127]]}},
{"type":"Feature","properties":{"id":2300,"tipo":"led","Potencia":null,"Columna":null},"geometry":{"type":"MultiPoint","coordinates":[[-58.769287,-38.174042,-55.834858]]}},
{"type":"Feature","properties":{"id":2301,"tipo":"led","Potencia":null,"Columna":null},"geometry":{"type":"MultiPoint","coordinates":[[-58.769067,-38.17419,-55.181709]]}},
{"type":"Feature","properties":{"id":2302,"tipo":"led","Potencia":null,"Columna":null},"geometry":{"type":"MultiPoint","coordinates":[[-58.769037,-38.174211,-55.163052]]}},
{"type":"Feature","properties":{"id":2303,"tipo":"led","Potencia":null,"Columna":null},"geometry":{"type":"MultiPoint","coordinates":[[-58.76868,-38.174499,-55.713562]]}},
{"type":"Feature","properties":{"id":2304,"tipo":"led","Potencia":null,"Columna":null},"geometry":{"type":"MultiPoint","coordinates":[[-58.768257,-38.174813,-56.441353]]}},
{"type":"Feature","properties":{"id":2305,"tipo":"led","Potencia":null,"Columna":null},"geometry":{"type":"MultiPoint","coordinates":[[-58.76783,-38.175136,-55.163052]]}},
{"type":"Feature","properties":{"id":2306,"tipo":"led","Potencia":null,"Columna":null},"geometry":{"type":"MultiPoint","coordinates":[[-58.767403,-38.175461,-55.004429]]}},
{"type":"Feature","properties":{"id":2307,"tipo":"led","Potencia":null,"Columna":null},"geometry":{"type":"MultiPoint","coordinates":[[-58.766939,-38.175801,-54.509903]]}},
{"type":"Feature","properties":{"id":2308,"tipo":"led","Potencia":null,"Columna":null},"geometry":{"type":"MultiPoint","coordinates":[[-58.766549,-38.176108,-53.082306]]}},
{"type":"Feature","properties":{"id":2309,"tipo":"led","Potencia":null,"Columna":null},"geometry":{"type":"MultiPoint","coordinates":[[-58.766091,-38.176457,-52.88636]]}},
{"type":"Feature","properties":{"id":2310,"tipo":"led","Potencia":null,"Columna":null},"geometry":{"type":"MultiPoint","coordinates":[[-58.765658,-38.176784,-55.358994]]}},
{"type":"Feature","properties":{"id":2311,"tipo":"led","Potencia":null,"Columna":null},"geometry":{"type":"MultiPoint","coordinates":[[-58.7652,-38.177135,-56.226749]]}},
{"type":"Feature","properties":{"id":2312,"tipo":null,"Potencia":null,"Columna":null},"geometry":{"type":"MultiPoint","coordinates":[[-58.764959,-38.17748,-55.694901]]}},
{"type":"Feature","properties":{"id":2313,"tipo":null,"Potencia":null,"Columna":null},"geometry":{"type":"MultiPoint","coordinates":[[-58.764754,-38.177641,-54.360611]]}},
{"type":"Feature","properties":{"id":2314,"tipo":null,"Potencia":null,"Columna":null},"geometry":{"type":"MultiPoint","coordinates":[[-58.764268,-38.177985,-55.470963]]}},
{"type":"Feature","properties":{"id":2315,"tipo":null,"Potencia":null,"Columna":null},"geometry":{"type":"MultiPoint","coordinates":[[-58.763892,-38.178228,-55.452301]]}},
{"type":"Feature","properties":{"id":2316,"tipo":null,"Potencia":null,"Columna":null},"geometry":{"type":"MultiPoint","coordinates":[[-58.763272,-38.178731,-56.422691]]}},
{"type":"Feature","properties":{"id":2317,"tipo":null,"Potencia":null,"Columna":null},"geometry":{"type":"MultiPoint","coordinates":[[-58.763048,-38.178892,-56.53466]]}},
{"type":"Feature","properties":{"id":2318,"tipo":null,"Potencia":null,"Columna":null},"geometry":{"type":"MultiPoint","coordinates":[[-58.762562,-38.179245,-55.638916]]}},
{"type":"Feature","properties":{"id":2319,"tipo":null,"Potencia":null,"Columna":null},"geometry":{"type":"MultiPoint","coordinates":[[-58.76212,-38.17958,-55.666908]]}},
{"type":"Feature","properties":{"id":2320,"tipo":null,"Potencia":null,"Columna":null},"geometry":{"type":"MultiPoint","coordinates":[[-58.761686,-38.17991,-54.108681]]}},
{"type":"Feature","properties":{"id":2321,"tipo":null,"Potencia":null,"Columna":null},"geometry":{"type":"MultiPoint","coordinates":[[-58.761444,-38.180094,-52.531796]]}},
{"type":"Feature","properties":{"id":2322,"tipo":null,"Potencia":null,"Columna":null},"geometry":{"type":"MultiPoint","coordinates":[[-58.761237,-38.180244,-54.668522]]}},
{"type":"Feature","properties":{"id":2323,"tipo":null,"Potencia":null,"Columna":null},"geometry":{"type":"MultiPoint","coordinates":[[-58.760374,-38.180896,-52.662426]]}},
{"type":"Feature","properties":{"id":2324,"tipo":null,"Potencia":null,"Columna":null},"geometry":{"type":"MultiPoint","coordinates":[[-58.759922,-38.181255,-53.380886]]}},
{"type":"Feature","properties":{"id":2325,"tipo":null,"Potencia":null,"Columna":null},"geometry":{"type":"MultiPoint","coordinates":[[-58.759495,-38.181578,-53.240929]]}},
{"type":"Feature","properties":{"id":2326,"tipo":null,"Potencia":null,"Columna":null},"geometry":{"type":"MultiPoint","coordinates":[[-58.759044,-38.18192,-53.044983]]}},
{"type":"Feature","properties":{"id":2327,"tipo":null,"Potencia":null,"Columna":null},"geometry":{"type":"MultiPoint","coordinates":[[-58.758591,-38.182253,-53.632816]]}},
{"type":"Feature","properties":{"id":2328,"tipo":null,"Potencia":null,"Columna":null},"geometry":{"type":"MultiPoint","coordinates":[[-58.758134,-38.182608,-53.492855]]}},
{"type":"Feature","properties":{"id":2329,"tipo":null,"Potencia":null,"Columna":null},"geometry":{"type":"MultiPoint","coordinates":[[-58.757742,-38.182902,-53.147621]]}},
{"type":"Feature","properties":{"id":2330,"tipo":null,"Potencia":null,"Columna":null},"geometry":{"type":"MultiPoint","coordinates":[[-58.757332,-38.183187,-53.950058]]}},
{"type":"Feature","properties":{"id":2331,"tipo":null,"Potencia":null,"Columna":null},"geometry":{"type":"MultiPoint","coordinates":[[-58.756935,-38.18349,-54.416595]]}},
{"type":"Feature","properties":{"id":2332,"tipo":null,"Potencia":null,"Columna":null},"geometry":{"type":"MultiPoint","coordinates":[[-58.756516,-38.183942,-53.80077]]}},
{"type":"Feature","properties":{"id":2333,"tipo":null,"Potencia":null,"Columna":null},"geometry":{"type":"MultiPoint","coordinates":[[-58.75274,-38.186696,-54.64986]]}},
{"type":"Feature","properties":{"id":2334,"tipo":null,"Potencia":null,"Columna":null},"geometry":{"type":"MultiPoint","coordinates":[[-58.752289,-38.187041,-53.950058]]}},
{"type":"Feature","properties":{"id":2335,"tipo":null,"Potencia":null,"Columna":null},"geometry":{"type":"MultiPoint","coordinates":[[-58.751373,-38.187725,-55.209702]]}},
{"type":"Feature","properties":{"id":2336,"tipo":null,"Potencia":null,"Columna":null},"geometry":{"type":"MultiPoint","coordinates":[[-58.750872,-38.188083,-55.219032]]}},
{"type":"Feature","properties":{"id":2337,"tipo":null,"Potencia":null,"Columna":null},"geometry":{"type":"MultiPoint","coordinates":[[-58.750448,-38.188419,-54.873798]]}},
{"type":"Feature","properties":{"id":2338,"tipo":null,"Potencia":null,"Columna":null},"geometry":{"type":"MultiPoint","coordinates":[[-58.74997,-38.188806,-55.629585]]}},
{"type":"Feature","properties":{"id":2339,"tipo":null,"Potencia":null,"Columna":null},"geometry":{"type":"MultiPoint","coordinates":[[-58.749295,-38.189288,-55.414978]]}},
{"type":"Feature","properties":{"id":2340,"tipo":null,"Potencia":null,"Columna":null},"geometry":{"type":"MultiPoint","coordinates":[[-58.748661,-38.189753,-55.116398]]}},
{"type":"Feature","properties":{"id":2341,"tipo":null,"Potencia":null,"Columna":null},"geometry":{"type":"MultiPoint","coordinates":[[-58.738164,-38.197637,-55.489624]]}},
{"type":"Feature","properties":{"id":2342,"tipo":null,"Potencia":null,"Columna":null},"geometry":{"type":"MultiPoint","coordinates":[[-58.737998,-38.197818,-54.883129]]}},
{"type":"Feature","properties":{"id":2343,"tipo":null,"Potencia":null,"Columna":null},"geometry":{"type":"MultiPoint","coordinates":[[-58.737961,-38.198062,-55.163052]]}},
{"type":"Feature","properties":{"id":2344,"tipo":null,"Potencia":null,"Columna":null},"geometry":{"type":"MultiPoint","coordinates":[[-58.737917,-38.198411,-57.523716]]}},
{"type":"Feature","properties":{"id":2345,"tipo":null,"Potencia":null,"Columna":null},"geometry":{"type":"MultiPoint","coordinates":[[-58.737835,-38.198762,-58.382137]]}},
{"type":"Feature","properties":{"id":2346,"tipo":"led 14va","Potencia":150,"Columna":"alta"},"geometry":{"type":"MultiPoint","coordinates":[[-58.737729,-38.199087,-57.103832]]}},
{"type":"Feature","properties":{"id":2347,"tipo":"led 14va","Potencia":150,"Columna":"alta"},"geometry":{"type":"MultiPoint","coordinates":[[-58.737586,-38.199466,-58.28883]]}},
{"type":"Feature","properties":{"id":2348,"tipo":"led 14va","Potencia":150,"Columna":"led"},"geometry":{"type":"MultiPoint","coordinates":[[-58.737472,-38.199785,-59.08194]]}},
{"type":"Feature","properties":{"id":2349,"tipo":"led 14va","Potencia":150,"Columna":"led"},"geometry":{"type":"MultiPoint","coordinates":[[-58.737354,-38.200124,-59.427177]]}},
{"type":"Feature","properties":{"id":2350,"tipo":"led 14va","Potencia":150,"Columna":"alta"},"geometry":{"type":"MultiPoint","coordinates":[[-58.737255,-38.200496,-58.531429]]}},
{"type":"Feature","properties":{"id":2351,"tipo":"led 14va","Potencia":150,"Columna":"alta"},"geometry":{"type":"MultiPoint","coordinates":[[-58.737109,-38.200828,-58.587414]]}},
{"type":"Feature","properties":{"id":2352,"tipo":"led 14va","Potencia":150,"Columna":"alta"},"geometry":{"type":"MultiPoint","coordinates":[[-58.736906,-38.201153,-57.794304]]}},
{"type":"Feature","properties":{"id":2353,"tipo":"led 14va","Potencia":150,"Columna":"alta"},"geometry":{"type":"MultiPoint","coordinates":[[-58.736781,-38.201515,-58.54076]]}},
{"type":"Feature","properties":{"id":2354,"tipo":"led 14va","Potencia":150,"Columna":"alta"},"geometry":{"type":"MultiPoint","coordinates":[[-58.73667,-38.201818,-58.391468]]}},
{"type":"Feature","properties":{"id":2355,"tipo":"led 14va","Potencia":150,"Columna":"alta"},"geometry":{"type":"MultiPoint","coordinates":[[-58.736545,-38.202184,-58.596745]]}},
{"type":"Feature","properties":{"id":2356,"tipo":null,"Potencia":null,"Columna":null},"geometry":{"type":"MultiPoint","coordinates":[[-58.73642,-38.202532,-58.512768]]}},
{"type":"Feature","properties":{"id":2357,"tipo":null,"Potencia":null,"Columna":null},"geometry":{"type":"MultiPoint","coordinates":[[-58.736314,-38.202858,-58.41013]]}},
{"type":"Feature","properties":{"id":2358,"tipo":null,"Potencia":null,"Columna":null},"geometry":{"type":"MultiPoint","coordinates":[[-58.736187,-38.203205,-58.41013]]}},
{"type":"Feature","properties":{"id":2359,"tipo":null,"Potencia":null,"Columna":null},"geometry":{"type":"MultiPoint","coordinates":[[-58.736096,-38.20346,-58.391468]]}},
{"type":"Feature","properties":{"id":2360,"tipo":null,"Potencia":null,"Columna":null},"geometry":{"type":"MultiPoint","coordinates":[[-58.735917,-38.203979,-58.382137]]}},
{"type":"Feature","properties":{"id":2361,"tipo":null,"Potencia":null,"Columna":null},"geometry":{"type":"MultiPoint","coordinates":[[-58.735793,-38.204336,-58.148872]]}},
{"type":"Feature","properties":{"id":2362,"tipo":null,"Potencia":null,"Columna":null},"geometry":{"type":"MultiPoint","coordinates":[[-58.735676,-38.204762,-58.102219]]}},
{"type":"Feature","properties":{"id":2363,"tipo":null,"Potencia":null,"Columna":null},"geometry":{"type":"MultiPoint","coordinates":[[-58.739119,-38.198864,-52.317188]]}},
{"type":"Feature","properties":{"id":2364,"tipo":null,"Potencia":null,"Columna":null},"geometry":{"type":"MultiPoint","coordinates":[[-58.739669,-38.199331,-52.317188]]}},
{"type":"Feature","properties":{"id":2365,"tipo":null,"Potencia":null,"Columna":null},"geometry":{"type":"MultiPoint","coordinates":[[-58.744033,-38.200089,-59.33387]]}},
{"type":"Feature","properties":{"id":2366,"tipo":null,"Potencia":null,"Columna":null},"geometry":{"type":"MultiPoint","coordinates":[[-58.745643,-38.202159,-56.665291]]}},
{"type":"Feature","properties":{"id":2367,"tipo":null,"Potencia":null,"Columna":null},"geometry":{"type":"MultiPoint","coordinates":[[-58.745155,-38.20169,-53.819431]]}},
{"type":"Feature","properties":{"id":2368,"tipo":null,"Potencia":null,"Columna":null},"geometry":{"type":"MultiPoint","coordinates":[[-58.74611,-38.20247,-55.98415]]}},
{"type":"Feature","properties":{"id":2369,"tipo":null,"Potencia":null,"Columna":null},"geometry":{"type":"MultiPoint","coordinates":[[-58.746895,-38.203125,-56.637299]]}},
{"type":"Feature","properties":{"id":2370,"tipo":null,"Potencia":null,"Columna":null},"geometry":{"type":"MultiPoint","coordinates":[[-58.748499,-38.203352,-56.35738]]}},
{"type":"Feature","properties":{"id":2371,"tipo":null,"Potencia":null,"Columna":null},"geometry":{"type":"MultiPoint","coordinates":[[-58.746258,-38.203353,-56.254742]]}},
{"type":"Feature","properties":{"id":2372,"tipo":null,"Potencia":null,"Columna":null},"geometry":{"type":"MultiPoint","coordinates":[[-58.746098,-38.204368,-54.211319]]}},
{"type":"Feature","properties":{"id":2373,"tipo":null,"Potencia":null,"Columna":null},"geometry":{"type":"MultiPoint","coordinates":[[-58.746255,-38.20503,-54.397934]]}},
{"type":"Feature","properties":{"id":2374,"tipo":null,"Potencia":null,"Columna":null},"geometry":{"type":"MultiPoint","coordinates":[[-58.745194,-38.205693,-54.659191]]}},
{"type":"Feature","properties":{"id":2375,"tipo":null,"Potencia":null,"Columna":null},"geometry":{"type":"MultiPoint","coordinates":[[-58.744366,-38.204976,-52.970337]]}},
{"type":"Feature","properties":{"id":2376,"tipo":null,"Potencia":null,"Columna":null},"geometry":{"type":"MultiPoint","coordinates":[[-58.743435,-38.204206,-52.326519]]}},
{"type":"Feature","properties":{"id":2377,"tipo":null,"Potencia":null,"Columna":null},"geometry":{"type":"MultiPoint","coordinates":[[-58.742143,-38.203136,-54.780491]]}},
{"type":"Feature","properties":{"id":2378,"tipo":null,"Potencia":null,"Columna":null},"geometry":{"type":"MultiPoint","coordinates":[[-58.741122,-38.202242,-55.265686]]}},
{"type":"Feature","properties":{"id":2379,"tipo":null,"Potencia":null,"Columna":null},"geometry":{"type":"MultiPoint","coordinates":[[-58.740352,-38.201484,-54.416595]]}},
{"type":"Feature","properties":{"id":2383,"tipo":"led 14va","Potencia":120,"Columna":"baja"},"geometry":{"type":"MultiPoint","coordinates":[[-58.739146,-38.200516,-55.237694]]}},
{"type":"Feature","properties":{"id":2384,"tipo":"led 14va","Potencia":120,"Columna":"baja"},"geometry":{"type":"MultiPoint","coordinates":[[-58.738642,-38.200102,-51.37479]]}},
{"type":"Feature","properties":{"id":2385,"tipo":"led 14va","Potencia":120,"Columna":"baja"},"geometry":{"type":"MultiPoint","coordinates":[[-58.738331,-38.199842,-52.279865]]}},
{"type":"Feature","properties":{"id":2386,"tipo":"led 14va","Potencia":120,"Columna":"baja"},"geometry":{"type":"MultiPoint","coordinates":[[-58.73816,-38.200049,-54.696514]]}},
{"type":"Feature","properties":{"id":2387,"tipo":"led 14va","Potencia":120,"Columna":"baja"},"geometry":{"type":"MultiPoint","coordinates":[[-58.737581,-38.200763,-54.659191]]}},
{"type":"Feature","properties":{"id":2388,"tipo":"led 14va","Potencia":120,"Columna":"baja"},"geometry":{"type":"MultiPoint","coordinates":[[-58.737842,-38.200979,-54.836475]]}},
{"type":"Feature","properties":{"id":2389,"tipo":null,"Potencia":null,"Columna":null},"geometry":{"type":"MultiPoint","coordinates":[[-58.738307,-38.201372,-55.44297]]}},
{"type":"Feature","properties":{"id":2390,"tipo":null,"Potencia":null,"Columna":null},"geometry":{"type":"MultiPoint","coordinates":[[-58.738126,-38.201524,-55.051083]]}},
{"type":"Feature","properties":{"id":2391,"tipo":null,"Potencia":null,"Columna":null},"geometry":{"type":"MultiPoint","coordinates":[[-58.737983,-38.201624,-53.940727]]}},
{"type":"Feature","properties":{"id":2392,"tipo":"led 14va","Potencia":120,"Columna":"baja"},"geometry":{"type":"MultiPoint","coordinates":[[-58.738484,-38.201246,-53.42754]]}},
{"type":"Feature","properties":{"id":2393,"tipo":"led 14va","Potencia":120,"Columna":"baja"},"geometry":{"type":"MultiPoint","coordinates":[[-58.738766,-38.201014,-54.369942]]}},
{"type":"Feature","properties":{"id":2394,"tipo":"led 14va","Potencia":120,"Columna":"baja"},"geometry":{"type":"MultiPoint","coordinates":[[-58.739033,-38.200831,-54.631199]]}},
{"type":"Feature","properties":{"id":2395,"tipo":null,"Potencia":null,"Columna":null},"geometry":{"type":"MultiPoint","coordinates":[[-58.739481,-38.200468,-55.722893]]}},
{"type":"Feature","properties":{"id":2396,"tipo":null,"Potencia":null,"Columna":null},"geometry":{"type":"MultiPoint","coordinates":[[-58.739953,-38.200103,-56.441353]]}},
{"type":"Feature","properties":{"id":2397,"tipo":null,"Potencia":null,"Columna":null},"geometry":{"type":"MultiPoint","coordinates":[[-58.738391,-38.201407,-53.175613]]}},
{"type":"Feature","properties":{"id":2398,"tipo":null,"Potencia":null,"Columna":null},"geometry":{"type":"MultiPoint","coordinates":[[-58.736574,-38.202548,-51.402782]]}},
{"type":"Feature","properties":{"id":2399,"tipo":null,"Potencia":null,"Columna":null},"geometry":{"type":"MultiPoint","coordinates":[[-58.737103,-38.202983,-53.474194]]}},
{"type":"Feature","properties":{"id":2400,"tipo":null,"Potencia":null,"Columna":null},"geometry":{"type":"MultiPoint","coordinates":[[-58.737347,-38.203496,-54.435257]]}},
{"type":"Feature","properties":{"id":2401,"tipo":null,"Potencia":null,"Columna":null},"geometry":{"type":"MultiPoint","coordinates":[[-58.737105,-38.20367,-54.09935]]}},
{"type":"Feature","properties":{"id":2402,"tipo":null,"Potencia":null,"Columna":null},"geometry":{"type":"MultiPoint","coordinates":[[-58.73651,-38.204123,-53.847424]]}},
{"type":"Feature","properties":{"id":2403,"tipo":null,"Potencia":null,"Columna":null},"geometry":{"type":"MultiPoint","coordinates":[[-58.736204,-38.204342,-53.567501]]}},
{"type":"Feature","properties":{"id":2404,"tipo":null,"Potencia":null,"Columna":null},"geometry":{"type":"MultiPoint","coordinates":[[-58.736696,-38.204042,-54.090019]]}},
{"type":"Feature","properties":{"id":2405,"tipo":null,"Potencia":null,"Columna":null},"geometry":{"type":"MultiPoint","coordinates":[[-58.736978,-38.20429,-54.090019]]}},
{"type":"Feature","properties":{"id":2406,"tipo":null,"Potencia":null,"Columna":null},"geometry":{"type":"MultiPoint","coordinates":[[-58.73705,-38.204348,-54.090019]]}},
{"type":"Feature","properties":{"id":2407,"tipo":null,"Potencia":null,"Columna":null},"geometry":{"type":"MultiPoint","coordinates":[[-58.737295,-38.204549,-54.090019]]}},
{"type":"Feature","properties":{"id":2408,"tipo":null,"Potencia":null,"Columna":null},"geometry":{"type":"MultiPoint","coordinates":[[-58.737506,-38.204824,-54.090019]]}},
{"type":"Feature","properties":{"id":2409,"tipo":null,"Potencia":null,"Columna":null},"geometry":{"type":"MultiPoint","coordinates":[[-58.737931,-38.204484,-54.090019]]}},
{"type":"Feature","properties":{"id":2410,"tipo":null,"Potencia":null,"Columna":null},"geometry":{"type":"MultiPoint","coordinates":[[-58.737574,-38.203361,-54.090019]]}},
{"type":"Feature","properties":{"id":2411,"tipo":null,"Potencia":null,"Columna":null},"geometry":{"type":"MultiPoint","coordinates":[[-58.738014,-38.203688,-54.090019]]}},
{"type":"Feature","properties":{"id":2412,"tipo":null,"Potencia":null,"Columna":null},"geometry":{"type":"MultiPoint","coordinates":[[-58.742583,-38.207323,-54.090019]]}},
{"type":"Feature","properties":{"id":2413,"tipo":null,"Potencia":null,"Columna":null},"geometry":{"type":"MultiPoint","coordinates":[[-58.741802,-38.206685,-50.936245]]}},
{"type":"Feature","properties":{"id":2414,"tipo":null,"Potencia":null,"Columna":null},"geometry":{"type":"MultiPoint","coordinates":[[-58.743098,-38.205737,-51.552071]]}},
{"type":"Feature","properties":{"id":2415,"tipo":null,"Potencia":null,"Columna":null},"geometry":{"type":"MultiPoint","coordinates":[[-58.74358,-38.205386,-51.234829]]}},
{"type":"Feature","properties":{"id":2416,"tipo":null,"Potencia":null,"Columna":null},"geometry":{"type":"MultiPoint","coordinates":[[-58.746176,-38.203433,-50.70298]]}},
{"type":"Feature","properties":{"id":2417,"tipo":null,"Potencia":null,"Columna":null},"geometry":{"type":"MultiPoint","coordinates":[[-58.747635,-38.209167,-50.040501]]}},
{"type":"Feature","properties":{"id":2418,"tipo":null,"Potencia":null,"Columna":null},"geometry":{"type":"MultiPoint","coordinates":[[-58.742508,-38.204565,-50.124477]]}},
{"type":"Feature","properties":{"id":2419,"tipo":null,"Potencia":null,"Columna":null},"geometry":{"type":"MultiPoint","coordinates":[[-58.741435,-38.205337,-48.827511]]}},
{"type":"Feature","properties":{"id":2420,"tipo":null,"Potencia":null,"Columna":null},"geometry":{"type":"MultiPoint","coordinates":[[-58.740947,-38.205729,-50.889591]]}},
{"type":"Feature","properties":{"id":2421,"tipo":null,"Potencia":null,"Columna":null},"geometry":{"type":"MultiPoint","coordinates":[[-58.739114,-38.203769,-48.043732]]}},
{"type":"Feature","properties":{"id":2422,"tipo":null,"Potencia":null,"Columna":null},"geometry":{"type":"MultiPoint","coordinates":[[-58.741221,-38.202169,-50.516365]]}},
{"type":"Feature","properties":{"id":2423,"tipo":null,"Potencia":null,"Columna":null},"geometry":{"type":"MultiPoint","coordinates":[[-58.741491,-38.201971,-51.626717]]}},
{"type":"Feature","properties":{"id":2424,"tipo":null,"Potencia":null,"Columna":null},"geometry":{"type":"MultiPoint","coordinates":[[-58.737628,-38.199476,-45.375153]]}},
{"type":"Feature","properties":{"id":2425,"tipo":null,"Potencia":null,"Columna":null},"geometry":{"type":"MultiPoint","coordinates":[[-58.737499,-38.199899,-47.698498]]}},
{"type":"Feature","properties":{"id":2426,"tipo":null,"Potencia":null,"Columna":null},"geometry":{"type":"MultiPoint","coordinates":[[-58.737448,-38.20005,-48.053062]]}},
{"type":"Feature","properties":{"id":2427,"tipo":null,"Potencia":null,"Columna":null},"geometry":{"type":"MultiPoint","coordinates":[[-58.737946,-38.197826,-42.706577]]}},
{"type":"Feature","properties":{"id":2428,"tipo":null,"Potencia":null,"Columna":null},"geometry":{"type":"MultiPoint","coordinates":[[-58.738192,-38.197538,-40.579178]]}},
{"type":"Feature","properties":{"id":2429,"tipo":null,"Potencia":null,"Columna":null},"geometry":{"type":"MultiPoint","coordinates":[[-58.738546,-38.19726,-40.47654]]}},
{"type":"Feature","properties":{"id":2430,"tipo":null,"Potencia":null,"Columna":null},"geometry":{"type":"MultiPoint","coordinates":[[-58.738847,-38.197037,-40.47654]]}},
{"type":"Feature","properties":{"id":2431,"tipo":null,"Potencia":null,"Columna":null},"geometry":{"type":"MultiPoint","coordinates":[[-58.73921,-38.196777,-40.47654]]}},
{"type":"Feature","properties":{"id":2432,"tipo":null,"Potencia":null,"Columna":null},"geometry":{"type":"MultiPoint","coordinates":[[-58.739535,-38.196548,-40.47654]]}},
{"type":"Feature","properties":{"id":2433,"tipo":null,"Potencia":null,"Columna":null},"geometry":{"type":"MultiPoint","coordinates":[[-58.739902,-38.196273,-40.467209]]}},
{"type":"Feature","properties":{"id":2434,"tipo":null,"Potencia":null,"Columna":null},"geometry":{"type":"MultiPoint","coordinates":[[-58.740226,-38.196022,-40.467209]]}},
{"type":"Feature","properties":{"id":2435,"tipo":null,"Potencia":null,"Columna":null},"geometry":{"type":"MultiPoint","coordinates":[[-58.740553,-38.195779,-40.467209]]}},
{"type":"Feature","properties":{"id":2436,"tipo":null,"Potencia":null,"Columna":null},"geometry":{"type":"MultiPoint","coordinates":[[-58.740858,-38.195555,-40.467209]]}},
{"type":"Feature","properties":{"id":2437,"tipo":null,"Potencia":null,"Columna":null},"geometry":{"type":"MultiPoint","coordinates":[[-58.741202,-38.195296,-40.467209]]}},
{"type":"Feature","properties":{"id":2438,"tipo":null,"Potencia":null,"Columna":null},"geometry":{"type":"MultiPoint","coordinates":[[-58.741549,-38.195033,-40.467209]]}},
{"type":"Feature","properties":{"id":2439,"tipo":null,"Potencia":null,"Columna":null},"geometry":{"type":"MultiPoint","coordinates":[[-58.741907,-38.194769,-40.47654]]}},
{"type":"Feature","properties":{"id":2440,"tipo":null,"Potencia":null,"Columna":null},"geometry":{"type":"MultiPoint","coordinates":[[-58.742244,-38.194506,-40.47654]]}},
{"type":"Feature","properties":{"id":2441,"tipo":null,"Potencia":null,"Columna":null},"geometry":{"type":"MultiPoint","coordinates":[[-58.742583,-38.194247,-40.467209]]}},
{"type":"Feature","properties":{"id":2442,"tipo":null,"Potencia":null,"Columna":null},"geometry":{"type":"MultiPoint","coordinates":[[-58.742908,-38.194005,-40.467209]]}},
{"type":"Feature","properties":{"id":2443,"tipo":null,"Potencia":null,"Columna":null},"geometry":{"type":"MultiPoint","coordinates":[[-58.743208,-38.19378,-40.467209]]}},
{"type":"Feature","properties":{"id":2444,"tipo":null,"Potencia":null,"Columna":null},"geometry":{"type":"MultiPoint","coordinates":[[-58.743524,-38.193541,-40.467209]]}},
{"type":"Feature","properties":{"id":2445,"tipo":null,"Potencia":null,"Columna":null},"geometry":{"type":"MultiPoint","coordinates":[[-58.743866,-38.193276,-40.467209]]}},
{"type":"Feature","properties":{"id":2446,"tipo":null,"Potencia":null,"Columna":null},"geometry":{"type":"MultiPoint","coordinates":[[-58.744217,-38.193009,-40.457878]]}},
{"type":"Feature","properties":{"id":2447,"tipo":null,"Potencia":null,"Columna":null},"geometry":{"type":"MultiPoint","coordinates":[[-58.744559,-38.192748,-40.457878]]}},
{"type":"Feature","properties":{"id":2448,"tipo":null,"Potencia":null,"Columna":null},"geometry":{"type":"MultiPoint","coordinates":[[-58.744862,-38.192521,-40.457878]]}},
{"type":"Feature","properties":{"id":2449,"tipo":"led 14va","Potencia":120,"Columna":"baja"},"geometry":{"type":"MultiPoint","coordinates":[[-58.745176,-38.19229,-40.457878]]}},
{"type":"Feature","properties":{"id":2450,"tipo":"led 14va","Potencia":120,"Columna":"baja"},"geometry":{"type":"MultiPoint","coordinates":[[-58.745404,-38.192121,-40.457878]]}},
{"type":"Feature","properties":{"id":2451,"tipo":null,"Potencia":null,"Columna":null},"geometry":{"type":"MultiPoint","coordinates":[[-58.765107,-38.176529,-39.580795]]}},
{"type":"Feature","properties":{"id":2452,"tipo":null,"Potencia":null,"Columna":null},"geometry":{"type":"MultiPoint","coordinates":[[-58.765285,-38.176148,-40.280598]]}},
{"type":"Feature","properties":{"id":2453,"tipo":null,"Potencia":null,"Columna":null},"geometry":{"type":"MultiPoint","coordinates":[[-58.765432,-38.175785,-40.355244]]}},
{"type":"Feature","properties":{"id":2454,"tipo":null,"Potencia":null,"Columna":null},"geometry":{"type":"MultiPoint","coordinates":[[-58.765556,-38.175414,-40.364574]]}},
{"type":"Feature","properties":{"id":2455,"tipo":null,"Potencia":null,"Columna":null},"geometry":{"type":"MultiPoint","coordinates":[[-58.76556,-38.175381,-40.364574]]}},
{"type":"Feature","properties":{"id":2456,"tipo":null,"Potencia":null,"Columna":null},"geometry":{"type":"MultiPoint","coordinates":[[-58.765533,-38.17511,-42.678585]]}},
{"type":"Feature","properties":{"id":2457,"tipo":null,"Potencia":null,"Columna":null},"geometry":{"type":"MultiPoint","coordinates":[[-58.765558,-38.174955,-41.94146]]}},
{"type":"Feature","properties":{"id":2458,"tipo":null,"Potencia":null,"Columna":null},"geometry":{"type":"MultiPoint","coordinates":[[-58.765819,-38.174363,-41.474926]]}},
{"type":"Feature","properties":{"id":2459,"tipo":null,"Potencia":null,"Columna":null},"geometry":{"type":"MultiPoint","coordinates":[[-58.765829,-38.174321,-41.390949]]}},
{"type":"Feature","properties":{"id":2460,"tipo":null,"Potencia":null,"Columna":null},"geometry":{"type":"MultiPoint","coordinates":[[-58.76592,-38.173966,-41.876144]]}},
{"type":"Feature","properties":{"id":2461,"tipo":null,"Potencia":null,"Columna":null},"geometry":{"type":"MultiPoint","coordinates":[[-58.765996,-38.173633,-41.876144]]}},
{"type":"Feature","properties":{"id":2462,"tipo":null,"Potencia":null,"Columna":null},"geometry":{"type":"MultiPoint","coordinates":[[-58.766029,-38.173267,-41.876144]]}},
{"type":"Feature","properties":{"id":2463,"tipo":null,"Potencia":null,"Columna":null},"geometry":{"type":"MultiPoint","coordinates":[[-58.765884,-38.174499,-41.185673]]}},
{"type":"Feature","properties":{"id":2464,"tipo":null,"Potencia":null,"Columna":null},"geometry":{"type":"MultiPoint","coordinates":[[-58.765792742095464,-38.17499353444547,-42.128075]]}},
{"type":"Feature","properties":{"id":2465,"tipo":null,"Potencia":null,"Columna":null},"geometry":{"type":"MultiPoint","coordinates":[[-58.765902273187237,-38.174650708403682,-41.848152]]}},
{"type":"Feature","properties":{"id":2466,"tipo":null,"Potencia":null,"Columna":null},"geometry":{"type":"MultiPoint","coordinates":[[-58.765922273187236,-38.174643708403678,-41.848152]]}},
{"type":"Feature","properties":{"id":2467,"tipo":null,"Potencia":null,"Columna":null},"geometry":{"type":"MultiPoint","coordinates":[[-58.766439772888326,-38.174670893728084,-39.851383]]}},
{"type":"Feature","properties":{"id":2468,"tipo":"led","Potencia":null,"Columna":null},"geometry":{"type":"MultiPoint","coordinates":[[-58.768594929520596,-38.174448759603457,-42.100082]]}},
{"type":"Feature","properties":{"id":2469,"tipo":null,"Potencia":null,"Columna":null},"geometry":{"type":"MultiPoint","coordinates":[[-58.76816366029275,-38.174590040599583,-41.633545]]}},
{"type":"Feature","properties":{"id":2470,"tipo":null,"Potencia":null,"Columna":null},"geometry":{"type":"MultiPoint","coordinates":[[-58.7676754374098,-38.174703041607152,-40.037998]]}},
{"type":"Feature","properties":{"id":2471,"tipo":null,"Potencia":null,"Columna":null},"geometry":{"type":"MultiPoint","coordinates":[[-58.767217864854466,-38.174773050215656,-39.767406]]}},
{"type":"Feature","properties":{"id":2472,"tipo":null,"Potencia":null,"Columna":null},"geometry":{"type":"MultiPoint","coordinates":[[-58.766738048909595,-38.174831010994481,-39.75808]]}},
{"type":"Feature","properties":{"id":2473,"tipo":null,"Potencia":null,"Columna":null},"geometry":{"type":"MultiPoint","coordinates":[[-58.76611353565805,-38.174518786982333,-40.159298]]}},
{"type":"Feature","properties":{"id":2474,"tipo":"led","Potencia":null,"Columna":null},"geometry":{"type":"MultiPoint","coordinates":[[-58.774294,-38.156413,31.994942]]}},
{"type":"Feature","properties":{"id":2475,"tipo":"led","Potencia":null,"Columna":null},"geometry":{"type":"MultiPoint","coordinates":[[-58.774019,-38.156181,31.27648]]}},
{"type":"Feature","properties":{"id":2476,"tipo":"led","Potencia":null,"Columna":null},"geometry":{"type":"MultiPoint","coordinates":[[-58.773901,-38.15608,33.907734]]}},
{"type":"Feature","properties":{"id":2477,"tipo":"led","Potencia":null,"Columna":null},"geometry":{"type":"MultiPoint","coordinates":[[-58.77369,-38.155898,32.760059]]}},
{"type":"Feature","properties":{"id":2478,"tipo":"led","Potencia":null,"Columna":null},"geometry":{"type":"MultiPoint","coordinates":[[-58.77346,-38.155708,31.15518]]}},
{"type":"Feature","properties":{"id":2479,"tipo":"led","Potencia":null,"Columna":null},"geometry":{"type":"MultiPoint","coordinates":[[-58.773139,-38.155457,30.996557]]}},
{"type":"Feature","properties":{"id":2480,"tipo":"led","Potencia":null,"Columna":null},"geometry":{"type":"MultiPoint","coordinates":[[-58.772823,-38.155202,32.620098]]}},
{"type":"Feature","properties":{"id":2481,"tipo":"led","Potencia":null,"Columna":null},"geometry":{"type":"MultiPoint","coordinates":[[-58.772647,-38.155044,34.579544]]}},
{"type":"Feature","properties":{"id":2482,"tipo":"led","Potencia":null,"Columna":null},"geometry":{"type":"MultiPoint","coordinates":[[-58.772477,-38.154913,33.450531]]}},
{"type":"Feature","properties":{"id":2483,"tipo":"led","Potencia":null,"Columna":null},"geometry":{"type":"MultiPoint","coordinates":[[-58.772312,-38.154773,31.444431]]}},
{"type":"Feature","properties":{"id":2484,"tipo":"led","Potencia":null,"Columna":null},"geometry":{"type":"MultiPoint","coordinates":[[-58.771833,-38.154377,35.372654]]}},
{"type":"Feature","properties":{"id":2485,"tipo":"led","Potencia":null,"Columna":null},"geometry":{"type":"MultiPoint","coordinates":[[-58.771561,-38.154156,33.627811]]}},
{"type":"Feature","properties":{"id":2486,"tipo":"led","Potencia":null,"Columna":null},"geometry":{"type":"MultiPoint","coordinates":[[-58.771349,-38.153998,31.864313]]}},
{"type":"Feature","properties":{"id":2487,"tipo":"led","Potencia":null,"Columna":null},"geometry":{"type":"MultiPoint","coordinates":[[-58.771175,-38.153862,32.116241]]}},
{"type":"Feature","properties":{"id":2488,"tipo":"led","Potencia":null,"Columna":null},"geometry":{"type":"MultiPoint","coordinates":[[-58.770911,-38.153651,33.273247]]}},
{"type":"Feature","properties":{"id":2489,"tipo":"led","Potencia":null,"Columna":null},"geometry":{"type":"MultiPoint","coordinates":[[-58.770651,-38.153437,31.584393]]}},
{"type":"Feature","properties":{"id":2490,"tipo":"led","Potencia":null,"Columna":null},"geometry":{"type":"MultiPoint","coordinates":[[-58.770396,-38.153246,33.60915]]}},
{"type":"Feature","properties":{"id":2491,"tipo":"led","Potencia":null,"Columna":null},"geometry":{"type":"MultiPoint","coordinates":[[-58.770203,-38.153103,32.265533]]}},
{"type":"Feature","properties":{"id":2492,"tipo":"led","Potencia":null,"Columna":null},"geometry":{"type":"MultiPoint","coordinates":[[-58.769967,-38.152877,33.506516]]}},
{"type":"Feature","properties":{"id":2493,"tipo":"led","Potencia":null,"Columna":null},"geometry":{"type":"MultiPoint","coordinates":[[-58.769754,-38.152704,33.347893]]}},
{"type":"Feature","properties":{"id":2494,"tipo":"led","Potencia":null,"Columna":null},"geometry":{"type":"MultiPoint","coordinates":[[-58.769374,-38.15239,33.935726]]}},
{"type":"Feature","properties":{"id":2495,"tipo":"led","Potencia":null,"Columna":null},"geometry":{"type":"MultiPoint","coordinates":[[-58.768996,-38.152069,34.28096]]}},
{"type":"Feature","properties":{"id":2496,"tipo":null,"Potencia":null,"Columna":null},"geometry":{"type":"MultiPoint","coordinates":[[-58.768677,-38.151816,34.327614]]}},
{"type":"Feature","properties":{"id":2497,"tipo":null,"Potencia":null,"Columna":null},"geometry":{"type":"MultiPoint","coordinates":[[-58.768393,-38.15159,33.702457]]}},
{"type":"Feature","properties":{"id":2498,"tipo":null,"Potencia":null,"Columna":null},"geometry":{"type":"MultiPoint","coordinates":[[-58.768178,-38.151421,32.39616]]}},
{"type":"Feature","properties":{"id":2499,"tipo":null,"Potencia":null,"Columna":null},"geometry":{"type":"MultiPoint","coordinates":[[-58.767852,-38.151151,34.252968]]}},
{"type":"Feature","properties":{"id":2500,"tipo":null,"Potencia":null,"Columna":null},"geometry":{"type":"MultiPoint","coordinates":[[-58.767667,-38.151008,33.31057]]}},
{"type":"Feature","properties":{"id":2501,"tipo":null,"Potencia":null,"Columna":null},"geometry":{"type":"MultiPoint","coordinates":[[-58.767358,-38.150751,33.534508]]}},
{"type":"Feature","properties":{"id":2502,"tipo":null,"Potencia":null,"Columna":null},"geometry":{"type":"MultiPoint","coordinates":[[-58.767154,-38.15063,32.816044]]}},
{"type":"Feature","properties":{"id":2503,"tipo":null,"Potencia":null,"Columna":null},"geometry":{"type":"MultiPoint","coordinates":[[-58.766922,-38.150443,32.592106]]}},
{"type":"Feature","properties":{"id":2504,"tipo":null,"Potencia":null,"Columna":null},"geometry":{"type":"MultiPoint","coordinates":[[-58.766681,-38.15025,33.422539]]}},
{"type":"Feature","properties":{"id":2505,"tipo":null,"Potencia":null,"Columna":null},"geometry":{"type":"MultiPoint","coordinates":[[-58.766428,-38.150032,33.478523]]}},
{"type":"Feature","properties":{"id":2506,"tipo":null,"Potencia":null,"Columna":null},"geometry":{"type":"MultiPoint","coordinates":[[-58.765922,-38.149612,33.963718]]}},
{"type":"Feature","properties":{"id":2507,"tipo":null,"Potencia":null,"Columna":null},"geometry":{"type":"MultiPoint","coordinates":[[-58.765399,-38.149143,37.50938]]}},
{"type":"Feature","properties":{"id":2508,"tipo":null,"Potencia":null,"Columna":null},"geometry":{"type":"MultiPoint","coordinates":[[-58.765061,-38.148887,37.50938]]}},
{"type":"Feature","properties":{"id":2509,"tipo":null,"Potencia":null,"Columna":null},"geometry":{"type":"MultiPoint","coordinates":[[-58.76458,-38.148546,37.50938]]}},
{"type":"Feature","properties":{"id":2510,"tipo":null,"Potencia":null,"Columna":null},"geometry":{"type":"MultiPoint","coordinates":[[-58.764214,-38.148199,37.50938]]}},
{"type":"Feature","properties":{"id":2511,"tipo":null,"Potencia":null,"Columna":null},"geometry":{"type":"MultiPoint","coordinates":[[-58.763803,-38.147857,37.50938]]}},
{"type":"Feature","properties":{"id":2512,"tipo":null,"Potencia":null,"Columna":null},"geometry":{"type":"MultiPoint","coordinates":[[-58.763359,-38.147493,37.50938]]}},
{"type":"Feature","properties":{"id":2513,"tipo":null,"Potencia":null,"Columna":null},"geometry":{"type":"MultiPoint","coordinates":[[-58.762938,-38.147147,37.50938]]}},
{"type":"Feature","properties":{"id":2514,"tipo":null,"Potencia":null,"Columna":null},"geometry":{"type":"MultiPoint","coordinates":[[-58.76252,-38.146803,37.50938]]}},
{"type":"Feature","properties":{"id":2515,"tipo":null,"Potencia":null,"Columna":null},"geometry":{"type":"MultiPoint","coordinates":[[-58.762115,-38.146472,37.50938]]}},
{"type":"Feature","properties":{"id":2516,"tipo":null,"Potencia":null,"Columna":null},"geometry":{"type":"MultiPoint","coordinates":[[-58.761683,-38.146117,37.50938]]}},
{"type":"Feature","properties":{"id":2517,"tipo":null,"Potencia":null,"Columna":null},"geometry":{"type":"MultiPoint","coordinates":[[-58.761241,-38.145763,37.50938]]}},
{"type":"Feature","properties":{"id":2518,"tipo":null,"Potencia":null,"Columna":null},"geometry":{"type":"MultiPoint","coordinates":[[-58.760795,-38.145398,37.50938]]}},
{"type":"Feature","properties":{"id":2519,"tipo":null,"Potencia":null,"Columna":null},"geometry":{"type":"MultiPoint","coordinates":[[-58.760386,-38.145063,37.518711]]}},
{"type":"Feature","properties":{"id":2520,"tipo":null,"Potencia":null,"Columna":null},"geometry":{"type":"MultiPoint","coordinates":[[-58.759945,-38.144699,37.518711]]}},
{"type":"Feature","properties":{"id":2521,"tipo":null,"Potencia":null,"Columna":null},"geometry":{"type":"MultiPoint","coordinates":[[-58.759518,-38.14435,37.518711]]}},
{"type":"Feature","properties":{"id":2522,"tipo":null,"Potencia":null,"Columna":null},"geometry":{"type":"MultiPoint","coordinates":[[-58.759094,-38.144003,37.518711]]}},
{"type":"Feature","properties":{"id":2523,"tipo":null,"Potencia":null,"Columna":null},"geometry":{"type":"MultiPoint","coordinates":[[-58.75862,-38.143616,37.518711]]}},
{"type":"Feature","properties":{"id":2524,"tipo":null,"Potencia":null,"Columna":null},"geometry":{"type":"MultiPoint","coordinates":[[-58.758225,-38.143298,37.518711]]}},
{"type":"Feature","properties":{"id":2525,"tipo":null,"Potencia":null,"Columna":null},"geometry":{"type":"MultiPoint","coordinates":[[-58.757787,-38.142941,37.518711]]}},
{"type":"Feature","properties":{"id":2526,"tipo":null,"Potencia":null,"Columna":null},"geometry":{"type":"MultiPoint","coordinates":[[-58.757402,-38.142632,37.518711]]}},
{"type":"Feature","properties":{"id":2527,"tipo":null,"Potencia":null,"Columna":null},"geometry":{"type":"MultiPoint","coordinates":[[-58.757135,-38.142413,37.518711]]}},
{"type":"Feature","properties":{"id":2528,"tipo":null,"Potencia":null,"Columna":null},"geometry":{"type":"MultiPoint","coordinates":[[-58.756878,-38.142178,37.518711]]}},
{"type":"Feature","properties":{"id":2529,"tipo":null,"Potencia":null,"Columna":null},"geometry":{"type":"MultiPoint","coordinates":[[-58.756619,-38.141975,37.518711]]}},
{"type":"Feature","properties":{"id":2530,"tipo":null,"Potencia":null,"Columna":null},"geometry":{"type":"MultiPoint","coordinates":[[-58.756342,-38.141759,37.518711]]}},
{"type":"Feature","properties":{"id":2531,"tipo":null,"Potencia":null,"Columna":null},"geometry":{"type":"MultiPoint","coordinates":[[-58.756101,-38.141552,37.518711]]}},
{"type":"Feature","properties":{"id":2532,"tipo":null,"Potencia":null,"Columna":null},"geometry":{"type":"MultiPoint","coordinates":[[-58.755587,-38.141135,37.518711]]}},
{"type":"Feature","properties":{"id":2533,"tipo":null,"Potencia":null,"Columna":null},"geometry":{"type":"MultiPoint","coordinates":[[-58.75531,-38.140905,37.518711]]}},
{"type":"Feature","properties":{"id":2534,"tipo":null,"Potencia":null,"Columna":null},"geometry":{"type":"MultiPoint","coordinates":[[-58.755084,-38.140728,37.518711]]}},
{"type":"Feature","properties":{"id":2535,"tipo":null,"Potencia":null,"Columna":null},"geometry":{"type":"MultiPoint","coordinates":[[-58.754871,-38.140549,37.518711]]}},
{"type":"Feature","properties":{"id":2536,"tipo":null,"Potencia":null,"Columna":null},"geometry":{"type":"MultiPoint","coordinates":[[-58.754749,-38.140445,37.518711]]}},
{"type":"Feature","properties":{"id":2537,"tipo":null,"Potencia":null,"Columna":null},"geometry":{"type":"MultiPoint","coordinates":[[-58.754569,-38.140315,37.518711]]}},
{"type":"Feature","properties":{"id":2538,"tipo":null,"Potencia":null,"Columna":null},"geometry":{"type":"MultiPoint","coordinates":[[-58.754461,-38.140275,37.518711]]}},
{"type":"Feature","properties":{"id":2539,"tipo":null,"Potencia":null,"Columna":null},"geometry":{"type":"MultiPoint","coordinates":[[-58.754353,-38.140289,37.518711]]}},
{"type":"Feature","properties":{"id":2540,"tipo":null,"Potencia":null,"Columna":null},"geometry":{"type":"MultiPoint","coordinates":[[-58.754292,-38.140391,35.07407]]}},
{"type":"Feature","properties":{"id":2541,"tipo":null,"Potencia":null,"Columna":null},"geometry":{"type":"MultiPoint","coordinates":[[-58.754057,-38.139949,36.501667]]}},
{"type":"Feature","properties":{"id":2542,"tipo":null,"Potencia":null,"Columna":null},"geometry":{"type":"MultiPoint","coordinates":[[-58.754028,-38.139752,37.677334]]}},
{"type":"Feature","properties":{"id":2543,"tipo":null,"Potencia":null,"Columna":null},"geometry":{"type":"MultiPoint","coordinates":[[-58.735992,-38.152125,37.779972]]}},
{"type":"Feature","properties":{"id":2544,"tipo":null,"Potencia":null,"Columna":null},"geometry":{"type":"MultiPoint","coordinates":[[-58.735436,-38.15255,35.223362]]}},
{"type":"Feature","properties":{"id":2545,"tipo":null,"Potencia":null,"Columna":null},"geometry":{"type":"MultiPoint","coordinates":[[-58.741313,-38.148123,41.260319]]}},
{"type":"Feature","properties":{"id":2546,"tipo":null,"Potencia":null,"Columna":null},"geometry":{"type":"MultiPoint","coordinates":[[-58.741479,-38.148002,35.428638]]}},
{"type":"Feature","properties":{"id":2547,"tipo":null,"Potencia":null,"Columna":null},"geometry":{"type":"MultiPoint","coordinates":[[-58.753269,-38.139333,42.389332]]}},
{"type":"Feature","properties":{"id":2548,"tipo":null,"Potencia":null,"Columna":null},"geometry":{"type":"MultiPoint","coordinates":[[-58.753388,-38.139274,38.769024]]}},
{"type":"Feature","properties":{"id":2549,"tipo":"led","Potencia":null,"Columna":null},"geometry":{"type":"MultiPoint","coordinates":[[-58.753898,-38.138314,38.619732]]}},
{"type":"Feature","properties":{"id":2550,"tipo":null,"Potencia":null,"Columna":null},"geometry":{"type":"MultiPoint","coordinates":[[-58.768651,-38.154188,34.579544]]}},
{"type":"Feature","properties":{"id":2551,"tipo":null,"Potencia":null,"Columna":null},"geometry":{"type":"MultiPoint","coordinates":[[-58.768315,-38.154424,33.226593]]}},
{"type":"Feature","properties":{"id":2552,"tipo":null,"Potencia":null,"Columna":null},"geometry":{"type":"MultiPoint","coordinates":[[-58.767891,-38.154743,32.732067]]}},
{"type":"Feature","properties":{"id":2553,"tipo":null,"Potencia":null,"Columna":null},"geometry":{"type":"MultiPoint","coordinates":[[-58.767407,-38.155102,32.76939]]}},
{"type":"Feature","properties":{"id":2554,"tipo":null,"Potencia":null,"Columna":null},"geometry":{"type":"MultiPoint","coordinates":[[-58.766785,-38.155571,35.755211]]}},
{"type":"Feature","properties":{"id":2555,"tipo":null,"Potencia":null,"Columna":null},"geometry":{"type":"MultiPoint","coordinates":[[-58.7662,-38.156008,35.764542]]}},
{"type":"Feature","properties":{"id":2556,"tipo":null,"Potencia":null,"Columna":null},"geometry":{"type":"MultiPoint","coordinates":[[-58.766373,-38.158783,35.764542]]}},
{"type":"Feature","properties":{"id":2557,"tipo":null,"Potencia":null,"Columna":null},"geometry":{"type":"MultiPoint","coordinates":[[-58.766918,-38.158359,35.764542]]}},
{"type":"Feature","properties":{"id":2558,"tipo":null,"Potencia":null,"Columna":null},"geometry":{"type":"MultiPoint","coordinates":[[-58.767429,-38.157968,35.764542]]}},
{"type":"Feature","properties":{"id":2559,"tipo":null,"Potencia":null,"Columna":null},"geometry":{"type":"MultiPoint","coordinates":[[-58.767952,-38.15757,35.755211]]}},
{"type":"Feature","properties":{"id":2560,"tipo":null,"Potencia":null,"Columna":null},"geometry":{"type":"MultiPoint","coordinates":[[-58.768483,-38.157162,35.755211]]}},
{"type":"Feature","properties":{"id":2561,"tipo":null,"Potencia":null,"Columna":null},"geometry":{"type":"MultiPoint","coordinates":[[-58.769207,-38.156615,35.755211]]}},
{"type":"Feature","properties":{"id":2562,"tipo":null,"Potencia":null,"Columna":null},"geometry":{"type":"MultiPoint","coordinates":[[-58.769611,-38.15626,35.755211]]}},
{"type":"Feature","properties":{"id":2563,"tipo":null,"Potencia":null,"Columna":null},"geometry":{"type":"MultiPoint","coordinates":[[-58.769939,-38.156082,35.755211]]}},
{"type":"Feature","properties":{"id":2564,"tipo":null,"Potencia":null,"Columna":null},"geometry":{"type":"MultiPoint","coordinates":[[-58.770119,-38.15595,35.755211]]}},
{"type":"Feature","properties":{"id":2565,"tipo":null,"Potencia":null,"Columna":null},"geometry":{"type":"MultiPoint","coordinates":[[-58.770587,-38.155603,35.755211]]}},
{"type":"Feature","properties":{"id":2566,"tipo":null,"Potencia":null,"Columna":null},"geometry":{"type":"MultiPoint","coordinates":[[-58.770879,-38.155377,35.755211]]}},
{"type":"Feature","properties":{"id":2567,"tipo":null,"Potencia":null,"Columna":null},"geometry":{"type":"MultiPoint","coordinates":[[-58.771013,-38.155192,35.755211]]}},
{"type":"Feature","properties":{"id":2568,"tipo":null,"Potencia":null,"Columna":null},"geometry":{"type":"MultiPoint","coordinates":[[-58.771272,-38.154992,35.755211]]}},
{"type":"Feature","properties":{"id":2569,"tipo":null,"Potencia":null,"Columna":null},"geometry":{"type":"MultiPoint","coordinates":[[-58.771654,-38.154699,35.755211]]}},
{"type":"Feature","properties":{"id":2570,"tipo":null,"Potencia":null,"Columna":null},"geometry":{"type":"MultiPoint","coordinates":[[-58.769825,-38.15463,35.755211]]}},
{"type":"Feature","properties":{"id":2571,"tipo":null,"Potencia":null,"Columna":null},"geometry":{"type":"MultiPoint","coordinates":[[-58.769452,-38.154972,35.755211]]}},
{"type":"Feature","properties":{"id":2572,"tipo":null,"Potencia":null,"Columna":null},"geometry":{"type":"MultiPoint","coordinates":[[-58.769198,-38.155107,32.256203]]}},
{"type":"Feature","properties":{"id":2573,"tipo":null,"Potencia":null,"Columna":null},"geometry":{"type":"MultiPoint","coordinates":[[-58.769574,-38.157063,34.766159]]}},
{"type":"Feature","properties":{"id":2574,"tipo":null,"Potencia":null,"Columna":null},"geometry":{"type":"MultiPoint","coordinates":[[-58.769822,-38.157306,33.543839]]}},
{"type":"Feature","properties":{"id":2575,"tipo":null,"Potencia":null,"Columna":null},"geometry":{"type":"MultiPoint","coordinates":[[-58.770264,-38.15763,32.470806]]}},
{"type":"Feature","properties":{"id":2576,"tipo":null,"Potencia":null,"Columna":null},"geometry":{"type":"MultiPoint","coordinates":[[-58.770506,-38.157806,33.123955]]}},
{"type":"Feature","properties":{"id":2577,"tipo":null,"Potencia":null,"Columna":null},"geometry":{"type":"MultiPoint","coordinates":[[-58.770729,-38.158046,32.51746]]}},
{"type":"Feature","properties":{"id":2578,"tipo":null,"Potencia":null,"Columna":null},"geometry":{"type":"MultiPoint","coordinates":[[-58.771122,-38.158321,31.808329]]}},
{"type":"Feature","properties":{"id":2579,"tipo":null,"Potencia":null,"Columna":null},"geometry":{"type":"MultiPoint","coordinates":[[-58.771256,-38.15841,31.407108]]}},
{"type":"Feature","properties":{"id":2580,"tipo":null,"Potencia":null,"Columna":null},"geometry":{"type":"MultiPoint","coordinates":[[-58.771566,-38.158167,32.060257]]}},
{"type":"Feature","properties":{"id":2581,"tipo":null,"Potencia":null,"Columna":null},"geometry":{"type":"MultiPoint","coordinates":[[-58.771882,-38.157922,33.030647]]}},
{"type":"Feature","properties":{"id":2582,"tipo":null,"Potencia":null,"Columna":null},"geometry":{"type":"MultiPoint","coordinates":[[-58.772171,-38.157692,34.812813]]}},
{"type":"Feature","properties":{"id":2583,"tipo":null,"Potencia":null,"Columna":null},"geometry":{"type":"MultiPoint","coordinates":[[-58.772473,-38.157407,33.151947]]}},
{"type":"Feature","properties":{"id":2584,"tipo":null,"Potencia":null,"Columna":null},"geometry":{"type":"MultiPoint","coordinates":[[-58.772754,-38.157149,33.525177]]}},
{"type":"Feature","properties":{"id":2585,"tipo":null,"Potencia":null,"Columna":null},"geometry":{"type":"MultiPoint","coordinates":[[-58.77305,-38.156887,33.329231]]}},
{"type":"Feature","properties":{"id":2586,"tipo":null,"Potencia":null,"Columna":null},"geometry":{"type":"MultiPoint","coordinates":[[-58.773341,-38.15666,33.683796]]}},
{"type":"Feature","properties":{"id":2587,"tipo":null,"Potencia":null,"Columna":null},"geometry":{"type":"MultiPoint","coordinates":[[-58.773674,-38.156394,34.327614]]}},
{"type":"Feature","properties":{"id":2588,"tipo":null,"Potencia":null,"Columna":null},"geometry":{"type":"MultiPoint","coordinates":[[-58.772806,-38.156697,35.027416]]}},
{"type":"Feature","properties":{"id":2589,"tipo":null,"Potencia":null,"Columna":null},"geometry":{"type":"MultiPoint","coordinates":[[-58.77254,-38.156535,35.036747]]}},
{"type":"Feature","properties":{"id":2590,"tipo":null,"Potencia":null,"Columna":null},"geometry":{"type":"MultiPoint","coordinates":[[-58.77229,-38.156264,35.036747]]}},
{"type":"Feature","properties":{"id":2591,"tipo":null,"Potencia":null,"Columna":null},"geometry":{"type":"MultiPoint","coordinates":[[-58.77179,-38.155915,35.036747]]}},
{"type":"Feature","properties":{"id":2592,"tipo":null,"Potencia":null,"Columna":null},"geometry":{"type":"MultiPoint","coordinates":[[-58.771467,-38.155675,35.036747]]}},
{"type":"Feature","properties":{"id":2593,"tipo":null,"Potencia":null,"Columna":null},"geometry":{"type":"MultiPoint","coordinates":[[-58.77094,-38.155177,35.036747]]}},
{"type":"Feature","properties":{"id":2594,"tipo":null,"Potencia":null,"Columna":null},"geometry":{"type":"MultiPoint","coordinates":[[-58.770661,-38.154968,35.036747]]}},
{"type":"Feature","properties":{"id":2595,"tipo":null,"Potencia":null,"Columna":null},"geometry":{"type":"MultiPoint","coordinates":[[-58.770445,-38.15476,35.036747]]}},
{"type":"Feature","properties":{"id":2596,"tipo":null,"Potencia":null,"Columna":null},"geometry":{"type":"MultiPoint","coordinates":[[-58.770185,-38.154549,35.036747]]}},
{"type":"Feature","properties":{"id":2597,"tipo":null,"Potencia":null,"Columna":null},"geometry":{"type":"MultiPoint","coordinates":[[-58.769928,-38.154406,35.036747]]}},
{"type":"Feature","properties":{"id":2598,"tipo":null,"Potencia":null,"Columna":null},"geometry":{"type":"MultiPoint","coordinates":[[-58.769777,-38.154234,35.036747]]}},
{"type":"Feature","properties":{"id":2599,"tipo":null,"Potencia":null,"Columna":null},"geometry":{"type":"MultiPoint","coordinates":[[-58.769622,-38.154103,35.036747]]}},
{"type":"Feature","properties":{"id":2600,"tipo":null,"Potencia":null,"Columna":null},"geometry":{"type":"MultiPoint","coordinates":[[-58.769242,-38.153819,35.036747]]}},
{"type":"Feature","properties":{"id":2601,"tipo":null,"Potencia":null,"Columna":null},"geometry":{"type":"MultiPoint","coordinates":[[-58.768598,-38.154763,35.036747]]}},
{"type":"Feature","properties":{"id":2602,"tipo":null,"Potencia":null,"Columna":null},"geometry":{"type":"MultiPoint","coordinates":[[-58.768769,-38.154907,35.036747]]}},
{"type":"Feature","properties":{"id":2603,"tipo":null,"Potencia":null,"Columna":null},"geometry":{"type":"MultiPoint","coordinates":[[-58.769521,-38.155517,35.036747]]}},
{"type":"Feature","properties":{"id":2604,"tipo":null,"Potencia":null,"Columna":null},"geometry":{"type":"MultiPoint","coordinates":[[-58.770668,-38.156472,35.036747]]}},
{"type":"Feature","properties":{"id":2605,"tipo":null,"Potencia":null,"Columna":null},"geometry":{"type":"MultiPoint","coordinates":[[-58.771024,-38.156743,35.036747]]}},
{"type":"Feature","properties":{"id":2606,"tipo":null,"Potencia":null,"Columna":null},"geometry":{"type":"MultiPoint","coordinates":[[-58.771298,-38.156962,35.036747]]}},
{"type":"Feature","properties":{"id":2607,"tipo":null,"Potencia":null,"Columna":null},"geometry":{"type":"MultiPoint","coordinates":[[-58.771547,-38.157159,35.036747]]}},
{"type":"Feature","properties":{"id":2608,"tipo":null,"Potencia":null,"Columna":null},"geometry":{"type":"MultiPoint","coordinates":[[-58.771772,-38.157361,35.036747]]}},
{"type":"Feature","properties":{"id":2609,"tipo":null,"Potencia":null,"Columna":null},"geometry":{"type":"MultiPoint","coordinates":[[-58.769004,-38.156577,35.036747]]}},
{"type":"Feature","properties":{"id":2610,"tipo":null,"Potencia":null,"Columna":null},"geometry":{"type":"MultiPoint","coordinates":[[-58.770278,-38.157251,35.036747]]}},
{"type":"Feature","properties":{"id":2611,"tipo":null,"Potencia":null,"Columna":null},"geometry":{"type":"MultiPoint","coordinates":[[-58.77082,-38.15683,35.036747]]}},
{"type":"Feature","properties":{"id":2612,"tipo":null,"Potencia":null,"Columna":null},"geometry":{"type":"MultiPoint","coordinates":[[-58.771244,-38.156503,35.036747]]}},
{"type":"Feature","properties":{"id":2613,"tipo":null,"Potencia":null,"Columna":null},"geometry":{"type":"MultiPoint","coordinates":[[-58.771501,-38.156302,35.036747]]}},
{"type":"Feature","properties":{"id":2614,"tipo":null,"Potencia":null,"Columna":null},"geometry":{"type":"MultiPoint","coordinates":[[-58.772041,-38.155881,35.036747]]}},
{"type":"Feature","properties":{"id":2615,"tipo":null,"Potencia":null,"Columna":null},"geometry":{"type":"MultiPoint","coordinates":[[-58.772278,-38.1557,35.027416]]}},
{"type":"Feature","properties":{"id":2616,"tipo":null,"Potencia":null,"Columna":null},"geometry":{"type":"MultiPoint","coordinates":[[-58.7697,-38.159422,35.036747]]}},
{"type":"Feature","properties":{"id":2617,"tipo":null,"Potencia":null,"Columna":null},"geometry":{"type":"MultiPoint","coordinates":[[-58.769581,-38.159268,35.036747]]}},
{"type":"Feature","properties":{"id":2618,"tipo":null,"Potencia":null,"Columna":null},"geometry":{"type":"MultiPoint","coordinates":[[-58.769299,-38.159032,35.036747]]}},
{"type":"Feature","properties":{"id":2619,"tipo":null,"Potencia":null,"Columna":null},"geometry":{"type":"MultiPoint","coordinates":[[-58.768737,-38.158619,34.234306]]}},
{"type":"Feature","properties":{"id":2620,"tipo":"led","Potencia":null,"Columna":null},"geometry":{"type":"MultiPoint","coordinates":[[-58.774034,-38.156084,36.361706]]}},
{"type":"Feature","properties":{"id":2621,"tipo":"led","Potencia":null,"Columna":null},"geometry":{"type":"MultiPoint","coordinates":[[-58.774042,-38.15608,36.361706]]}},
{"type":"Feature","properties":{"id":2622,"tipo":"led","Potencia":null,"Columna":null},"geometry":{"type":"MultiPoint","coordinates":[[-58.774324,-38.156253,36.846901]]}},
{"type":"Feature","properties":{"id":2638,"tipo":null,"Potencia":null,"Columna":null},"geometry":{"type":"MultiPoint","coordinates":[[-58.784465,-38.148851,37.332096]]}},
{"type":"Feature","properties":{"id":2644,"tipo":null,"Potencia":null,"Columna":null},"geometry":{"type":"MultiPoint","coordinates":[[-58.789874,-38.154079,42.090752]]}},
{"type":"Feature","properties":{"id":2645,"tipo":null,"Potencia":null,"Columna":null},"geometry":{"type":"MultiPoint","coordinates":[[-58.766387359569379,-38.174774171184929,0.0]]}},
{"type":"Feature","properties":{"id":2646,"tipo":null,"Potencia":null,"Columna":null},"geometry":{"type":"MultiPoint","coordinates":[[-58.782249,-38.175029,60.84544]]}},
{"type":"Feature","properties":{"id":2647,"tipo":null,"Potencia":null,"Columna":null},"geometry":{"type":"MultiPoint","coordinates":[[-58.782829,-38.175458,60.84544]]}},
{"type":"Feature","properties":{"id":2648,"tipo":null,"Potencia":null,"Columna":null},"geometry":{"type":"MultiPoint","coordinates":[[-58.783101,-38.175667,60.84544]]}},
{"type":"Feature","properties":{"id":2649,"tipo":null,"Potencia":null,"Columna":null},"geometry":{"type":"MultiPoint","coordinates":[[-58.783476,-38.175945,60.836109]]}},
{"type":"Feature","properties":{"id":2650,"tipo":null,"Potencia":null,"Columna":null},"geometry":{"type":"MultiPoint","coordinates":[[-58.784123,-38.176437,60.836109]]}},
{"type":"Feature","properties":{"id":2651,"tipo":null,"Potencia":null,"Columna":null},"geometry":{"type":"MultiPoint","coordinates":[[-58.785083,-38.1772,60.836109]]}},
{"type":"Feature","properties":{"id":2652,"tipo":null,"Potencia":null,"Columna":null},"geometry":{"type":"MultiPoint","coordinates":[[-58.786908,-38.17867,60.836109]]}},
{"type":"Feature","properties":{"id":2653,"tipo":null,"Potencia":null,"Columna":null},"geometry":{"type":"MultiPoint","coordinates":[[-58.787558,-38.179184,60.836109]]}},
{"type":"Feature","properties":{"id":2654,"tipo":null,"Potencia":null,"Columna":null},"geometry":{"type":"MultiPoint","coordinates":[[-58.785514,-38.180533,60.84544]]}},
{"type":"Feature","properties":{"id":2655,"tipo":null,"Potencia":null,"Columna":null},"geometry":{"type":"MultiPoint","coordinates":[[-58.783312,-38.178748,60.84544]]}},
{"type":"Feature","properties":{"id":2656,"tipo":null,"Potencia":null,"Columna":null},"geometry":{"type":"MultiPoint","coordinates":[[-58.782791,-38.178295,60.84544]]}},
{"type":"Feature","properties":{"id":2657,"tipo":null,"Potencia":null,"Columna":null},"geometry":{"type":"MultiPoint","coordinates":[[-58.783533,-38.175911,62.151737]]}},
{"type":"Feature","properties":{"id":2658,"tipo":null,"Potencia":null,"Columna":null},"geometry":{"type":"MultiPoint","coordinates":[[-58.784775,-38.173944,60.910755]]}},
{"type":"Feature","properties":{"id":2659,"tipo":null,"Potencia":null,"Columna":null},"geometry":{"type":"MultiPoint","coordinates":[[-58.785549,-38.174568,61.573235]]}},
{"type":"Feature","properties":{"id":2660,"tipo":null,"Potencia":null,"Columna":null},"geometry":{"type":"MultiPoint","coordinates":[[-58.786013,-38.174941,62.011776]]}},
{"type":"Feature","properties":{"id":2661,"tipo":null,"Potencia":null,"Columna":null},"geometry":{"type":"MultiPoint","coordinates":[[-58.78633,-38.175151,61.703865]]}},
{"type":"Feature","properties":{"id":2662,"tipo":null,"Potencia":null,"Columna":null},"geometry":{"type":"MultiPoint","coordinates":[[-58.786854,-38.175607,61.050716]]}},
{"type":"Feature","properties":{"id":2663,"tipo":null,"Potencia":null,"Columna":null},"geometry":{"type":"MultiPoint","coordinates":[[-58.7874,-38.176049,62.468983]]}},
{"type":"Feature","properties":{"id":2664,"tipo":null,"Potencia":null,"Columna":null},"geometry":{"type":"MultiPoint","coordinates":[[-58.787921,-38.176442,61.797173]]}},
{"type":"Feature","properties":{"id":2665,"tipo":null,"Potencia":null,"Columna":null},"geometry":{"type":"MultiPoint","coordinates":[[-58.788454,-38.176877,61.63855]]}},
{"type":"Feature","properties":{"id":2666,"tipo":null,"Potencia":null,"Columna":null},"geometry":{"type":"MultiPoint","coordinates":[[-58.788977,-38.177307,63.010162]]}},
{"type":"Feature","properties":{"id":2667,"tipo":null,"Potencia":null,"Columna":null},"geometry":{"type":"MultiPoint","coordinates":[[-58.784859,-38.183006,61.470596]]}},
{"type":"Feature","properties":{"id":2668,"tipo":null,"Potencia":null,"Columna":null},"geometry":{"type":"MultiPoint","coordinates":[[-58.785377,-38.183397,61.470596]]}},
{"type":"Feature","properties":{"id":2669,"tipo":null,"Potencia":null,"Columna":null},"geometry":{"type":"MultiPoint","coordinates":[[-58.785809,-38.183733,61.470596]]}},
{"type":"Feature","properties":{"id":2670,"tipo":null,"Potencia":null,"Columna":null},"geometry":{"type":"MultiPoint","coordinates":[[-58.786227,-38.184067,61.470596]]}},
{"type":"Feature","properties":{"id":2671,"tipo":null,"Potencia":null,"Columna":null},"geometry":{"type":"MultiPoint","coordinates":[[-58.786915,-38.184613,61.470596]]}},
{"type":"Feature","properties":{"id":2672,"tipo":null,"Potencia":null,"Columna":null},"geometry":{"type":"MultiPoint","coordinates":[[-58.776818,-38.185231,60.602844]]}},
{"type":"Feature","properties":{"id":2673,"tipo":null,"Potencia":null,"Columna":null},"geometry":{"type":"MultiPoint","coordinates":[[-58.774538,-38.183589,64.91362]]}},
{"type":"Feature","properties":{"id":2674,"tipo":null,"Potencia":null,"Columna":null},"geometry":{"type":"MultiPoint","coordinates":[[-58.774318,-38.183758,63.719296]]}},
{"type":"Feature","properties":{"id":2675,"tipo":null,"Potencia":null,"Columna":null},"geometry":{"type":"MultiPoint","coordinates":[[-58.774047,-38.18397,62.776894]]}},
{"type":"Feature","properties":{"id":2676,"tipo":null,"Potencia":null,"Columna":null},"geometry":{"type":"MultiPoint","coordinates":[[-58.77476,-38.183419,64.68969]]}},
{"type":"Feature","properties":{"id":2677,"tipo":null,"Potencia":null,"Columna":null},"geometry":{"type":"MultiPoint","coordinates":[[-58.775966,-38.182523,65.118896]]}},
{"type":"Feature","properties":{"id":2678,"tipo":null,"Potencia":null,"Columna":null},"geometry":{"type":"MultiPoint","coordinates":[[-58.776555,-38.182069,60.808117]]}},
{"type":"Feature","properties":{"id":2679,"tipo":null,"Potencia":null,"Columna":null},"geometry":{"type":"MultiPoint","coordinates":[[-58.77801,-38.180974,62.86087]]}},
{"type":"Feature","properties":{"id":2680,"tipo":null,"Potencia":null,"Columna":null},"geometry":{"type":"MultiPoint","coordinates":[[-58.77832,-38.180734,64.223152]]}},
{"type":"Feature","properties":{"id":2681,"tipo":null,"Potencia":null,"Columna":null},"geometry":{"type":"MultiPoint","coordinates":[[-58.778747,-38.180399,65.352165]]}},
{"type":"Feature","properties":{"id":2682,"tipo":null,"Potencia":null,"Columna":null},"geometry":{"type":"MultiPoint","coordinates":[[-58.779203,-38.180053,62.123745]]}},
{"type":"Feature","properties":{"id":2683,"tipo":null,"Potencia":null,"Columna":null},"geometry":{"type":"MultiPoint","coordinates":[[-58.779898,-38.179531,62.935516]]}},
{"type":"Feature","properties":{"id":2684,"tipo":null,"Potencia":null,"Columna":null},"geometry":{"type":"MultiPoint","coordinates":[[-58.780826,-38.17961,64.475082]]}},
{"type":"Feature","properties":{"id":2685,"tipo":null,"Potencia":null,"Columna":null},"geometry":{"type":"MultiPoint","coordinates":[[-58.782243,-38.183827,64.428429]]}},
{"type":"Feature","properties":{"id":2686,"tipo":null,"Potencia":null,"Columna":null},"geometry":{"type":"MultiPoint","coordinates":[[-58.781617,-38.183346,64.91362]]}},
{"type":"Feature","properties":{"id":2687,"tipo":null,"Potencia":null,"Columna":null},"geometry":{"type":"MultiPoint","coordinates":[[-58.781072,-38.182891,62.86087]]}},
{"type":"Feature","properties":{"id":2688,"tipo":null,"Potencia":null,"Columna":null},"geometry":{"type":"MultiPoint","coordinates":[[-58.780582,-38.1825,64.288467]]}},
{"type":"Feature","properties":{"id":2689,"tipo":null,"Potencia":null,"Columna":null},"geometry":{"type":"MultiPoint","coordinates":[[-58.780243,-38.182221,59.828396]]}},
{"type":"Feature","properties":{"id":2690,"tipo":null,"Potencia":null,"Columna":null},"geometry":{"type":"MultiPoint","coordinates":[[-58.779426,-38.181556,65.520119]]}},
{"type":"Feature","properties":{"id":2691,"tipo":null,"Potencia":null,"Columna":null},"geometry":{"type":"MultiPoint","coordinates":[[-58.778942,-38.181171,64.801651]]}},
{"type":"Feature","properties":{"id":2692,"tipo":null,"Potencia":null,"Columna":null},"geometry":{"type":"MultiPoint","coordinates":[[-58.777871,-38.183226,64.801651]]}},
{"type":"Feature","properties":{"id":2693,"tipo":null,"Potencia":null,"Columna":null},"geometry":{"type":"MultiPoint","coordinates":[[-58.77863,-38.183833,64.017876]]}},
{"type":"Feature","properties":{"id":2694,"tipo":null,"Potencia":null,"Columna":null},"geometry":{"type":"MultiPoint","coordinates":[[-58.779446,-38.184484,64.363113]]}},
{"type":"Feature","properties":{"id":2695,"tipo":null,"Potencia":null,"Columna":null},"geometry":{"type":"MultiPoint","coordinates":[[-58.783157,-38.1821,64.727005]]}},
{"type":"Feature","properties":{"id":2696,"tipo":null,"Potencia":null,"Columna":null},"geometry":{"type":"MultiPoint","coordinates":[[-58.775907,-38.179144,61.377289]]}},
{"type":"Feature","properties":{"id":2697,"tipo":null,"Potencia":null,"Columna":null},"geometry":{"type":"MultiPoint","coordinates":[[-58.775362,-38.179558,62.524967]]}},
{"type":"Feature","properties":{"id":2698,"tipo":null,"Potencia":null,"Columna":null},"geometry":{"type":"MultiPoint","coordinates":[[-58.773873,-38.180694,66.518501]]}},
{"type":"Feature","properties":{"id":2699,"tipo":null,"Potencia":null,"Columna":null},"geometry":{"type":"MultiPoint","coordinates":[[-58.772549,-38.178296,65.398819]]}},
{"type":"Feature","properties":{"id":2700,"tipo":null,"Potencia":null,"Columna":null},"geometry":{"type":"MultiPoint","coordinates":[[-58.771142,-38.179375,65.949333]]}},
{"type":"Feature","properties":{"id":2701,"tipo":null,"Potencia":null,"Columna":null},"geometry":{"type":"MultiPoint","coordinates":[[-58.770233,-38.180058,65.072243]]}},
{"type":"Feature","properties":{"id":2702,"tipo":null,"Potencia":null,"Columna":null},"geometry":{"type":"MultiPoint","coordinates":[[-58.769356,-38.17741,69.644287]]}},
{"type":"Feature","properties":{"id":2703,"tipo":null,"Potencia":null,"Columna":null},"geometry":{"type":"MultiPoint","coordinates":[[-58.769014,-38.177684,68.282005]]}},
{"type":"Feature","properties":{"id":2704,"tipo":null,"Potencia":null,"Columna":null},"geometry":{"type":"MultiPoint","coordinates":[[-58.76865,-38.177956,63.812599]]}},
{"type":"Feature","properties":{"id":2705,"tipo":null,"Potencia":null,"Columna":null},"geometry":{"type":"MultiPoint","coordinates":[[-58.768306,-38.178217,66.145271]]}},
{"type":"Feature","properties":{"id":2706,"tipo":null,"Potencia":null,"Columna":null},"geometry":{"type":"MultiPoint","coordinates":[[-58.768096,-38.178379,64.587051]]}},
{"type":"Feature","properties":{"id":2707,"tipo":null,"Potencia":null,"Columna":null},"geometry":{"type":"MultiPoint","coordinates":[[-58.767864,-38.178562,64.493744]]}},
{"type":"Feature","properties":{"id":2708,"tipo":null,"Potencia":null,"Columna":null},"geometry":{"type":"MultiPoint","coordinates":[[-58.767641,-38.178728,67.208969]]}},
{"type":"Feature","properties":{"id":2709,"tipo":null,"Potencia":null,"Columna":null},"geometry":{"type":"MultiPoint","coordinates":[[-58.767444,-38.178876,65.809372]]}},
{"type":"Feature","properties":{"id":2710,"tipo":null,"Potencia":null,"Columna":null},"geometry":{"type":"MultiPoint","coordinates":[[-58.76721,-38.179052,65.137558]]}},
{"type":"Feature","properties":{"id":2711,"tipo":null,"Potencia":null,"Columna":null},"geometry":{"type":"MultiPoint","coordinates":[[-58.76702,-38.179197,63.868584]]}},
{"type":"Feature","properties":{"id":2712,"tipo":null,"Potencia":null,"Columna":null},"geometry":{"type":"MultiPoint","coordinates":[[-58.766803,-38.179362,63.346066]]}},
{"type":"Feature","properties":{"id":2713,"tipo":null,"Potencia":null,"Columna":null},"geometry":{"type":"MultiPoint","coordinates":[[-58.766514,-38.179586,63.327404]]}},
{"type":"Feature","properties":{"id":2714,"tipo":null,"Potencia":null,"Columna":null},"geometry":{"type":"MultiPoint","coordinates":[[-58.770636,-38.1758,66.331886]]}},
{"type":"Feature","properties":{"id":2715,"tipo":null,"Potencia":null,"Columna":null},"geometry":{"type":"MultiPoint","coordinates":[[-58.769882,-38.175318,64.969604]]}},
{"type":"Feature","properties":{"id":2716,"tipo":null,"Potencia":null,"Columna":null},"geometry":{"type":"MultiPoint","coordinates":[[-58.77001,-38.175159,63.65398]]}},
{"type":"Feature","properties":{"id":2717,"tipo":null,"Potencia":null,"Columna":null},"geometry":{"type":"MultiPoint","coordinates":[[-58.770249,-38.174983,63.672642]]}},
{"type":"Feature","properties":{"id":2718,"tipo":null,"Potencia":null,"Columna":null},"geometry":{"type":"MultiPoint","coordinates":[[-58.77044,-38.174835,63.532681]]}},
{"type":"Feature","properties":{"id":2719,"tipo":null,"Potencia":null,"Columna":null},"geometry":{"type":"MultiPoint","coordinates":[[-58.770864,-38.174459,63.560673]]}},
{"type":"Feature","properties":{"id":2720,"tipo":null,"Potencia":null,"Columna":null},"geometry":{"type":"MultiPoint","coordinates":[[-58.77043,-38.174128,64.008545]]}},
{"type":"Feature","properties":{"id":2721,"tipo":null,"Potencia":null,"Columna":null},"geometry":{"type":"MultiPoint","coordinates":[[-58.772491,-38.173327,64.605713]]}},
{"type":"Feature","properties":{"id":2722,"tipo":null,"Potencia":null,"Columna":null},"geometry":{"type":"MultiPoint","coordinates":[[-58.772107,-38.173604,61.377289]]}},
{"type":"Feature","properties":{"id":2723,"tipo":null,"Potencia":null,"Columna":null},"geometry":{"type":"MultiPoint","coordinates":[[-58.771884,-38.173775,64.213821]]}},
{"type":"Feature","properties":{"id":2724,"tipo":null,"Potencia":null,"Columna":null},"geometry":{"type":"MultiPoint","coordinates":[[-58.771472,-38.174109,66.201256]]}},
{"type":"Feature","properties":{"id":2725,"tipo":null,"Potencia":null,"Columna":null},"geometry":{"type":"MultiPoint","coordinates":[[-58.771042,-38.174414,63.82193]]}},
{"type":"Feature","properties":{"id":2726,"tipo":"led","Potencia":null,"Columna":null},"geometry":{"type":"MultiPoint","coordinates":[[-58.769621,-38.173443,60.257607]]}},
{"type":"Feature","properties":{"id":2727,"tipo":"led","Potencia":null,"Columna":null},"geometry":{"type":"MultiPoint","coordinates":[[-58.769502,-38.17332,56.945213]]}},
{"type":"Feature","properties":{"id":2728,"tipo":"led","Potencia":null,"Columna":null},"geometry":{"type":"MultiPoint","coordinates":[[-58.769361,-38.173169,56.739937]]}},
{"type":"Feature","properties":{"id":2729,"tipo":"led","Potencia":null,"Columna":null},"geometry":{"type":"MultiPoint","coordinates":[[-58.76916,-38.172968,56.730606]]}},
{"type":"Feature","properties":{"id":2730,"tipo":"led","Potencia":null,"Columna":null},"geometry":{"type":"MultiPoint","coordinates":[[-58.768974,-38.172798,56.730606]]}},
{"type":"Feature","properties":{"id":2731,"tipo":"led","Potencia":null,"Columna":null},"geometry":{"type":"MultiPoint","coordinates":[[-58.768551,-38.172504,56.954544]]}},
{"type":"Feature","properties":{"id":2732,"tipo":"led","Potencia":null,"Columna":null},"geometry":{"type":"MultiPoint","coordinates":[[-58.768336,-38.172385,57.271786]]}},
{"type":"Feature","properties":{"id":2733,"tipo":"led","Potencia":null,"Columna":null},"geometry":{"type":"MultiPoint","coordinates":[[-58.768106,-38.172264,57.290447]]}},
{"type":"Feature","properties":{"id":2734,"tipo":"led","Potencia":null,"Columna":null},"geometry":{"type":"MultiPoint","coordinates":[[-58.767951,-38.17217,57.290447]]}},
{"type":"Feature","properties":{"id":2735,"tipo":"led","Potencia":null,"Columna":null},"geometry":{"type":"MultiPoint","coordinates":[[-58.767881,-38.17202,57.290447]]}},
{"type":"Feature","properties":{"id":2736,"tipo":"led","Potencia":null,"Columna":null},"geometry":{"type":"MultiPoint","coordinates":[[-58.767928,-38.171783,57.290447]]}},
{"type":"Feature","properties":{"id":2737,"tipo":"led","Potencia":null,"Columna":null},"geometry":{"type":"MultiPoint","coordinates":[[-58.76798,-38.171575,57.290447]]}},
{"type":"Feature","properties":{"id":2738,"tipo":"led","Potencia":null,"Columna":null},"geometry":{"type":"MultiPoint","coordinates":[[-58.76795,-38.171356,57.290447]]}},
{"type":"Feature","properties":{"id":2739,"tipo":"led","Potencia":null,"Columna":null},"geometry":{"type":"MultiPoint","coordinates":[[-58.76786,-38.171148,57.290447]]}},
{"type":"Feature","properties":{"id":2740,"tipo":"led","Potencia":null,"Columna":null},"geometry":{"type":"MultiPoint","coordinates":[[-58.767722,-38.170961,57.299778]]}},
{"type":"Feature","properties":{"id":2741,"tipo":"led","Potencia":null,"Columna":null},"geometry":{"type":"MultiPoint","coordinates":[[-58.767524,-38.170809,57.299778]]}},
{"type":"Feature","properties":{"id":2742,"tipo":"led","Potencia":null,"Columna":null},"geometry":{"type":"MultiPoint","coordinates":[[-58.767312,-38.170642,57.299778]]}},
{"type":"Feature","properties":{"id":2743,"tipo":"led","Potencia":null,"Columna":null},"geometry":{"type":"MultiPoint","coordinates":[[-58.76715,-38.170379,57.299778]]}},
{"type":"Feature","properties":{"id":2744,"tipo":"led","Potencia":null,"Columna":null},"geometry":{"type":"MultiPoint","coordinates":[[-58.767052,-38.170218,58.494106]]}},
{"type":"Feature","properties":{"id":2745,"tipo":"led","Potencia":null,"Columna":null},"geometry":{"type":"MultiPoint","coordinates":[[-58.766999,-38.169997,58.969971]]}},
{"type":"Feature","properties":{"id":2746,"tipo":"led","Potencia":null,"Columna":null},"geometry":{"type":"MultiPoint","coordinates":[[-58.766968,-38.169805,58.997963]]}},
{"type":"Feature","properties":{"id":2747,"tipo":"led","Potencia":null,"Columna":null},"geometry":{"type":"MultiPoint","coordinates":[[-58.766964,-38.169598,58.997963]]}},
{"type":"Feature","properties":{"id":2748,"tipo":"led","Potencia":null,"Columna":null},"geometry":{"type":"MultiPoint","coordinates":[[-58.766968,-38.169368,59.007294]]}},
{"type":"Feature","properties":{"id":2749,"tipo":"led","Potencia":null,"Columna":null},"geometry":{"type":"MultiPoint","coordinates":[[-58.766949,-38.169157,59.007294]]}},
{"type":"Feature","properties":{"id":2750,"tipo":"led","Potencia":null,"Columna":null},"geometry":{"type":"MultiPoint","coordinates":[[-58.766899,-38.168879,59.007294]]}},
{"type":"Feature","properties":{"id":2751,"tipo":null,"Potencia":null,"Columna":null},"geometry":{"type":"MultiPoint","coordinates":[[-58.794742,-38.169943,199.583496]]}},
{"type":"Feature","properties":{"id":2752,"tipo":null,"Potencia":null,"Columna":null},"geometry":{"type":"MultiPoint","coordinates":[[-58.795582,-38.170673,198.771729]]}},
{"type":"Feature","properties":{"id":2753,"tipo":null,"Potencia":null,"Columna":null},"geometry":{"type":"MultiPoint","coordinates":[[-58.797986,-38.172549,198.342514]]}},
{"type":"Feature","properties":{"id":2754,"tipo":null,"Potencia":null,"Columna":null},"geometry":{"type":"MultiPoint","coordinates":[[-58.798218,-38.172765,197.334793]]}},
{"type":"Feature","properties":{"id":2755,"tipo":null,"Potencia":null,"Columna":null},"geometry":{"type":"MultiPoint","coordinates":[[-58.796948,-38.173363,197.801331]]}},
{"type":"Feature","properties":{"id":2756,"tipo":null,"Potencia":null,"Columna":null},"geometry":{"type":"MultiPoint","coordinates":[[-58.796406,-38.173745,197.810669]]}},
{"type":"Feature","properties":{"id":2757,"tipo":null,"Potencia":null,"Columna":null},"geometry":{"type":"MultiPoint","coordinates":[[-58.8014,-38.17532,197.857315]]}},
{"type":"Feature","properties":{"id":2758,"tipo":null,"Potencia":null,"Columna":null},"geometry":{"type":"MultiPoint","coordinates":[[-58.799478,-38.173774,197.204178]]}},
{"type":"Feature","properties":{"id":2759,"tipo":null,"Potencia":null,"Columna":null},"geometry":{"type":"MultiPoint","coordinates":[[-58.798919,-38.17337,198.883698]]}},
{"type":"Feature","properties":{"id":2760,"tipo":null,"Potencia":null,"Columna":null},"geometry":{"type":"MultiPoint","coordinates":[[-58.80568,-38.172822,200.031372]]}},
{"type":"Feature","properties":{"id":2761,"tipo":null,"Potencia":null,"Columna":null},"geometry":{"type":"MultiPoint","coordinates":[[-58.804461,-38.171867,201.748215]]}},
{"type":"Feature","properties":{"id":2762,"tipo":null,"Potencia":null,"Columna":null},"geometry":{"type":"MultiPoint","coordinates":[[-58.802899,-38.170603,201.253693]]}},
{"type":"Feature","properties":{"id":2763,"tipo":null,"Potencia":null,"Columna":null},"geometry":{"type":"MultiPoint","coordinates":[[-58.800064,-38.168252,199.714127]]}},
{"type":"Feature","properties":{"id":2764,"tipo":null,"Potencia":null,"Columna":null},"geometry":{"type":"MultiPoint","coordinates":[[-58.799199,-38.164813,203.15715]]}},
{"type":"Feature","properties":{"id":2765,"tipo":null,"Potencia":null,"Columna":null},"geometry":{"type":"MultiPoint","coordinates":[[-58.802054,-38.162685,202.718613]]}},
{"type":"Feature","properties":{"id":2766,"tipo":null,"Potencia":null,"Columna":null},"geometry":{"type":"MultiPoint","coordinates":[[-58.80319,-38.161863,202.718613]]}},
{"type":"Feature","properties":{"id":2767,"tipo":null,"Potencia":null,"Columna":null},"geometry":{"type":"MultiPoint","coordinates":[[-58.79708,-38.166484,202.727936]]}},
{"type":"Feature","properties":{"id":2768,"tipo":null,"Potencia":null,"Columna":null},"geometry":{"type":"MultiPoint","coordinates":[[-58.795937,-38.167355,202.727936]]}},
{"type":"Feature","properties":{"id":2769,"tipo":null,"Potencia":null,"Columna":null},"geometry":{"type":"MultiPoint","coordinates":[[-58.795583,-38.167612,202.737274]]}},
{"type":"Feature","properties":{"id":2770,"tipo":null,"Potencia":null,"Columna":null},"geometry":{"type":"MultiPoint","coordinates":[[-58.79456,-38.168401,202.737274]]}},
{"type":"Feature","properties":{"id":2771,"tipo":null,"Potencia":null,"Columna":null},"geometry":{"type":"MultiPoint","coordinates":[[-58.793816,-38.168976,199.331573]]}},
{"type":"Feature","properties":{"id":2772,"tipo":null,"Potencia":null,"Columna":null},"geometry":{"type":"MultiPoint","coordinates":[[-58.792849,-38.169721,199.620819]]}},
{"type":"Feature","properties":{"id":2773,"tipo":null,"Potencia":null,"Columna":null},"geometry":{"type":"MultiPoint","coordinates":[[-58.793873,-38.166209,199.070312]]}},
{"type":"Feature","properties":{"id":2774,"tipo":null,"Potencia":null,"Columna":null},"geometry":{"type":"MultiPoint","coordinates":[[-58.794558,-38.166768,201.542938]]}},
{"type":"Feature","properties":{"id":2775,"tipo":null,"Potencia":null,"Columna":null},"geometry":{"type":"MultiPoint","coordinates":[[-58.794925,-38.167093,199.639481]]}},
{"type":"Feature","properties":{"id":2776,"tipo":null,"Potencia":null,"Columna":null},"geometry":{"type":"MultiPoint","coordinates":[[-58.796272,-38.168207,200.311295]]}},
{"type":"Feature","properties":{"id":2777,"tipo":null,"Potencia":null,"Columna":null},"geometry":{"type":"MultiPoint","coordinates":[[-58.796988,-38.168789,199.312912]]}},
{"type":"Feature","properties":{"id":2778,"tipo":null,"Potencia":null,"Columna":null},"geometry":{"type":"MultiPoint","coordinates":[[-58.797667,-38.169332,201.085739]]}},
{"type":"Feature","properties":{"id":2779,"tipo":null,"Potencia":null,"Columna":null},"geometry":{"type":"MultiPoint","coordinates":[[-58.798409,-38.169925,200.563217]]}},
{"type":"Feature","properties":{"id":2780,"tipo":null,"Potencia":null,"Columna":null},"geometry":{"type":"MultiPoint","coordinates":[[-58.794184,-38.165311,200.572556]]}},
{"type":"Feature","properties":{"id":2781,"tipo":null,"Potencia":null,"Columna":null},"geometry":{"type":"MultiPoint","coordinates":[[-58.796356,-38.166759,200.563217]]}},
{"type":"Feature","properties":{"id":2782,"tipo":null,"Potencia":null,"Columna":null},"geometry":{"type":"MultiPoint","coordinates":[[-58.796843,-38.165705,200.208649]]}},
{"type":"Feature","properties":{"id":2783,"tipo":null,"Potencia":null,"Columna":null},"geometry":{"type":"MultiPoint","coordinates":[[-58.796352,-38.165347,199.275589]]}},
{"type":"Feature","properties":{"id":2784,"tipo":null,"Potencia":null,"Columna":null},"geometry":{"type":"MultiPoint","coordinates":[[-58.7959,-38.164928,200.385941]]}},
{"type":"Feature","properties":{"id":2785,"tipo":null,"Potencia":null,"Columna":null},"geometry":{"type":"MultiPoint","coordinates":[[-58.796676,-38.165088,200.787155]]}},
{"type":"Feature","properties":{"id":2786,"tipo":null,"Potencia":null,"Columna":null},"geometry":{"type":"MultiPoint","coordinates":[[-58.796336,-38.16371,200.787155]]}},
{"type":"Feature","properties":{"id":2787,"tipo":null,"Potencia":null,"Columna":null},"geometry":{"type":"MultiPoint","coordinates":[[-58.79794,-38.15911,200.787155]]}},
{"type":"Feature","properties":{"id":2788,"tipo":null,"Potencia":null,"Columna":null},"geometry":{"type":"MultiPoint","coordinates":[[-58.80111,-38.156632,201.944168]]}},
{"type":"Feature","properties":{"id":2789,"tipo":null,"Potencia":null,"Columna":null},"geometry":{"type":"MultiPoint","coordinates":[[-58.801594,-38.160633,203.325104]]}},
{"type":"Feature","properties":{"id":2790,"tipo":null,"Potencia":null,"Columna":null},"geometry":{"type":"MultiPoint","coordinates":[[-58.795536,-38.154087,201.5616]]}},
{"type":"Feature","properties":{"id":2791,"tipo":null,"Potencia":null,"Columna":null},"geometry":{"type":"MultiPoint","coordinates":[[-58.803324,-38.156808,201.552277]]}},
{"type":"Feature","properties":{"id":2792,"tipo":null,"Potencia":null,"Columna":null},"geometry":{"type":"MultiPoint","coordinates":[[-58.803219,-38.158492,196.73764]]}},
{"type":"Feature","properties":{"id":2793,"tipo":null,"Potencia":null,"Columna":null},"geometry":{"type":"MultiPoint","coordinates":[[-58.795261,-38.157721,202.634628]]}},
{"type":"Feature","properties":{"id":2794,"tipo":null,"Potencia":null,"Columna":null},"geometry":{"type":"MultiPoint","coordinates":[[-58.797857,-38.1558,202.625305]]}},
{"type":"Feature","properties":{"id":2795,"tipo":null,"Potencia":null,"Columna":null},"geometry":{"type":"MultiPoint","coordinates":[[-58.798533,-38.155293,202.625305]]}},
{"type":"Feature","properties":{"id":2796,"tipo":null,"Potencia":null,"Columna":null},"geometry":{"type":"MultiPoint","coordinates":[[-58.7972891441106,-38.164599060818659,0.0]]}},
{"type":"Feature","properties":{"id":1815,"tipo":"led","Potencia":null,"Columna":null},"geometry":{"type":"MultiPoint","coordinates":[[-58.788879298204016,-38.159050785739446,163.76297]]}},
{"type":"Feature","properties":{"id":1816,"tipo":"led","Potencia":null,"Columna":null},"geometry":{"type":"MultiPoint","coordinates":[[-58.789133298204014,-38.158873785739445,163.287109]]}},
{"type":"Feature","properties":{"id":1817,"tipo":"led","Potencia":null,"Columna":null},"geometry":{"type":"MultiPoint","coordinates":[[-58.789369298204022,-38.158682785739451,163.287109]]}},
{"type":"Feature","properties":{"id":1818,"tipo":"led","Potencia":null,"Columna":null},"geometry":{"type":"MultiPoint","coordinates":[[-58.789616298204017,-38.158489785739462,163.287109]]}},
{"type":"Feature","properties":{"id":1819,"tipo":"led","Potencia":null,"Columna":null},"geometry":{"type":"MultiPoint","coordinates":[[-58.789834298204013,-38.158321785739453,163.287109]]}},
{"type":"Feature","properties":{"id":1820,"tipo":"led","Potencia":null,"Columna":null},"geometry":{"type":"MultiPoint","coordinates":[[-58.790070298204014,-38.158143785739455,160.525223]]}},
{"type":"Feature","properties":{"id":1821,"tipo":"led","Potencia":null,"Columna":null},"geometry":{"type":"MultiPoint","coordinates":[[-58.790314298204017,-38.157958785739453,163.268448]]}},
{"type":"Feature","properties":{"id":1822,"tipo":"led","Potencia":null,"Columna":null},"geometry":{"type":"MultiPoint","coordinates":[[-58.790531298204023,-38.157789785739453,163.184464]]}},
{"type":"Feature","properties":{"id":1823,"tipo":"led","Potencia":null,"Columna":null},"geometry":{"type":"MultiPoint","coordinates":[[-58.790768298204014,-38.157613785739471,162.32605]]}},
{"type":"Feature","properties":{"id":1824,"tipo":"led","Potencia":null,"Columna":null},"geometry":{"type":"MultiPoint","coordinates":[[-58.790998298204009,-38.157436785739463,162.997849]]}},
{"type":"Feature","properties":{"id":1825,"tipo":"led","Potencia":null,"Columna":null},"geometry":{"type":"MultiPoint","coordinates":[[-58.791232298204022,-38.157261785739465,163.184464]]}},
{"type":"Feature","properties":{"id":1826,"tipo":"led","Potencia":null,"Columna":null},"geometry":{"type":"MultiPoint","coordinates":[[-58.79148629820402,-38.157069785739452,163.623016]]}},
{"type":"Feature","properties":{"id":1827,"tipo":"led","Potencia":null,"Columna":null},"geometry":{"type":"MultiPoint","coordinates":[[-58.791724298204016,-38.156890785739456,163.38974]]}},
{"type":"Feature","properties":{"id":1828,"tipo":"led","Potencia":null,"Columna":null},"geometry":{"type":"MultiPoint","coordinates":[[-58.791953298204007,-38.156712785739465,163.706985]]}},
{"type":"Feature","properties":{"id":1829,"tipo":"led","Potencia":null,"Columna":null},"geometry":{"type":"MultiPoint","coordinates":[[-58.792188298204024,-38.156537785739452,164.332138]]}},
{"type":"Feature","properties":{"id":1830,"tipo":"led","Potencia":null,"Columna":null},"geometry":{"type":"MultiPoint","coordinates":[[-58.792424298204011,-38.156353785739469,164.537415]]}},
{"type":"Feature","properties":{"id":1831,"tipo":"led","Potencia":null,"Columna":null},"geometry":{"type":"MultiPoint","coordinates":[[-58.79265729820402,-38.156167785739456,164.714706]]}},
{"type":"Feature","properties":{"id":1832,"tipo":"led","Potencia":null,"Columna":null},"geometry":{"type":"MultiPoint","coordinates":[[-58.792901298204015,-38.155987785739455,165.666428]]}},
{"type":"Feature","properties":{"id":1833,"tipo":"led","Potencia":null,"Columna":null},"geometry":{"type":"MultiPoint","coordinates":[[-58.793151298204009,-38.155804785739456,166.468872]]}},
{"type":"Feature","properties":{"id":1834,"tipo":"led","Potencia":null,"Columna":null},"geometry":{"type":"MultiPoint","coordinates":[[-58.793371298204015,-38.155634785739451,165.489151]]}},
{"type":"Feature","properties":{"id":1835,"tipo":"led","Potencia":null,"Columna":null},"geometry":{"type":"MultiPoint","coordinates":[[-58.793611298204013,-38.155452785739463,164.947968]]}},
{"type":"Feature","properties":{"id":1836,"tipo":"led","Potencia":null,"Columna":null},"geometry":{"type":"MultiPoint","coordinates":[[-58.793869298204015,-38.155267785739461,165.81572]]}},
{"type":"Feature","properties":{"id":1837,"tipo":"led","Potencia":null,"Columna":null},"geometry":{"type":"MultiPoint","coordinates":[[-58.794103298204007,-38.155092785739463,165.797058]]}},
{"type":"Feature","properties":{"id":1838,"tipo":"led","Potencia":null,"Columna":null},"geometry":{"type":"MultiPoint","coordinates":[[-58.794342298204015,-38.154909785739441,166.384903]]}},
{"type":"Feature","properties":{"id":673,"tipo":"led","Potencia":null,"Columna":null},"geometry":{"type":"MultiPoint","coordinates":[[-58.783173488455652,-38.163618773029519,176.602005]]}},
{"type":"Feature","properties":{"id":674,"tipo":"led","Potencia":null,"Columna":null},"geometry":{"type":"MultiPoint","coordinates":[[-58.782743488455644,-38.163254773029536,178.141571]]}},
{"type":"Feature","properties":{"id":675,"tipo":"led","Potencia":null,"Columna":null},"geometry":{"type":"MultiPoint","coordinates":[[-58.782409488455663,-38.163059773029524,178.141571]]}},
{"type":"Feature","properties":{"id":676,"tipo":"led","Potencia":null,"Columna":null},"geometry":{"type":"MultiPoint","coordinates":[[-58.782107488455665,-38.162822773029539,178.141571]]}},
{"type":"Feature","properties":{"id":1190,"tipo":"led","Potencia":null,"Columna":null},"geometry":{"type":"MultiPoint","coordinates":[[-58.782902488455655,-38.163528773029526,69.793571]]}},
{"type":"Feature","properties":{"id":1191,"tipo":"led","Potencia":null,"Columna":null},"geometry":{"type":"MultiPoint","coordinates":[[-58.782571488455652,-38.163741773029528,69.793571]]}},
{"type":"Feature","properties":{"id":1192,"tipo":"led","Potencia":null,"Columna":null},"geometry":{"type":"MultiPoint","coordinates":[[-58.782245488455665,-38.164006773029527,69.802902]]}},
{"type":"Feature","properties":{"id":1286,"tipo":"led","Potencia":null,"Columna":null},"geometry":{"type":"MultiPoint","coordinates":[[-58.782571488455652,-38.164024773029524,96.162109]]}},
{"type":"Feature","properties":{"id":1287,"tipo":"led","Potencia":null,"Columna":null},"geometry":{"type":"MultiPoint","coordinates":[[-58.782225488455644,-38.164278773029523,96.17144]]}},
{"type":"Feature","properties":{"id":1288,"tipo":"led","Potencia":null,"Columna":null},"geometry":{"type":"MultiPoint","coordinates":[[-58.782894488455661,-38.16376177302952,96.162109]]}},
{"type":"Feature","properties":{"id":1290,"tipo":"led","Potencia":null,"Columna":null},"geometry":{"type":"MultiPoint","coordinates":[[-58.783036458239003,-38.163337013188851,136.293411]]}},
{"type":"Feature","properties":{"id":1291,"tipo":"led","Potencia":null,"Columna":null},"geometry":{"type":"MultiPoint","coordinates":[[-58.782706488455652,-38.16306277302953,136.293411]]}},
{"type":"Feature","properties":{"id":1292,"tipo":"led","Potencia":null,"Columna":null},"geometry":{"type":"MultiPoint","coordinates":[[-58.782415488455662,-38.162805773029532,136.293411]]}},
{"type":"Feature","properties":{"id":1293,"tipo":"led","Potencia":null,"Columna":null},"geometry":{"type":"MultiPoint","coordinates":[[-58.782038488455662,-38.162540773029527,137.506409]]}},
{"type":"Feature","properties":{"id":1903,"tipo":"led","Potencia":null,"Columna":null},"geometry":{"type":"MultiPoint","coordinates":[[-58.783343488455657,-38.163462773029529,166.067657]]}},
{"type":"Feature","properties":{"id":53,"tipo":null,"Potencia":null,"Columna":null},"geometry":{"type":"MultiPoint","coordinates":[[-58.790456689547106,-38.169769986141581,57.663673]]}},
{"type":"Feature","properties":{"id":272,"tipo":"led","Potencia":null,"Columna":null},"geometry":{"type":"MultiPoint","coordinates":[[-58.789664689546996,-38.168880986147393,93.894753]]}},
{"type":"Feature","properties":{"id":273,"tipo":"led","Potencia":null,"Columna":null},"geometry":{"type":"MultiPoint","coordinates":[[-58.789947689547006,-38.169107986147388,93.894753]]}},
{"type":"Feature","properties":{"id":274,"tipo":"led","Potencia":null,"Columna":null},"geometry":{"type":"MultiPoint","coordinates":[[-58.790205689546994,-38.16932498614738,93.894753]]}},
{"type":"Feature","properties":{"id":275,"tipo":"led","Potencia":null,"Columna":null},"geometry":{"type":"MultiPoint","coordinates":[[-58.790477689547004,-38.169550986147399,93.894753]]}},
{"type":"Feature","properties":{"id":276,"tipo":"led","Potencia":null,"Columna":null},"geometry":{"type":"MultiPoint","coordinates":[[-58.790753689546996,-38.169787986147405,93.894753]]}},
{"type":"Feature","properties":{"id":277,"tipo":"led","Potencia":null,"Columna":null},"geometry":{"type":"MultiPoint","coordinates":[[-58.791010689546994,-38.169999986147396,93.894753]]}},
{"type":"Feature","properties":{"id":278,"tipo":"led","Potencia":null,"Columna":null},"geometry":{"type":"MultiPoint","coordinates":[[-58.791281689546999,-38.17021898614739,93.894753]]}},
{"type":"Feature","properties":{"id":279,"tipo":"led","Potencia":null,"Columna":null},"geometry":{"type":"MultiPoint","coordinates":[[-58.791527689546996,-38.170424986147403,93.894753]]}},
{"type":"Feature","properties":{"id":280,"tipo":"led","Potencia":null,"Columna":null},"geometry":{"type":"MultiPoint","coordinates":[[-58.791820689546995,-38.170662986147377,93.894753]]}},
{"type":"Feature","properties":{"id":281,"tipo":"led","Potencia":null,"Columna":null},"geometry":{"type":"MultiPoint","coordinates":[[-58.792081689546997,-38.170881986147393,93.782784]]}},
{"type":"Feature","properties":{"id":282,"tipo":"led","Potencia":null,"Columna":null},"geometry":{"type":"MultiPoint","coordinates":[[-58.792349689547002,-38.171100986147401,93.036331]]}},
{"type":"Feature","properties":{"id":283,"tipo":"led","Potencia":null,"Columna":null},"geometry":{"type":"MultiPoint","coordinates":[[-58.792615689546992,-38.171308986147395,94.174675]]}},
{"type":"Feature","properties":{"id":354,"tipo":"led","Potencia":null,"Columna":null},"geometry":{"type":"MultiPoint","coordinates":[[-58.788650689547005,-38.168049986147395,93.213608]]}},
{"type":"Feature","properties":{"id":355,"tipo":"led","Potencia":null,"Columna":null},"geometry":{"type":"MultiPoint","coordinates":[[-58.788880689547,-38.16823198614739,93.894753]]}},
{"type":"Feature","properties":{"id":356,"tipo":"led","Potencia":null,"Columna":null},"geometry":{"type":"MultiPoint","coordinates":[[-58.789115689546996,-38.1684249861474,93.894753]]}},
{"type":"Feature","properties":{"id":357,"tipo":"led","Potencia":null,"Columna":null},"geometry":{"type":"MultiPoint","coordinates":[[-58.789354689547004,-38.168626986147395,93.894753]]}},
{"type":"Feature","properties":{"id":2726,"tipo":"led","Potencia":null,"Columna":null},"geometry":{"type":"MultiPoint","coordinates":[[-58.769611489350382,-38.173433601509991,60.257607]]}},
{"type":"Feature","properties":{"id":2727,"tipo":"led","Potencia":null,"Columna":null},"geometry":{"type":"MultiPoint","coordinates":[[-58.769492489350384,-38.173310601509989,56.945213]]}},
{"type":"Feature","properties":{"id":2728,"tipo":"led","Potencia":null,"Columna":null},"geometry":{"type":"MultiPoint","coordinates":[[-58.769351489350385,-38.173159601509994,56.739937]]}},
{"type":"Feature","properties":{"id":2729,"tipo":"led","Potencia":null,"Columna":null},"geometry":{"type":"MultiPoint","coordinates":[[-58.76915048935038,-38.17295860150999,56.730606]]}},
{"type":"Feature","properties":{"id":2730,"tipo":"led","Potencia":null,"Columna":null},"geometry":{"type":"MultiPoint","coordinates":[[-58.768964489350381,-38.172788601509993,56.730606]]}},
{"type":"Feature","properties":{"id":2731,"tipo":"led","Potencia":null,"Columna":null},"geometry":{"type":"MultiPoint","coordinates":[[-58.768541489350383,-38.172494601509996,56.954544]]}},
{"type":"Feature","properties":{"id":2732,"tipo":"led","Potencia":null,"Columna":null},"geometry":{"type":"MultiPoint","coordinates":[[-58.768326489350379,-38.172375601509991,57.271786]]}},
{"type":"Feature","properties":{"id":2733,"tipo":"led","Potencia":null,"Columna":null},"geometry":{"type":"MultiPoint","coordinates":[[-58.768096489350384,-38.172254601509991,57.290447]]}},
{"type":"Feature","properties":{"id":2734,"tipo":"led","Potencia":null,"Columna":null},"geometry":{"type":"MultiPoint","coordinates":[[-58.767941489350378,-38.172160601509994,57.290447]]}},
{"type":"Feature","properties":{"id":2735,"tipo":"led","Potencia":null,"Columna":null},"geometry":{"type":"MultiPoint","coordinates":[[-58.767871489350384,-38.172010601509996,57.290447]]}},
{"type":"Feature","properties":{"id":2736,"tipo":"led","Potencia":null,"Columna":null},"geometry":{"type":"MultiPoint","coordinates":[[-58.767918489350379,-38.17177360150999,57.290447]]}},
{"type":"Feature","properties":{"id":2737,"tipo":"led","Potencia":null,"Columna":null},"geometry":{"type":"MultiPoint","coordinates":[[-58.767970489350382,-38.17156560150999,57.290447]]}},
{"type":"Feature","properties":{"id":2738,"tipo":"led","Potencia":null,"Columna":null},"geometry":{"type":"MultiPoint","coordinates":[[-58.76794048935038,-38.171346601509995,57.290447]]}},
{"type":"Feature","properties":{"id":2739,"tipo":"led","Potencia":null,"Columna":null},"geometry":{"type":"MultiPoint","coordinates":[[-58.76785048935038,-38.171138601509995,57.290447]]}},
{"type":"Feature","properties":{"id":2740,"tipo":"led","Potencia":null,"Columna":null},"geometry":{"type":"MultiPoint","coordinates":[[-58.76771248935038,-38.170951601509991,57.299778]]}},
{"type":"Feature","properties":{"id":2741,"tipo":"led","Potencia":null,"Columna":null},"geometry":{"type":"MultiPoint","coordinates":[[-58.767514489350383,-38.170799601509991,57.299778]]}},
{"type":"Feature","properties":{"id":2742,"tipo":"led","Potencia":null,"Columna":null},"geometry":{"type":"MultiPoint","coordinates":[[-58.767302489350378,-38.170632601509993,57.299778]]}},
{"type":"Feature","properties":{"id":2743,"tipo":"led","Potencia":null,"Columna":null},"geometry":{"type":"MultiPoint","coordinates":[[-58.767140489350382,-38.170369601509989,57.299778]]}},
{"type":"Feature","properties":{"id":2744,"tipo":"led","Potencia":null,"Columna":null},"geometry":{"type":"MultiPoint","coordinates":[[-58.767042489350381,-38.170208601509991,58.494106]]}},
{"type":"Feature","properties":{"id":2745,"tipo":"led","Potencia":null,"Columna":null},"geometry":{"type":"MultiPoint","coordinates":[[-58.766989489350379,-38.169987601509995,58.969971]]}},
{"type":"Feature","properties":{"id":2746,"tipo":"led","Potencia":null,"Columna":null},"geometry":{"type":"MultiPoint","coordinates":[[-58.76695848935038,-38.169795601509989,58.997963]]}},
{"type":"Feature","properties":{"id":2747,"tipo":"led","Potencia":null,"Columna":null},"geometry":{"type":"MultiPoint","coordinates":[[-58.766954489350383,-38.169588601509993,58.997963]]}},
{"type":"Feature","properties":{"id":2748,"tipo":"led","Potencia":null,"Columna":null},"geometry":{"type":"MultiPoint","coordinates":[[-58.76695848935038,-38.169358601509991,59.007294]]}},
{"type":"Feature","properties":{"id":2749,"tipo":"led","Potencia":null,"Columna":null},"geometry":{"type":"MultiPoint","coordinates":[[-58.766939489350378,-38.169147601509991,59.007294]]}},
{"type":"Feature","properties":{"id":2750,"tipo":"led","Potencia":null,"Columna":null},"geometry":{"type":"MultiPoint","coordinates":[[-58.766889489350383,-38.168869601509989,59.007294]]}},
{"type":"Feature","properties":{"id":null,"tipo":null,"Potencia":null,"Columna":null},"geometry":{"type":"MultiPoint","coordinates":[[-58.67356004802955,-38.390714793422184,0.0]]}},
{"type":"Feature","properties":{"id":null,"tipo":null,"Potencia":null,"Columna":null},"geometry":{"type":"MultiPoint","coordinates":[[-58.768875455595378,-38.166890240050762,0.0]]}},
{"type":"Feature","properties":{"id":null,"tipo":null,"Potencia":null,"Columna":null},"geometry":{"type":"MultiPoint","coordinates":[[-58.768242217242801,-38.166361841740319,0.0]]}},
{"type":"Feature","properties":{"id":null,"tipo":null,"Potencia":null,"Columna":null},"geometry":{"type":"MultiPoint","coordinates":[[-58.767985743753904,-38.166144527466805,0.0]]}},
{"type":"Feature","properties":{"id":null,"tipo":null,"Potencia":null,"Columna":null},"geometry":{"type":"MultiPoint","coordinates":[[-58.767697873538211,-38.165913006619611,0.0]]}},
{"type":"Feature","properties":{"id":null,"tipo":null,"Potencia":null,"Columna":null},"geometry":{"type":"MultiPoint","coordinates":[[-58.767435467625056,-38.165700254400086,0.0]]}},
{"type":"Feature","properties":{"id":null,"tipo":null,"Potencia":null,"Columna":null},"geometry":{"type":"MultiPoint","coordinates":[[-58.767191465175834,-38.165508047052022,0.0]]}},
{"type":"Feature","properties":{"id":null,"tipo":null,"Potencia":null,"Columna":null},"geometry":{"type":"MultiPoint","coordinates":[[-58.771101600547155,-38.168648124956931,0.0]]}},
{"type":"Feature","properties":{"id":null,"tipo":null,"Potencia":null,"Columna":null},"geometry":{"type":"MultiPoint","coordinates":[[-58.770620307879021,-38.168280447034959,0.0]]}},
{"type":"Feature","properties":{"id":null,"tipo":null,"Potencia":null,"Columna":null},"geometry":{"type":"MultiPoint","coordinates":[[-58.770171762190898,-38.167916810538742,0.0]]}},
{"type":"Feature","properties":{"id":null,"tipo":null,"Potencia":null,"Columna":null},"geometry":{"type":"MultiPoint","coordinates":[[-58.769741095495213,-38.167605165356825,0.0]]}},
{"type":"Feature","properties":{"id":null,"tipo":null,"Potencia":null,"Columna":null},"geometry":{"type":"MultiPoint","coordinates":[[-58.769412784338932,-38.167338996217133,0.0]]}},
{"type":"Feature","properties":{"id":null,"tipo":null,"Potencia":null,"Columna":null},"geometry":{"type":"MultiPoint","coordinates":[[-58.788141840709251,-38.152658104385353,0.0]]}},
{"type":"Feature","properties":{"id":null,"tipo":null,"Potencia":null,"Columna":null},"geometry":{"type":"MultiPoint","coordinates":[[-58.787666045163903,-38.152242446762756,0.0]]}},
{"type":"Feature","properties":{"id":null,"tipo":null,"Potencia":null,"Columna":null},"geometry":{"type":"MultiPoint","coordinates":[[-58.787023053932529,-38.151736250301994,0.0]]}},
{"type":"Feature","properties":{"id":null,"tipo":null,"Potencia":null,"Columna":null},"geometry":{"type":"MultiPoint","coordinates":[[-58.786296962742874,-38.151155183099895,0.0]]}},
{"type":"Feature","properties":{"id":null,"tipo":null,"Potencia":null,"Columna":null},"geometry":{"type":"MultiPoint","coordinates":[[-58.76572984240893,-38.156431314700406,0.0]]}},
{"type":"Feature","properties":{"id":null,"tipo":null,"Potencia":null,"Columna":null},"geometry":{"type":"MultiPoint","coordinates":[[-58.790775629067554,-38.171445443374729,0.0]]}},
{"type":"Feature","properties":{"id":null,"tipo":null,"Potencia":null,"Columna":null},"geometry":{"type":"MultiPoint","coordinates":[[-58.791166359467411,-38.171769552208282,0.0]]}},
{"type":"Feature","properties":{"id":null,"tipo":null,"Potencia":null,"Columna":null},"geometry":{"type":"MultiPoint","coordinates":[[-58.791522707323843,-38.172047050741796,0.0]]}},
{"type":"Feature","properties":{"id":null,"tipo":"led 11va","Potencia":null,"Columna":null},"geometry":{"type":"MultiPoint","coordinates":[[-58.788558939135768,-38.161224253487831,0.0]]}},
{"type":"Feature","properties":{"id":1594,"tipo":"led","Potencia":null,"Columna":null},"geometry":{"type":"MultiPoint","coordinates":[[-58.787528709749481,-38.155215287724971,56.637299]]}},
{"type":"Feature","properties":{"id":1595,"tipo":"led","Potencia":null,"Columna":null},"geometry":{"type":"MultiPoint","coordinates":[[-58.787789709749482,-38.155417287724973,56.637299]]}},
{"type":"Feature","properties":{"id":1604,"tipo":"led","Potencia":null,"Columna":null},"geometry":{"type":"MultiPoint","coordinates":[[-58.787989709749489,-38.155586287724979,56.805252]]}},
{"type":"Feature","properties":{"id":1605,"tipo":"led","Potencia":null,"Columna":null},"geometry":{"type":"MultiPoint","coordinates":[[-58.788272709749485,-38.155826287724977,54.35128]]}},
{"type":"Feature","properties":{"id":153,"tipo":"led","Potencia":null,"Columna":null},"geometry":{"type":"MultiPoint","coordinates":[[-58.783231397710992,-38.168577721510502,60.668159]]}},
{"type":"Feature","properties":{"id":153,"tipo":"led","Potencia":null,"Columna":null},"geometry":{"type":"MultiPoint","coordinates":[[-58.78374416660342,-38.168183388175649,60.668159]]}},
{"type":"Feature","properties":{"id":153,"tipo":"led","Potencia":null,"Columna":null},"geometry":{"type":"MultiPoint","coordinates":[[-58.782846631982807,-38.168884569019468,60.668159]]}},
{"type":"Feature","properties":{"id":153,"tipo":"led","Potencia":null,"Columna":null},"geometry":{"type":"MultiPoint","coordinates":[[-58.784242323850073,-38.167822208184887,60.668159]]}},
{"type":"Feature","properties":{"id":null,"tipo":"led","Potencia":null,"Columna":null},"geometry":{"type":"MultiPoint","coordinates":[[-58.769947860596062,-38.172697701768804,0.0]]}},
{"type":"Feature","properties":{"id":null,"tipo":"led","Potencia":null,"Columna":null},"geometry":{"type":"MultiPoint","coordinates":[[-58.769810975032016,-38.171638877185956,0.0]]}},
{"type":"Feature","properties":{"id":null,"tipo":"led","Potencia":null,"Columna":null},"geometry":{"type":"MultiPoint","coordinates":[[-58.777181926378873,-38.170129784012204,0.0]]}},
{"type":"Feature","properties":{"id":null,"tipo":"led","Potencia":null,"Columna":null},"geometry":{"type":"MultiPoint","coordinates":[[-58.768263922974015,-38.155775657873868,0.0]]}},
{"type":"Feature","properties":{"id":null,"tipo":"led","Potencia":null,"Columna":null},"geometry":{"type":"MultiPoint","coordinates":[[-58.769708639621328,-38.172498148966191,0.0]]}},
{"type":"Feature","properties":{"id":null,"tipo":"led","Potencia":null,"Columna":null},"geometry":{"type":"MultiPoint","coordinates":[[-58.770624526319089,-38.172807474701806,0.0]]}},
{"type":"Feature","properties":{"id":null,"tipo":null,"Potencia":null,"Columna":null},"geometry":{"type":"MultiPoint","coordinates":[[-58.800302991166639,-38.177702741235159,0.0]]}},
{"type":"Feature","properties":{"id":null,"tipo":null,"Potencia":null,"Columna":null},"geometry":{"type":"MultiPoint","coordinates":[]}},
{"type":"Feature","properties":{"id":236,"tipo":"led 14va","Potencia":100,"Columna":"baja"},"geometry":{"type":"MultiPoint","coordinates":[[-58.780273932744727,-38.172414752560279,82.865875]]}},
{"type":"Feature","properties":{"id":236,"tipo":"led 14va","Potencia":100,"Columna":"baja"},"geometry":{"type":"MultiPoint","coordinates":[[-58.780152478941027,-38.172666504734273,82.865875]]}},
{"type":"Feature","properties":{"id":236,"tipo":"led 14va","Potencia":100,"Columna":"baja"},"geometry":{"type":"MultiPoint","coordinates":[[-58.779921602655662,-38.172917119806179,82.865875]]}},
{"type":"Feature","properties":{"id":236,"tipo":"led 14va","Potencia":100,"Columna":"baja"},"geometry":{"type":"MultiPoint","coordinates":[[-58.780519820728593,-38.172201319108453,82.865875]]}},
{"type":"Feature","properties":{"id":157,"tipo":"led 14va","Potencia":120,"Columna":"baja"},"geometry":{"type":"MultiPoint","coordinates":[[-58.781335933069371,-38.16989842156265,60.668159]]}},
{"type":"Feature","properties":{"id":157,"tipo":"led 14va","Potencia":120,"Columna":"baja"},"geometry":{"type":"MultiPoint","coordinates":[[-58.780726017451073,-38.170379604633219,60.668159]]}},
{"type":"Feature","properties":{"id":433,"tipo":"led 14va","Potencia":120,"Columna":"baja"},"geometry":{"type":"MultiPoint","coordinates":[[-58.782414324330347,-38.168966291493469,141.798523]]}},
{"type":"Feature","properties":{"id":433,"tipo":"led 14va","Potencia":120,"Columna":"baja"},"geometry":{"type":"MultiPoint","coordinates":[[-58.781905387493097,-38.168547550970878,141.798523]]}},
{"type":"Feature","properties":{"id":null,"tipo":null,"Potencia":null,"Columna":null},"geometry":{"type":"MultiPoint","coordinates":[]}},
{"type":"Feature","properties":{"id":2379,"tipo":null,"Potencia":null,"Columna":null},"geometry":{"type":"MultiPoint","coordinates":[[-58.739434228384482,-38.200739796887511,-54.416595]]}},
{"type":"Feature","properties":{"id":2379,"tipo":null,"Potencia":null,"Columna":null},"geometry":{"type":"MultiPoint","coordinates":[[-58.73968102227694,-38.200939919415418,-54.416595]]}},
{"type":"Feature","properties":{"id":2379,"tipo":null,"Potencia":null,"Columna":null},"geometry":{"type":"MultiPoint","coordinates":[[-58.739981804159562,-38.201183818067449,-54.416595]]}},
{"type":"Feature","properties":{"id":2385,"tipo":"led 14va","Potencia":120,"Columna":"baja"},"geometry":{"type":"MultiPoint","coordinates":[[-58.737807858668894,-38.199342694714645,-52.279865]]}},
{"type":"Feature","properties":{"id":2385,"tipo":"led 14va","Potencia":120,"Columna":"baja"},"geometry":{"type":"MultiPoint","coordinates":[[-58.738070493513135,-38.199530648886224,-52.279865]]}},
{"type":"Feature","properties":{"id":2385,"tipo":"led 14va","Potencia":120,"Columna":"baja"},"geometry":{"type":"MultiPoint","coordinates":[[-58.738814523015378,-38.200371732424721,-52.279865]]}},
{"type":"Feature","properties":{"id":2388,"tipo":"led 14va","Potencia":120,"Columna":"baja"},"geometry":{"type":"MultiPoint","coordinates":[[-58.738115356916047,-38.201225694045966,-54.836475]]}},
{"type":"Feature","properties":{"id":null,"tipo":null,"Potencia":null,"Columna":null},"geometry":{"type":"MultiPoint","coordinates":[]}},
{"type":"Feature","properties":{"id":2386,"tipo":"led 14va","Potencia":120,"Columna":"baja"},"geometry":{"type":"MultiPoint","coordinates":[[-58.737569149337439,-38.200527072262048,-54.696514]]}},
{"type":"Feature","properties":{"id":2386,"tipo":"led 14va","Potencia":120,"Columna":"baja"},"geometry":{"type":"MultiPoint","coordinates":[[-58.737906076190292,-38.200262255893684,-54.696514]]}},
{"type":"Feature","properties":{"id":null,"tipo":null,"Potencia":null,"Columna":null},"geometry":{"type":"MultiPoint","coordinates":[]}},
{"type":"Feature","properties":{"id":null,"tipo":"led 15va","Potencia":120,"Columna":"baja"},"geometry":{"type":"MultiPoint","coordinates":[[-58.770117395231701,-38.163415268092862,0.0]]}},
{"type":"Feature","properties":{"id":null,"tipo":null,"Potencia":null,"Columna":null},"geometry":{"type":"MultiPoint","coordinates":[]}},
{"type":"Feature","properties":{"id":null,"tipo":"led 15va","Potencia":120,"Columna":"BAJA"},"geometry":{"type":"MultiPoint","coordinates":[[-58.770561314680712,-38.16078212515356,0.0]]}},
{"type":"Feature","properties":{"id":null,"tipo":"led 15va","Potencia":120,"Columna":"baja"},"geometry":{"type":"MultiPoint","coordinates":[[-58.770030157906298,-38.160351471876353,0.0]]}},
{"type":"Feature","properties":{"id":null,"tipo":"led 15va","Potencia":120,"Columna":"baja"},"geometry":{"type":"MultiPoint","coordinates":[[-58.769811880790215,-38.160189544224295,0.0]]}},
{"type":"Feature","properties":{"id":null,"tipo":null,"Potencia":null,"Columna":null},"geometry":{"type":"MultiPoint","coordinates":[[-58.776774721439097,-38.160087556606143,0.0]]}},
{"type":"Feature","properties":{"id":null,"tipo":null,"Potencia":null,"Columna":null},"geometry":{"type":"MultiPoint","coordinates":[[-58.777004457122466,-38.160268153690502,0.0]]}},
{"type":"Feature","properties":{"id":null,"tipo":null,"Potencia":null,"Columna":null},"geometry":{"type":"MultiPoint","coordinates":[[-58.77721303817389,-38.16044853004712,0.0]]}},
{"type":"Feature","properties":{"id":null,"tipo":null,"Potencia":null,"Columna":null},"geometry":{"type":"MultiPoint","coordinates":[[-58.777470611894834,-38.160651691624487,0.0]]}}
]
}
